id,first_name,last_name,email,gender,ip_address
1,Romona,Forkan,rforkan0@businesswire.com,Bigender,128.57.51.180
2,Rhonda,Lammin,rlammin1@icio.us,Female,177.162.104.228
3,Hartley,Rittelmeyer,hrittelmeyer2@wix.com,Agender,19.142.108.195
4,Addie,Hellmer,ahellmer3@pinterest.com,Male,36.144.235.37
5,Devland,Gilvary,dgilvary4@sbwire.com,Polygender,83.97.188.38
6,Alphonse,Casado,acasado5@mediafire.com,Female,47.149.99.191
7,Elga,Feckey,efeckey6@wsj.com,Polygender,152.12.114.100
8,Jami,Hessentaler,jhessentaler7@gnu.org,Genderfluid,223.145.153.166
9,Wait,More,wmore8@topsy.com,Bigender,159.51.218.140
10,Shell,Spincke,sspincke9@utexas.edu,Male,163.5.70.123
11,Bernadette,Boustead,bbousteada@microsoft.com,Female,179.246.160.123
12,Donny,Dauney,ddauneyb@g.co,Bigender,7.183.223.242
13,Raff,Sumpton,rsumptonc@bizjournals.com,Non-binary,183.45.148.234
14,Selia,Milligan,smilligand@uol.com.br,Genderqueer,29.21.136.196
15,Johny,Merredy,jmerredye@smugmug.com,Genderqueer,83.39.212.102
16,Murray,Gullberg,mgullbergf@dot.gov,Male,194.203.191.35
17,Konstantin,Cleghorn,kcleghorng@tinypic.com,Polygender,144.100.140.213
18,Andreana,Lefever,alefeverh@java.com,Female,29.26.132.245
19,Dwayne,Shotboulte,dshotboultei@slideshare.net,Polygender,242.222.41.70
20,Marshal,Pottle,mpottlej@t.co,Genderqueer,115.71.144.201
21,Kylie,Davidowsky,kdavidowskyk@networkadvertising.org,Genderfluid,159.157.135.206
22,Marshall,Pittendreigh,mpittendreighl@cdbaby.com,Genderqueer,207.253.174.208
23,Bentlee,Laundon,blaundonm@msu.edu,Male,238.230.241.167
24,Wayne,Simonson,wsimonsonn@gnu.org,Polygender,242.248.70.72
25,Brent,Cicero,bciceroo@simplemachines.org,Male,133.33.217.137
26,Sashenka,Collough,scolloughp@umn.edu,Agender,20.165.252.67
27,Patsy,McGreil,pmcgreilq@comsenz.com,Bigender,166.114.84.17
28,Reed,Jobey,rjobeyr@dmoz.org,Male,73.192.132.228
29,Noble,Caldwell,ncaldwells@ucla.edu,Female,217.27.124.189
30,Wendye,Duesbury,wduesburyt@twitpic.com,Agender,117.152.200.160
31,Gae,Cahey,gcaheyu@cafepress.com,Non-binary,196.137.221.196
32,Pearla,Snow,psnowv@tamu.edu,Male,189.26.98.52
33,Amerigo,Staples,astaplesw@berkeley.edu,Genderqueer,214.171.220.236
34,Ursola,Suero,usuerox@pen.io,Female,234.98.167.138
35,Cyrus,Drawmer,cdrawmery@accuweather.com,Non-binary,161.239.40.144
36,Bjorn,MacGorley,bmacgorleyz@independent.co.uk,Female,93.152.220.74
37,Lilias,Heakey,lheakey10@marriott.com,Agender,90.159.82.151
38,Dorolisa,Cottisford,dcottisford11@wikia.com,Male,132.145.119.175
39,Laura,Verlander,lverlander12@smugmug.com,Male,135.82.227.63
40,Rutter,Troubridge,rtroubridge13@ucla.edu,Genderqueer,36.14.56.225
41,Elmer,Liebermann,eliebermann14@elpais.com,Polygender,152.182.139.187
42,Maridel,Pearcehouse,mpearcehouse15@netvibes.com,Agender,75.18.79.120
43,Cloris,Skeen,cskeen16@cdbaby.com,Genderfluid,57.233.107.247
44,Gretchen,Criag,gcriag17@google.pl,Female,98.242.193.107
45,Abigael,Lashmar,alashmar18@dailymotion.com,Female,137.15.101.58
46,Jefferson,Munning,jmunning19@github.io,Polygender,13.65.255.219
47,Alister,Liddicoat,aliddicoat1a@amazon.co.uk,Genderqueer,107.246.57.129
48,Torrin,Archbutt,tarchbutt1b@last.fm,Bigender,110.67.124.18
49,Ruperta,Bodd,rbodd1c@yahoo.co.jp,Genderqueer,144.112.248.103
50,Jacky,Shapera,jshapera1d@java.com,Polygender,34.30.5.252
51,Abigael,Tortoishell,atortoishell1e@diigo.com,Non-binary,14.21.243.138
52,Marius,Titchmarsh,mtitchmarsh1f@netlog.com,Genderqueer,134.22.236.34
53,Rickard,Blythin,rblythin1g@nps.gov,Polygender,238.72.79.42
54,Onida,Molson,omolson1h@cpanel.net,Genderqueer,83.217.208.173
55,Reinold,Kirke,rkirke1i@rediff.com,Agender,94.168.194.91
56,Magdalen,Mollene,mmollene1j@cbc.ca,Female,104.165.246.6
57,Ibrahim,Croyden,icroyden1k@springer.com,Genderqueer,2.147.26.73
58,Chandal,Leeke,cleeke1l@google.it,Non-binary,76.65.213.253
59,Marthe,Marr,mmarr1m@uol.com.br,Genderfluid,7.109.243.186
60,Cynthy,Sommerlin,csommerlin1n@bloglines.com,Bigender,150.87.101.232
61,Lavinia,McRonald,lmcronald1o@sourceforge.net,Genderqueer,156.231.68.173
62,Freedman,Sayle,fsayle1p@smh.com.au,Non-binary,209.61.36.192
63,Barrett,Plevin,bplevin1q@gov.uk,Non-binary,137.36.103.6
64,Shanan,Pourveer,spourveer1r@ibm.com,Genderfluid,92.129.117.13
65,Corie,Dadge,cdadge1s@walmart.com,Female,57.246.245.241
66,Fredericka,Dadley,fdadley1t@timesonline.co.uk,Agender,163.113.240.252
67,Vida,Guerriero,vguerriero1u@twitter.com,Agender,56.196.161.96
68,Rudie,Stormes,rstormes1v@wsj.com,Agender,87.45.170.36
69,Amos,Chessor,achessor1w@creativecommons.org,Male,229.133.95.254
70,Carolann,McConnell,cmcconnell1x@techcrunch.com,Non-binary,72.92.213.19
71,Donal,Kubacki,dkubacki1y@paypal.com,Non-binary,171.28.38.225
72,Melicent,Lancetter,mlancetter1z@lulu.com,Agender,83.240.53.167
73,Dukie,Padrick,dpadrick20@cafepress.com,Genderqueer,47.91.138.201
74,Robby,Gerrens,rgerrens21@digg.com,Non-binary,89.59.52.251
75,Papageno,Geraldo,pgeraldo22@samsung.com,Male,193.74.78.70
76,Kory,Went,kwent23@dyndns.org,Genderfluid,235.110.175.83
77,Tally,Binnes,tbinnes24@bloglovin.com,Polygender,58.228.139.40
78,Waylin,Ouchterlony,wouchterlony25@cocolog-nifty.com,Genderfluid,68.177.177.45
79,Evey,Moynham,emoynham26@google.it,Genderqueer,7.96.225.192
80,Valera,Luckwell,vluckwell27@booking.com,Male,41.238.147.201
81,Merridie,Giacopetti,mgiacopetti28@sciencedaily.com,Male,149.150.46.0
82,Caty,Juleff,cjuleff29@umich.edu,Non-binary,29.224.94.45
83,Warren,Rodgman,wrodgman2a@xrea.com,Non-binary,27.12.250.79
84,Krysta,Egarr,kegarr2b@scribd.com,Agender,115.17.31.157
85,Paten,Mowling,pmowling2c@wiley.com,Bigender,213.184.159.30
86,Sanford,Hast,shast2d@storify.com,Non-binary,250.95.220.89
87,Noelyn,Boules,nboules2e@google.co.uk,Female,88.59.217.75
88,Rozelle,Mocher,rmocher2f@imdb.com,Polygender,18.223.254.6
89,Bernie,Pudsey,bpudsey2g@spotify.com,Bigender,51.8.220.178
90,Del,O' Kelleher,dokelleher2h@usda.gov,Bigender,10.187.60.87
91,Arch,Shaxby,ashaxby2i@networkadvertising.org,Genderqueer,35.149.20.75
92,Odelia,Cheake,ocheake2j@surveymonkey.com,Male,247.244.125.73
93,Hamid,Colebeck,hcolebeck2k@google.co.uk,Bigender,91.182.146.205
94,Valentino,Crutchley,vcrutchley2l@google.de,Non-binary,204.224.178.170
95,Helene,Aspey,haspey2m@goo.ne.jp,Bigender,203.233.228.173
96,Ninnette,Tussaine,ntussaine2n@reference.com,Genderfluid,58.26.178.47
97,Cointon,Dilland,cdilland2o@netscape.com,Agender,37.22.105.22
98,Adela,Hamper,ahamper2p@cnn.com,Polygender,164.90.99.149
99,Kaitlyn,Vase,kvase2q@unesco.org,Polygender,176.160.203.28
100,Paul,Orlton,porlton2r@tmall.com,Genderqueer,221.155.187.145
101,Allys,Grigoletti,agrigoletti2s@yandex.ru,Polygender,147.100.149.232
102,Even,Elcome,eelcome2t@sciencedaily.com,Agender,3.146.36.210
103,Bret,Kezor,bkezor2u@wikipedia.org,Agender,112.191.62.131
104,Troy,Turrill,tturrill2v@hibu.com,Genderqueer,209.156.102.226
105,Allie,Westlake,awestlake2w@studiopress.com,Bigender,242.87.186.63
106,Claude,Puig,cpuig2x@hhs.gov,Bigender,245.42.149.78
107,Maximilien,McGurn,mmcgurn2y@desdev.cn,Non-binary,172.136.149.78
108,Clair,Fairbrother,cfairbrother2z@usa.gov,Female,75.21.205.196
109,Dinny,O'Concannon,doconcannon30@vinaora.com,Female,129.246.159.106
110,Buck,McQuie,bmcquie31@reference.com,Non-binary,28.225.191.29
111,Sheree,Giamo,sgiamo32@rakuten.co.jp,Bigender,24.8.115.100
112,Tootsie,Clemett,tclemett33@sitemeter.com,Bigender,107.30.29.122
113,Shandy,Dunbobbin,sdunbobbin34@vistaprint.com,Genderfluid,0.82.178.109
114,Maitilde,Ferrieroi,mferrieroi35@surveymonkey.com,Bigender,128.88.209.100
115,Aldis,Rickardsson,arickardsson36@chicagotribune.com,Male,56.127.22.150
116,Marney,Bewlay,mbewlay37@paginegialle.it,Male,57.151.203.190
117,Alie,Kleis,akleis38@ucsd.edu,Female,162.14.114.40
118,Morgun,Wakerley,mwakerley39@google.com,Genderqueer,102.27.114.25
119,Shelba,MacGow,smacgow3a@hc360.com,Male,53.172.44.43
120,Trumaine,Sidle,tsidle3b@npr.org,Bigender,98.133.51.202
121,Wernher,Yellowley,wyellowley3c@wikipedia.org,Genderqueer,145.237.92.37
122,Ingemar,Yansons,iyansons3d@shareasale.com,Female,230.79.18.180
123,See,Pimmocke,spimmocke3e@chicagotribune.com,Genderfluid,162.108.69.236
124,Storm,Janata,sjanata3f@hao123.com,Genderqueer,81.30.24.141
125,Max,Towndrow,mtowndrow3g@zimbio.com,Genderqueer,153.253.162.123
126,Modestia,Kehri,mkehri3h@com.com,Genderqueer,66.76.85.47
127,Shelia,Westnedge,swestnedge3i@hud.gov,Female,229.175.0.247
128,Brendin,Wallicker,bwallicker3j@merriam-webster.com,Male,198.21.48.38
129,Zarah,Hamson,zhamson3k@toplist.cz,Genderfluid,46.241.31.10
130,Ami,Olech,aolech3l@google.com.au,Bigender,25.17.153.42
131,Belinda,Duley,bduley3m@fastcompany.com,Polygender,68.68.199.113
132,Orelie,Bradick,obradick3n@quantcast.com,Agender,162.124.202.122
133,Horatius,Telford,htelford3o@imdb.com,Genderfluid,136.34.170.173
134,Merilee,Schlag,mschlag3p@skype.com,Genderqueer,150.66.214.43
135,Rennie,Shrive,rshrive3q@tiny.cc,Bigender,153.108.166.160
136,Barrie,Rand,brand3r@nba.com,Polygender,179.94.62.210
137,Tabitha,Southon,tsouthon3s@tamu.edu,Polygender,74.170.32.27
138,Dominique,Nellis,dnellis3t@sphinn.com,Non-binary,5.134.252.245
139,Rip,Daldan,rdaldan3u@newsvine.com,Genderqueer,76.169.170.149
140,Barthel,Petrovykh,bpetrovykh3v@google.com,Female,174.100.132.214
141,Bria,Elsie,belsie3w@upenn.edu,Polygender,195.178.10.47
142,Martelle,Court,mcourt3x@163.com,Agender,116.230.158.226
143,Mohandis,Ivermee,mivermee3y@howstuffworks.com,Female,0.30.209.173
144,Cris,Tams,ctams3z@jimdo.com,Polygender,146.79.221.93
145,Urban,Ellingham,uellingham40@unc.edu,Bigender,62.118.182.58
146,Bern,Trebilcock,btrebilcock41@flavors.me,Agender,25.161.6.176
147,Jemie,Mityushkin,jmityushkin42@google.com.hk,Male,227.182.3.24
148,Charlene,Ambrosini,cambrosini43@com.com,Agender,195.98.62.211
149,Lucilia,Wendover,lwendover44@stanford.edu,Polygender,163.143.155.190
150,Lorinda,Penhaligon,lpenhaligon45@utexas.edu,Genderfluid,142.25.204.17
151,Ezra,Lammers,elammers46@wired.com,Genderfluid,47.190.203.143
152,Lacy,Hedman,lhedman47@slate.com,Non-binary,140.108.176.43
153,Maximilian,Quantick,mquantick48@rakuten.co.jp,Female,187.253.234.163
154,Woodie,Turford,wturford49@amazon.de,Male,132.191.182.218
155,Urson,Barthel,ubarthel4a@ehow.com,Genderqueer,29.3.251.44
156,Redford,Mashro,rmashro4b@nba.com,Genderfluid,45.2.77.52
157,Happy,Backshill,hbackshill4c@bloglovin.com,Non-binary,12.186.52.250
158,Leilah,Smittoune,lsmittoune4d@discuz.net,Polygender,28.188.7.185
159,Grete,Cornwall,gcornwall4e@pinterest.com,Agender,176.142.187.219
160,Cynthie,Rosenboim,crosenboim4f@pagesperso-orange.fr,Agender,135.27.148.124
161,Karmen,Thewys,kthewys4g@themeforest.net,Female,123.103.125.177
162,Nonie,Couronne,ncouronne4h@xinhuanet.com,Genderfluid,109.99.247.88
163,Jessa,Creeber,jcreeber4i@google.es,Non-binary,99.51.75.210
164,Wallie,Bonaire,wbonaire4j@booking.com,Female,142.243.227.74
165,Lorinda,Blowfelde,lblowfelde4k@wisc.edu,Polygender,74.24.176.153
166,Tobye,Blowne,tblowne4l@sitemeter.com,Agender,10.227.191.175
167,Adrea,Yarrow,ayarrow4m@washingtonpost.com,Genderfluid,164.43.186.230
168,Fletch,Hilhouse,fhilhouse4n@adobe.com,Non-binary,214.2.230.31
169,Alvie,Tonbridge,atonbridge4o@arizona.edu,Genderfluid,116.27.231.205
170,Julian,Sturch,jsturch4p@unblog.fr,Non-binary,204.147.81.111
171,Quentin,Edelston,qedelston4q@epa.gov,Bigender,151.158.6.242
172,Ike,Fackrell,ifackrell4r@sitemeter.com,Polygender,6.19.253.111
173,Eward,Di Bartolomeo,edibartolomeo4s@weebly.com,Non-binary,89.163.243.249
174,Sidney,Hayth,shayth4t@digg.com,Non-binary,178.129.77.194
175,Shawnee,Sheather,ssheather4u@bluehost.com,Male,8.64.39.52
176,Beniamino,Mallatratt,bmallatratt4v@abc.net.au,Genderfluid,75.110.83.192
177,Filberte,Pacey,fpacey4w@t-online.de,Bigender,158.75.21.159
178,Mira,Seakes,mseakes4x@wordpress.org,Male,115.178.211.160
179,Findlay,Womersley,fwomersley4y@ow.ly,Genderfluid,22.151.215.50
180,Benedicto,Allom,ballom4z@dedecms.com,Agender,250.113.201.85
181,Pincas,Alentyev,palentyev50@europa.eu,Genderfluid,85.145.242.77
182,Terza,Domenico,tdomenico51@si.edu,Female,90.219.214.111
183,Jessika,Jebb,jjebb52@yelp.com,Agender,118.24.201.152
184,Jocelyn,O'Mara,jomara53@t-online.de,Male,104.80.104.111
185,Dieter,Eagleston,deagleston54@friendfeed.com,Bigender,139.1.107.15
186,Zach,Bromige,zbromige55@uol.com.br,Non-binary,27.130.216.132
187,Alfie,Stannett,astannett56@theatlantic.com,Polygender,85.18.237.17
188,Almeria,Yve,ayve57@tiny.cc,Bigender,79.246.224.244
189,Garvey,Ellit,gellit58@sun.com,Male,212.93.49.253
190,Jami,Linnett,jlinnett59@theatlantic.com,Polygender,51.235.204.242
191,King,Di Biagi,kdibiagi5a@yelp.com,Agender,238.43.48.151
192,Siusan,Pritchitt,spritchitt5b@adobe.com,Genderfluid,7.12.157.253
193,Wilone,Scud,wscud5c@wikimedia.org,Polygender,220.28.119.40
194,Mavis,Werendell,mwerendell5d@dot.gov,Agender,29.157.172.40
195,Davidde,Elcum,delcum5e@miitbeian.gov.cn,Polygender,10.213.198.115
196,Hardy,Simonian,hsimonian5f@cbsnews.com,Male,33.213.219.245
197,Kearney,Swannick,kswannick5g@i2i.jp,Male,110.188.8.144
198,Aubrie,Schofield,aschofield5h@vistaprint.com,Bigender,168.6.66.115
199,Nels,Boyer,nboyer5i@sohu.com,Genderqueer,133.175.117.45
200,Isabelita,Mc Caughan,imccaughan5j@artisteer.com,Genderfluid,187.230.161.253
201,Ruthie,Perrett,rperrett5k@nifty.com,Non-binary,28.238.105.45
202,Debor,Zumbusch,dzumbusch5l@jiathis.com,Non-binary,219.132.115.9
203,Rebe,Cundict,rcundict5m@creativecommons.org,Bigender,241.55.18.216
204,Bertram,Wettern,bwettern5n@marriott.com,Genderqueer,219.247.46.147
205,Maggy,Amesbury,mamesbury5o@kickstarter.com,Non-binary,238.151.239.161
206,Rossie,Lampard,rlampard5p@wix.com,Bigender,64.48.209.112
207,Enoch,Manclark,emanclark5q@elegantthemes.com,Non-binary,86.239.56.237
208,Alistair,Willows,awillows5r@wix.com,Female,64.145.46.31
209,Kala,Bockh,kbockh5s@auda.org.au,Bigender,118.32.208.136
210,Dugald,Surby,dsurby5t@miibeian.gov.cn,Genderfluid,178.166.31.167
211,Herbie,Torfin,htorfin5u@wikispaces.com,Non-binary,23.178.199.63
212,Laverna,De Bruijn,ldebruijn5v@dion.ne.jp,Agender,96.161.143.248
213,Nanice,Tupling,ntupling5w@nationalgeographic.com,Genderqueer,175.216.51.73
214,Olympia,Peotz,opeotz5x@loc.gov,Genderqueer,112.248.18.227
215,Hubie,Mashal,hmashal5y@si.edu,Bigender,23.244.146.246
216,Bekki,Sewart,bsewart5z@senate.gov,Male,19.150.232.136
217,Durant,Orbell,dorbell60@craigslist.org,Agender,34.64.33.249
218,Jessamyn,Minkin,jminkin61@scientificamerican.com,Polygender,126.248.95.84
219,Wallie,Varren,wvarren62@nature.com,Male,98.74.27.209
220,Danita,Challiss,dchalliss63@devhub.com,Non-binary,220.41.188.63
221,Kareem,Unthank,kunthank64@biglobe.ne.jp,Bigender,190.127.40.136
222,Victor,Dunford,vdunford65@sakura.ne.jp,Non-binary,68.212.246.18
223,Susie,Levey,slevey66@gizmodo.com,Genderfluid,175.38.36.88
224,Amerigo,Fugere,afugere67@51.la,Bigender,113.38.186.75
225,Blanca,Ben-Aharon,bbenaharon68@nps.gov,Genderfluid,231.32.11.199
226,Nanni,Peachment,npeachment69@wisc.edu,Genderqueer,223.148.185.167
227,Gordon,Donaghy,gdonaghy6a@usda.gov,Non-binary,163.123.87.174
228,Thacher,Ray,tray6b@yale.edu,Bigender,214.36.45.190
229,Sande,Jojic,sjojic6c@altervista.org,Genderfluid,244.202.232.172
230,Pattie,Hearse,phearse6d@bloglines.com,Agender,182.45.147.251
231,Lizzie,Twopenny,ltwopenny6e@bravesites.com,Bigender,118.174.62.42
232,Joyan,Costy,jcosty6f@ucoz.ru,Bigender,166.208.136.131
233,Margie,Corrison,mcorrison6g@imdb.com,Male,216.77.227.173
234,Antony,Casaccia,acasaccia6h@1688.com,Polygender,44.221.31.34
235,Aldo,Hallows,ahallows6i@ow.ly,Bigender,40.166.65.239
236,Calvin,Belleny,cbelleny6j@wikispaces.com,Polygender,39.100.66.162
237,Gerrard,Mearing,gmearing6k@guardian.co.uk,Polygender,76.196.130.24
238,Sibyl,McGrey,smcgrey6l@netlog.com,Agender,134.18.14.210
239,Ynes,Ethington,yethington6m@ucoz.com,Polygender,152.255.201.205
240,Aurea,Layson,alayson6n@uiuc.edu,Male,143.34.45.254
241,Larisa,Polland,lpolland6o@who.int,Genderfluid,123.17.186.244
242,Napoleon,Leete,nleete6p@cdc.gov,Genderqueer,153.34.47.225
243,Jessi,Varley,jvarley6q@diigo.com,Polygender,147.44.59.57
244,Goober,Hurran,ghurran6r@flavors.me,Polygender,240.2.189.125
245,Gnni,Olander,golander6s@blogger.com,Non-binary,170.248.182.37
246,Cello,Lichtfoth,clichtfoth6t@sfgate.com,Bigender,69.123.150.158
247,Honor,O'Reagan,horeagan6u@forbes.com,Genderqueer,27.41.174.208
248,Leola,Davidovsky,ldavidovsky6v@pbs.org,Male,201.191.87.15
249,Kissiah,Venables,kvenables6w@clickbank.net,Female,236.121.233.125
250,Georgy,Bartoszewicz,gbartoszewicz6x@example.com,Non-binary,50.112.41.195
251,Zea,Lavis,zlavis6y@newsvine.com,Bigender,106.70.69.173
252,Dwain,Siddell,dsiddell6z@mozilla.org,Female,171.79.224.110
253,Dulci,Dominguez,ddominguez70@dell.com,Agender,207.37.251.204
254,Erwin,Nassi,enassi71@disqus.com,Genderqueer,238.73.106.155
255,Filide,Guerin,fguerin72@google.com.hk,Non-binary,94.158.228.14
256,Carter,Vere,cvere73@mac.com,Polygender,29.180.44.254
257,Ronny,Tyhurst,rtyhurst74@yahoo.com,Bigender,57.97.90.109
258,Siusan,Pixton,spixton75@webs.com,Polygender,66.181.85.118
259,Valina,Moscone,vmoscone76@tinypic.com,Polygender,187.158.23.200
260,Lyndell,Bewshire,lbewshire77@nytimes.com,Male,27.208.187.188
261,Ottilie,Fuller,ofuller78@wordpress.org,Genderqueer,117.204.135.158
262,Brianne,Ochterlony,bochterlony79@soundcloud.com,Agender,46.1.52.208
263,Brigida,Popley,bpopley7a@themeforest.net,Non-binary,198.34.122.130
264,Berri,Barnshaw,bbarnshaw7b@google.it,Male,153.138.116.191
265,Vincent,Tooker,vtooker7c@opensource.org,Female,12.141.246.237
266,Cari,Sivewright,csivewright7d@technorati.com,Male,215.5.246.223
267,Elston,Bromage,ebromage7e@constantcontact.com,Genderqueer,218.6.220.248
268,Faulkner,Keam,fkeam7f@foxnews.com,Polygender,94.118.225.189
269,Breanne,Goodenough,bgoodenough7g@posterous.com,Agender,127.215.17.125
270,Caitrin,Kasper,ckasper7h@hp.com,Bigender,112.100.162.235
271,Abdel,Fernez,afernez7i@furl.net,Female,171.34.144.51
272,Tristan,Beavis,tbeavis7j@typepad.com,Female,175.224.141.168
273,Candie,Eisig,ceisig7k@statcounter.com,Genderfluid,206.29.185.74
274,Raquela,Curgenven,rcurgenven7l@theguardian.com,Male,178.152.135.64
275,Norris,Ingray,ningray7m@biglobe.ne.jp,Male,132.69.83.207
276,Sanderson,Goard,sgoard7n@amazon.co.jp,Female,243.59.87.225
277,Nicoline,Davidovitz,ndavidovitz7o@rambler.ru,Genderqueer,234.106.212.47
278,Benedict,Martellini,bmartellini7p@baidu.com,Genderfluid,114.168.101.247
279,Shirley,Macci,smacci7q@netvibes.com,Male,106.80.77.121
280,Maryann,Lough,mlough7r@merriam-webster.com,Bigender,170.229.209.31
281,Anne-marie,Ridding,aridding7s@theglobeandmail.com,Female,171.216.155.24
282,Leesa,Koomar,lkoomar7t@washingtonpost.com,Genderfluid,174.252.65.37
283,Cherish,Frugier,cfrugier7u@mapquest.com,Agender,58.36.213.30
284,Edward,Fowley,efowley7v@artisteer.com,Male,48.212.215.180
285,Anthea,Moxon,amoxon7w@bluehost.com,Genderqueer,99.127.105.36
286,Sylvia,Colt,scolt7x@digg.com,Male,14.27.133.205
287,Zuzana,Roberds,zroberds7y@nasa.gov,Genderqueer,212.99.199.118
288,Andie,Sambals,asambals7z@dion.ne.jp,Female,233.83.2.179
289,Nettie,Siburn,nsiburn80@va.gov,Bigender,55.34.220.106
290,Nero,Ballach,nballach81@webmd.com,Male,199.151.67.186
291,Brod,Ivan,bivan82@hexun.com,Genderqueer,11.134.91.132
292,Pall,Ruselin,pruselin83@google.es,Non-binary,5.229.43.27
293,Ursuline,Seamark,useamark84@networksolutions.com,Genderqueer,114.195.196.172
294,Venus,Gerleit,vgerleit85@icq.com,Non-binary,50.115.142.236
295,Dyane,MacTerrelly,dmacterrelly86@blogs.com,Polygender,7.144.120.184
296,Bridgette,Bowers,bbowers87@cloudflare.com,Genderfluid,70.139.187.129
297,Hillier,Behagg,hbehagg88@utexas.edu,Male,74.228.65.116
298,Zena,Dealey,zdealey89@blogtalkradio.com,Genderfluid,149.181.199.102
299,Gennie,Marmon,gmarmon8a@stumbleupon.com,Polygender,112.18.54.96
300,Killian,Quayle,kquayle8b@mail.ru,Non-binary,98.186.126.252
301,Briana,O'Gleasane,bogleasane8c@indiegogo.com,Polygender,118.249.249.142
302,Carmine,Cessford,ccessford8d@usnews.com,Genderqueer,242.214.188.100
303,Corny,Caville,ccaville8e@cmu.edu,Agender,187.114.204.13
304,Ardella,O'Tierney,aotierney8f@sina.com.cn,Polygender,180.38.253.190
305,Noelyn,Dust,ndust8g@discovery.com,Bigender,73.220.16.95
306,Vyky,Folkerts,vfolkerts8h@mtv.com,Female,209.17.26.88
307,Kristi,Peetermann,kpeetermann8i@rediff.com,Female,32.103.197.186
308,Jorey,Feore,jfeore8j@geocities.com,Polygender,158.114.42.179
309,Virginia,Lille,vlille8k@wisc.edu,Agender,62.151.165.67
310,Marys,Sloat,msloat8l@xing.com,Genderfluid,70.108.42.30
311,Devora,Marwood,dmarwood8m@home.pl,Non-binary,169.201.141.24
312,Rosalie,Sackes,rsackes8n@flavors.me,Polygender,41.20.43.12
313,Gae,Bartoshevich,gbartoshevich8o@amazon.com,Agender,125.232.71.250
314,Dre,Jantet,djantet8p@baidu.com,Polygender,89.117.110.34
315,Xena,Jeschner,xjeschner8q@123-reg.co.uk,Male,5.194.106.246
316,Julieta,Holyland,jholyland8r@goodreads.com,Genderqueer,158.221.185.252
317,Ximenez,Hancorn,xhancorn8s@yahoo.co.jp,Female,15.85.84.50
318,Karel,Marcome,kmarcome8t@google.ca,Polygender,159.86.4.13
319,Adena,Brenston,abrenston8u@mozilla.com,Female,246.241.73.170
320,Jordan,Moline,jmoline8v@state.tx.us,Non-binary,208.88.81.246
321,Carmella,Kalewe,ckalewe8w@wordpress.org,Bigender,138.55.237.44
322,Markos,Grishkov,mgrishkov8x@amazonaws.com,Agender,40.226.43.254
323,Felipe,Zarfati,fzarfati8y@jiathis.com,Genderqueer,200.140.142.236
324,Nonah,Tennet,ntennet8z@joomla.org,Genderqueer,29.28.57.51
325,Pavia,Beernaert,pbeernaert90@webmd.com,Polygender,100.99.141.117
326,Elset,Cranny,ecranny91@taobao.com,Genderqueer,83.76.21.155
327,Verge,Jackways,vjackways92@instagram.com,Female,52.63.150.119
328,Edithe,Crosfeld,ecrosfeld93@independent.co.uk,Polygender,91.226.154.77
329,Bert,Antonutti,bantonutti94@wsj.com,Female,240.219.78.106
330,Rockwell,Horsewood,rhorsewood95@tinyurl.com,Bigender,48.133.106.140
331,Jeannine,Bridgman,jbridgman96@spiegel.de,Agender,213.138.149.76
332,Cal,Maun,cmaun97@devhub.com,Female,224.19.247.87
333,Valencia,Moxham,vmoxham98@rakuten.co.jp,Male,226.100.159.48
334,Creighton,Kerrod,ckerrod99@google.es,Male,236.171.9.160
335,Michaella,Armin,marmin9a@toplist.cz,Polygender,149.34.5.41
336,Ranna,Twinborough,rtwinborough9b@list-manage.com,Polygender,88.90.14.82
337,Layton,Brewster,lbrewster9c@jigsy.com,Genderfluid,0.37.15.67
338,Meridith,Latus,mlatus9d@altervista.org,Non-binary,134.237.220.95
339,Glenden,Busen,gbusen9e@wiley.com,Agender,140.33.30.214
340,Elsbeth,Wilmore,ewilmore9f@slideshare.net,Female,78.249.92.227
341,Ezequiel,Occleshaw,eoccleshaw9g@opensource.org,Genderqueer,101.62.38.162
342,Gerta,MacIlory,gmacilory9h@ucoz.ru,Genderqueer,120.161.54.65
343,Dominica,Rydzynski,drydzynski9i@yellowpages.com,Genderfluid,87.26.43.196
344,Tedmund,Bahls,tbahls9j@businesswire.com,Female,157.69.216.92
345,Gianni,Slayton,gslayton9k@hibu.com,Male,205.2.137.81
346,Alison,Alvarado,aalvarado9l@yahoo.com,Agender,212.250.140.170
347,Willi,Scotchmoor,wscotchmoor9m@google.co.uk,Bigender,218.255.184.92
348,Martica,Pershouse,mpershouse9n@fda.gov,Polygender,13.169.143.12
349,Irene,Muckleston,imuckleston9o@harvard.edu,Polygender,141.249.228.98
350,Bethina,Rowsel,browsel9p@intel.com,Female,191.250.33.135
351,Tracey,Heikkinen,theikkinen9q@odnoklassniki.ru,Bigender,26.76.141.170
352,Klarrisa,Aughton,kaughton9r@cnbc.com,Polygender,160.92.179.138
353,Merna,Shilvock,mshilvock9s@yelp.com,Male,1.133.201.225
354,Hewet,Eynald,heynald9t@sbwire.com,Non-binary,107.44.59.128
355,Fransisco,Pavese,fpavese9u@myspace.com,Agender,251.125.52.224
356,Silvano,Gilman,sgilman9v@princeton.edu,Genderfluid,18.59.154.135
357,Katheryn,McLice,kmclice9w@walmart.com,Male,97.50.147.235
358,Asher,Medd,amedd9x@wix.com,Female,73.72.192.151
359,Georgette,Etteridge,getteridge9y@pinterest.com,Polygender,37.221.72.153
360,Haslett,Brokenbrow,hbrokenbrow9z@usnews.com,Female,169.219.242.222
361,Elfreda,Ryhorovich,eryhorovicha0@angelfire.com,Genderfluid,121.2.99.251
362,Willetta,Lukacs,wlukacsa1@google.de,Agender,113.55.103.52
363,Marsiella,Hasker,mhaskera2@tiny.cc,Non-binary,94.53.170.207
364,Tammy,Lindenberg,tlindenberga3@plala.or.jp,Polygender,221.150.28.129
365,Lucille,Chippindall,lchippindalla4@slate.com,Non-binary,176.229.217.69
366,Kakalina,Pedlar,kpedlara5@who.int,Polygender,86.149.82.2
367,Cesare,Renackowna,crenackownaa6@360.cn,Bigender,35.16.198.227
368,Xena,Meere,xmeerea7@etsy.com,Bigender,63.28.166.158
369,Sayres,See,sseea8@meetup.com,Male,197.145.26.220
370,Denise,Ipsley,dipsleya9@issuu.com,Polygender,242.193.221.227
371,Blayne,Capstick,bcapstickaa@sourceforge.net,Bigender,196.75.22.251
372,Mariann,Hinstridge,mhinstridgeab@comcast.net,Bigender,167.26.62.133
373,Simone,Wickliffe,swickliffeac@eepurl.com,Non-binary,173.18.229.187
374,Stan,Rove,srovead@about.me,Bigender,199.31.232.50
375,Michel,Carhart,mcarhartae@nature.com,Bigender,225.194.98.100
376,Shara,Hegley,shegleyaf@miitbeian.gov.cn,Genderfluid,46.81.92.125
377,Packston,Mutlow,pmutlowag@linkedin.com,Polygender,40.26.142.173
378,Lonnie,Bengall,lbengallah@bloomberg.com,Non-binary,88.211.216.126
379,Marlane,Kester,mkesterai@discuz.net,Polygender,50.116.134.105
380,Owen,Bartoszewski,obartoszewskiaj@deliciousdays.com,Genderqueer,37.238.12.198
381,Gwen,Spriggs,gspriggsak@bloomberg.com,Non-binary,125.155.121.67
382,Les,Lockyear,llockyearal@bigcartel.com,Male,235.138.236.66
383,Willette,Marvel,wmarvelam@moonfruit.com,Agender,104.248.86.141
384,Brunhilde,Boam,bboaman@flavors.me,Male,143.52.18.128
385,Clarinda,Danilevich,cdanilevichao@imdb.com,Genderfluid,62.71.85.248
386,Abe,Hartgill,ahartgillap@simplemachines.org,Agender,146.187.121.178
387,Bryan,Batho,bbathoaq@icq.com,Genderfluid,244.225.106.186
388,Ardine,Carradice,acarradicear@globo.com,Female,234.220.49.234
389,Rici,Windley,rwindleyas@cisco.com,Female,229.114.172.150
390,Lissie,Perview,lperviewat@statcounter.com,Male,0.152.153.161
391,Charmian,Frankcomb,cfrankcombau@acquirethisname.com,Genderqueer,37.230.230.54
392,Abbye,Yearnes,ayearnesav@wp.com,Genderfluid,80.124.177.212
393,Berty,Gatheral,bgatheralaw@wunderground.com,Genderqueer,131.212.235.44
394,Kora,Waddell,kwaddellax@mozilla.org,Bigender,110.30.92.190
395,Kerry,Overstall,koverstallay@cyberchimps.com,Female,179.214.251.249
396,Flinn,Farbrace,ffarbraceaz@over-blog.com,Non-binary,17.106.111.18
397,Carroll,Towhey,ctowheyb0@tinyurl.com,Genderqueer,107.144.233.115
398,Marla,Oran,moranb1@noaa.gov,Female,250.232.162.116
399,Janenna,Thornham,jthornhamb2@prnewswire.com,Genderqueer,190.195.177.229
400,Nicolette,Keyho,nkeyhob3@sfgate.com,Genderqueer,118.222.37.212
401,Taffy,Vuittet,tvuittetb4@wikispaces.com,Female,3.108.180.181
402,Arman,Jaxon,ajaxonb5@privacy.gov.au,Genderfluid,212.224.61.36
403,Sibylla,Darter,sdarterb6@walmart.com,Non-binary,223.203.86.35
404,Paddie,Fergie,pfergieb7@marketwatch.com,Bigender,38.88.46.56
405,Dorie,Mart,dmartb8@myspace.com,Genderfluid,11.232.245.31
406,Jacqui,Whitford,jwhitfordb9@discovery.com,Bigender,30.199.191.113
407,Rici,Kimbrey,rkimbreyba@geocities.jp,Non-binary,122.141.173.105
408,Anetta,MacPaike,amacpaikebb@unicef.org,Bigender,27.208.176.103
409,Curcio,Eudall,ceudallbc@purevolume.com,Female,189.55.232.228
410,Oby,Shoemark,oshoemarkbd@example.com,Non-binary,6.207.61.134
411,Jayme,Brandino,jbrandinobe@furl.net,Male,56.24.104.205
412,Annis,Clemonts,aclemontsbf@webnode.com,Bigender,137.48.173.145
413,Mac,Kisbee,mkisbeebg@si.edu,Female,157.76.76.192
414,Timmie,Savil,tsavilbh@163.com,Female,56.56.170.70
415,Blayne,Bloxsom,bbloxsombi@europa.eu,Genderfluid,177.83.245.202
416,Jamey,Mealiffe,jmealiffebj@studiopress.com,Female,184.158.24.147
417,Yvonne,Senussi,ysenussibk@oakley.com,Genderfluid,232.122.245.197
418,Keely,Megroff,kmegroffbl@edublogs.org,Bigender,21.252.212.226
419,Bartel,Spaduzza,bspaduzzabm@goodreads.com,Agender,181.77.201.138
420,Beckie,Josefowicz,bjosefowiczbn@youku.com,Agender,33.225.164.133
421,Daffie,Checcuzzi,dcheccuzzibo@cam.ac.uk,Bigender,216.235.207.247
422,Jeramey,Twydell,jtwydellbp@hud.gov,Polygender,70.170.232.202
423,Cassandry,Ravenhill,cravenhillbq@hexun.com,Female,185.43.99.37
424,Sam,Tapner,stapnerbr@blinklist.com,Female,87.181.97.89
425,Giffie,Boyn,gboynbs@behance.net,Non-binary,208.238.180.168
426,Paige,Mecco,pmeccobt@homestead.com,Genderfluid,223.163.175.219
427,Gates,Fairbank,gfairbankbu@yale.edu,Genderqueer,149.66.226.245
428,Hadley,Colthurst,hcolthurstbv@state.gov,Male,176.86.94.239
429,Malorie,Hurdwell,mhurdwellbw@com.com,Bigender,235.185.21.9
430,Eleonora,Raithmill,eraithmillbx@freewebs.com,Male,86.225.195.232
431,Ondrea,Bugler,obuglerby@yolasite.com,Male,1.195.164.210
432,Odelinda,Seyfart,oseyfartbz@npr.org,Genderqueer,105.9.242.80
433,Cobby,Jodlowski,cjodlowskic0@google.de,Genderfluid,15.36.57.119
434,Etheline,Monnoyer,emonnoyerc1@prnewswire.com,Bigender,75.18.226.165
435,Sutherland,Trussell,strussellc2@lycos.com,Genderqueer,131.20.127.145
436,Vera,Broodes,vbroodesc3@blogs.com,Genderqueer,57.130.253.12
437,Gilda,Gostyke,ggostykec4@vimeo.com,Polygender,135.195.175.2
438,Farand,Culshew,fculshewc5@oracle.com,Polygender,28.8.235.49
439,Cobb,Delve,cdelvec6@php.net,Bigender,182.59.222.60
440,Leyla,Oglesbee,loglesbeec7@goodreads.com,Genderfluid,84.98.253.195
441,Shelba,Burfitt,sburfittc8@hp.com,Female,129.158.141.98
442,Bordy,Willgrass,bwillgrassc9@instagram.com,Agender,218.108.139.208
443,Jacqui,Chatten,jchattenca@forbes.com,Non-binary,13.40.150.101
444,Glenn,Armsby,garmsbycb@aboutads.info,Female,61.234.223.85
445,Christiane,Fossey,cfosseycc@zdnet.com,Genderfluid,234.210.223.151
446,Genna,Krysiak,gkrysiakcd@ask.com,Agender,115.62.50.77
447,Martin,Ambrogioli,mambrogiolice@psu.edu,Genderfluid,70.155.4.232
448,Netti,Bulpitt,nbulpittcf@si.edu,Female,180.156.30.227
449,Cora,Burdytt,cburdyttcg@drupal.org,Female,188.7.148.92
450,Elsie,Tittershill,etittershillch@sitemeter.com,Bigender,35.106.181.26
451,Ellissa,Wyss,ewyssci@house.gov,Female,185.119.188.241
452,Emeline,Cockerill,ecockerillcj@hhs.gov,Genderqueer,180.47.142.210
453,Sibley,Sharer,ssharerck@loc.gov,Bigender,99.244.247.186
454,Elisabetta,Diprose,ediprosecl@newsvine.com,Polygender,203.195.203.159
455,Chalmers,Carnier,ccarniercm@com.com,Male,47.229.18.40
456,Melosa,Cholmondeley,mcholmondeleycn@alexa.com,Genderqueer,80.84.220.209
457,Arturo,Rusk,aruskco@nhs.uk,Bigender,65.70.119.171
458,Tessy,Turnell,tturnellcp@technorati.com,Agender,127.15.155.241
459,Denise,Truckell,dtruckellcq@jugem.jp,Non-binary,158.9.12.35
460,Sabrina,Offer,soffercr@ucla.edu,Genderfluid,220.92.33.17
461,Byron,Alexander,balexandercs@pinterest.com,Non-binary,141.163.152.184
462,Arabela,Halle,ahallect@histats.com,Polygender,92.99.169.200
463,Doe,Bowhey,dbowheycu@intel.com,Female,47.58.33.9
464,Rebecca,Bax,rbaxcv@latimes.com,Genderqueer,79.8.171.251
465,Bobby,Waterfield,bwaterfieldcw@hibu.com,Male,118.11.180.97
466,Gerry,Adamov,gadamovcx@nytimes.com,Agender,177.21.172.112
467,Lenka,Tremelling,ltremellingcy@netscape.com,Non-binary,217.217.71.213
468,Brenn,Gummary,bgummarycz@surveymonkey.com,Bigender,119.148.129.174
469,Lothaire,Grzegorzewski,lgrzegorzewskid0@nbcnews.com,Genderfluid,100.170.194.148
470,Annie,Pallent,apallentd1@narod.ru,Male,77.206.65.62
471,Zachery,Balding,zbaldingd2@com.com,Genderfluid,244.151.147.43
472,Herta,Ellul,helluld3@etsy.com,Male,249.113.58.146
473,Angelia,Greystock,agreystockd4@booking.com,Polygender,235.45.99.98
474,Aimil,Ligertwood,aligertwoodd5@etsy.com,Male,128.216.160.103
475,Elsinore,Pifford,epiffordd6@businessinsider.com,Genderfluid,134.67.226.136
476,Fayre,Paolucci,fpaoluccid7@house.gov,Bigender,83.235.92.178
477,Stuart,Stitch,sstitchd8@is.gd,Genderqueer,103.61.200.107
478,Lois,Casini,lcasinid9@plala.or.jp,Male,159.180.187.188
479,Wit,Safhill,wsafhillda@stanford.edu,Non-binary,9.108.104.149
480,Kermie,Wrintmore,kwrintmoredb@indiatimes.com,Agender,155.133.146.101
481,Carmelita,McMurrugh,cmcmurrughdc@nhs.uk,Polygender,190.117.127.3
482,Genni,Sybbe,gsybbedd@gnu.org,Polygender,5.18.162.134
483,Dick,Stannett,dstannettde@house.gov,Bigender,242.123.151.234
484,Tomasina,Bortoletti,tbortolettidf@qq.com,Male,41.166.161.148
485,Mortimer,Stredwick,mstredwickdg@infoseek.co.jp,Genderqueer,177.220.122.64
486,Nichol,Welfare,nwelfaredh@home.pl,Male,252.116.231.36
487,Mile,Bunford,mbunforddi@domainmarket.com,Polygender,121.51.148.227
488,Danyette,Pele,dpeledj@webs.com,Polygender,47.30.69.99
489,Beau,Biggans,bbiggansdk@twitpic.com,Genderfluid,108.182.4.170
490,Guenna,Kenningley,gkenningleydl@huffingtonpost.com,Male,197.62.97.70
491,Wallis,Florio,wfloriodm@last.fm,Non-binary,248.94.136.27
492,Bellina,Rolston,brolstondn@ucoz.com,Genderfluid,83.133.166.65
493,Nettle,Maving,nmavingdo@princeton.edu,Bigender,55.125.141.194
494,Mabelle,D'eath,mdeathdp@dell.com,Bigender,207.43.174.103
495,Mia,Abbado,mabbadodq@amazon.de,Male,85.156.54.123
496,Dionisio,Fifield,dfifielddr@exblog.jp,Male,17.121.27.202
497,Caleb,Neesam,cneesamds@w3.org,Polygender,147.139.56.193
498,Reeta,Giffard,rgiffarddt@disqus.com,Female,36.117.95.110
499,Basil,Whiles,bwhilesdu@ning.com,Genderfluid,104.234.137.200
500,Zerk,MacGiany,zmacgianydv@zdnet.com,Female,232.108.200.203
501,Finlay,Coverdill,fcoverdilldw@bravesites.com,Female,154.151.108.140
502,Analise,Sambrok,asambrokdx@europa.eu,Non-binary,223.45.8.236
503,Adrienne,Le Claire,aleclairedy@techcrunch.com,Polygender,169.135.76.224
504,Rosemonde,Potkins,rpotkinsdz@accuweather.com,Non-binary,53.99.202.63
505,Lyndy,Gason,lgasone0@hexun.com,Bigender,190.252.222.24
506,Milzie,Mayou,mmayoue1@technorati.com,Female,92.168.35.179
507,Peta,Aireton,pairetone2@auda.org.au,Genderfluid,70.32.223.163
508,Sallyanne,Roskrug,sroskruge3@drupal.org,Non-binary,53.201.116.39
509,Joyous,Collomosse,jcollomossee4@fotki.com,Male,138.181.68.217
510,Filberto,Wortley,fwortleye5@ameblo.jp,Bigender,180.168.0.36
511,Nat,Fahey,nfaheye6@smh.com.au,Non-binary,67.9.67.1
512,Carola,Lantuffe,clantuffee7@example.com,Genderqueer,182.177.118.25
513,Quinn,Lissenden,qlissendene8@miitbeian.gov.cn,Agender,174.134.226.180
514,Darelle,Giorgiutti,dgiorgiuttie9@vk.com,Female,54.148.226.245
515,Patten,Insall,pinsallea@live.com,Genderfluid,236.181.57.241
516,Diann,Clarricoates,dclarricoateseb@altervista.org,Female,81.51.232.129
517,Archer,Delacroux,adelacrouxec@devhub.com,Polygender,221.103.241.82
518,Jens,Drohan,jdrohaned@stumbleupon.com,Polygender,38.61.51.87
519,George,Lyte,glyteee@comsenz.com,Genderqueer,144.251.226.177
520,Felicia,Scintsbury,fscintsburyef@newsvine.com,Male,54.217.255.47
521,Hamlin,Causby,hcausbyeg@wsj.com,Female,217.169.211.5
522,Velma,MacLachlan,vmaclachlaneh@nymag.com,Polygender,85.183.140.187
523,Rochell,Allnatt,rallnattei@dropbox.com,Genderfluid,250.79.11.211
524,Almeria,Stubs,astubsej@cloudflare.com,Genderfluid,249.174.168.125
525,Felisha,Kigelman,fkigelmanek@google.it,Non-binary,180.221.145.94
526,Teriann,O' Mulderrig,tomulderrigel@cam.ac.uk,Bigender,190.67.23.206
527,Leigh,Stranaghan,lstranaghanem@va.gov,Genderfluid,60.50.208.104
528,Desi,Comellini,dcomellinien@wiley.com,Genderqueer,64.153.239.120
529,Prissie,Ducker,pduckereo@abc.net.au,Male,28.153.247.59
530,Ingunna,Brompton,ibromptonep@house.gov,Polygender,125.128.53.148
531,Alf,Paoletti,apaolettieq@google.co.jp,Polygender,106.126.188.180
532,Kelley,Duxbury,kduxburyer@simplemachines.org,Polygender,240.242.32.102
533,Luca,Garratt,lgarrattes@e-recht24.de,Female,48.25.186.75
534,Joachim,Roper,jroperet@barnesandnoble.com,Genderfluid,43.110.20.226
535,Anstice,McCandless,amccandlesseu@yolasite.com,Non-binary,89.95.26.145
536,Georg,Watsham,gwatshamev@irs.gov,Non-binary,161.215.105.19
537,Danell,Torbard,dtorbardew@tinyurl.com,Male,118.253.214.138
538,Bethany,Twiddy,btwiddyex@cbc.ca,Agender,69.236.106.6
539,Ferd,Whelpdale,fwhelpdaleey@shop-pro.jp,Genderqueer,120.79.21.45
540,Hanna,Erratt,herrattez@hexun.com,Genderqueer,243.19.106.204
541,Ansell,Martensen,amartensenf0@toplist.cz,Genderfluid,82.236.17.230
542,Eugene,Enderwick,eenderwickf1@cam.ac.uk,Genderqueer,222.77.113.161
543,Allie,Lowey,aloweyf2@techcrunch.com,Polygender,46.193.23.251
544,Debbi,Blazewski,dblazewskif3@sina.com.cn,Genderfluid,6.230.41.206
545,Isaak,Vearncombe,ivearncombef4@vimeo.com,Agender,221.73.69.248
546,Camey,Pescud,cpescudf5@nationalgeographic.com,Agender,46.236.159.144
547,Chery,Domeney,cdomeneyf6@rakuten.co.jp,Polygender,248.40.159.220
548,Jereme,Fairley,jfairleyf7@google.de,Bigender,96.237.223.99
549,Jorry,McSaul,jmcsaulf8@ucoz.ru,Bigender,245.105.34.48
550,Piotr,Colclough,pcolcloughf9@bloomberg.com,Polygender,209.229.18.93
551,Dennis,Broomfield,dbroomfieldfa@instagram.com,Polygender,65.103.228.200
552,Myles,Beauman,mbeaumanfb@cnn.com,Non-binary,90.87.134.116
553,Gabrielle,Hanrott,ghanrottfc@soup.io,Genderqueer,200.192.3.180
554,Sybille,Gianotti,sgianottifd@bloglines.com,Male,11.133.214.197
555,Elwin,Whitter,ewhitterfe@europa.eu,Genderqueer,200.186.9.175
556,Marci,Poulney,mpoulneyff@hostgator.com,Female,10.220.60.88
557,Shaina,Plover,sploverfg@sciencedaily.com,Non-binary,113.53.25.147
558,Mommy,Duffitt,mduffittfh@cdbaby.com,Female,190.136.247.61
559,Eldredge,Mazella,emazellafi@mapquest.com,Non-binary,9.49.73.22
560,Orton,Lazar,olazarfj@hubpages.com,Polygender,68.63.114.134
561,Noni,Diddams,ndiddamsfk@gravatar.com,Non-binary,234.118.213.240
562,Concordia,Gawler,cgawlerfl@xrea.com,Genderfluid,200.94.216.112
563,Brade,Bern,bbernfm@illinois.edu,Polygender,201.142.205.78
564,Brigit,Melesk,bmeleskfn@cocolog-nifty.com,Male,101.80.79.32
565,Adoree,Niblo,aniblofo@java.com,Genderqueer,28.124.99.26
566,Vasilis,Storks,vstorksfp@simplemachines.org,Non-binary,117.174.6.32
567,Ced,Schankel,cschankelfq@weibo.com,Genderfluid,72.150.219.40
568,Baryram,Ovise,bovisefr@webnode.com,Genderqueer,146.214.195.71
569,Udall,McWhinnie,umcwhinniefs@zdnet.com,Female,129.13.137.8
570,Junina,Ebden,jebdenft@merriam-webster.com,Agender,70.96.82.109
571,Madelin,Reekie,mreekiefu@google.ru,Agender,110.33.151.233
572,Franklyn,Swinden,fswindenfv@gov.uk,Genderqueer,13.123.249.132
573,Mendie,Nelson,mnelsonfw@nasa.gov,Non-binary,124.32.199.188
574,Cal,Scamerden,cscamerdenfx@samsung.com,Polygender,120.53.228.139
575,Marcelia,Cejka,mcejkafy@wix.com,Male,124.150.10.17
576,Andris,Tremblett,atremblettfz@illinois.edu,Female,48.170.108.168
577,Shaine,Ferreli,sferrelig0@diigo.com,Non-binary,195.1.149.148
578,Taylor,Cready,tcreadyg1@meetup.com,Male,97.29.27.179
579,Florence,Endersby,fendersbyg2@naver.com,Agender,112.77.14.186
580,Regina,Bendall,rbendallg3@quantcast.com,Polygender,72.123.82.169
581,Nat,Hallatt,nhallattg4@smugmug.com,Genderfluid,13.231.219.183
582,El,Lacoste,elacosteg5@photobucket.com,Agender,83.102.226.19
583,Rosalyn,Kilfeather,rkilfeatherg6@cornell.edu,Genderqueer,1.222.139.167
584,Clareta,Joslow,cjoslowg7@yelp.com,Genderqueer,91.114.103.211
585,Dierdre,Mattusevich,dmattusevichg8@rakuten.co.jp,Non-binary,193.169.249.231
586,Keen,Ivanchenkov,kivanchenkovg9@mail.ru,Genderfluid,193.158.93.113
587,Clevey,Ruddick,cruddickga@cloudflare.com,Bigender,95.107.195.109
588,Nancey,Crowdace,ncrowdacegb@weibo.com,Male,21.214.241.223
589,Barbara,Kleinhandler,bkleinhandlergc@yellowbook.com,Female,148.187.224.206
590,Geno,Tanswill,gtanswillgd@moonfruit.com,Non-binary,195.68.124.41
591,Yetta,Methingam,ymethingamge@technorati.com,Non-binary,108.134.176.205
592,Elsi,Scryne,escrynegf@printfriendly.com,Female,153.251.202.143
593,Donalt,Luney,dluneygg@tripod.com,Polygender,240.157.94.98
594,Teddy,Paylor,tpaylorgh@cbsnews.com,Non-binary,246.20.247.36
595,Godfree,Pearle,gpearlegi@drupal.org,Genderfluid,12.123.135.4
596,Anestassia,Iffe,aiffegj@cbc.ca,Non-binary,241.181.81.46
597,Tonia,Darcy,tdarcygk@marketwatch.com,Bigender,212.87.237.2
598,Roberto,Mablestone,rmablestonegl@shop-pro.jp,Bigender,65.106.200.60
599,Velma,Beumant,vbeumantgm@ebay.co.uk,Female,187.165.22.229
600,Ninnette,Kershow,nkershowgn@sbwire.com,Polygender,194.166.48.230
601,Pippy,Sunman,psunmango@flavors.me,Polygender,45.97.167.137
602,Enrichetta,Greenmon,egreenmongp@fema.gov,Non-binary,207.233.15.172
603,Titos,Heymann,theymanngq@craigslist.org,Polygender,203.188.8.44
604,Saleem,Lukes,slukesgr@gizmodo.com,Genderfluid,137.254.228.158
605,Rad,Hasser,rhassergs@latimes.com,Agender,110.158.151.188
606,Rana,Moden,rmodengt@kickstarter.com,Non-binary,28.28.78.223
607,Clareta,Rich,crichgu@icq.com,Male,6.51.111.128
608,Brandi,Cable,bcablegv@netvibes.com,Agender,38.227.195.108
609,Dory,Stolberger,dstolbergergw@twitpic.com,Female,214.53.4.198
610,Lusa,Filippozzi,lfilippozzigx@sogou.com,Genderqueer,106.71.54.35
611,Hamilton,Blandamore,hblandamoregy@skype.com,Agender,70.244.84.218
612,Ingamar,Dufore,iduforegz@addthis.com,Agender,49.219.93.26
613,Mordy,Stiling,mstilingh0@163.com,Genderfluid,250.33.127.91
614,Hermie,Haffard,hhaffardh1@abc.net.au,Genderqueer,98.87.208.184
615,Asher,Bradbrook,abradbrookh2@mapquest.com,Genderqueer,165.105.244.145
616,Tarah,Whiteford,twhitefordh3@mlb.com,Agender,252.179.231.145
617,Farrah,Ruberry,fruberryh4@plala.or.jp,Polygender,247.100.28.208
618,Derk,Ancliffe,dancliffeh5@jugem.jp,Female,172.201.172.198
619,Cleopatra,Gillson,cgillsonh6@phpbb.com,Male,180.242.129.95
620,Jere,Besse,jbesseh7@indiegogo.com,Male,227.148.247.142
621,Pauly,Liddle,pliddleh8@scientificamerican.com,Non-binary,33.157.81.45
622,Court,Greatreax,cgreatreaxh9@dot.gov,Bigender,231.65.194.61
623,Danika,McMylor,dmcmylorha@quantcast.com,Agender,215.173.69.13
624,Sande,Hartshorn,shartshornhb@geocities.com,Male,85.71.38.208
625,Lindi,Brilon,lbrilonhc@wikipedia.org,Bigender,125.45.29.210
626,Franzen,Commuzzo,fcommuzzohd@abc.net.au,Genderfluid,220.118.187.15
627,Daniel,Burgwin,dburgwinhe@fda.gov,Genderfluid,232.135.166.98
628,Francklyn,Stork,fstorkhf@so-net.ne.jp,Agender,101.156.39.253
629,Peyton,Hrachovec,phrachovechg@foxnews.com,Non-binary,24.49.39.208
630,Freedman,Seydlitz,fseydlitzhh@netscape.com,Polygender,201.175.254.85
631,Mercy,Glowach,mglowachhi@wunderground.com,Agender,9.188.187.220
632,Lynnet,Sinott,lsinotthj@quantcast.com,Non-binary,245.34.227.182
633,Erma,Woollhead,ewoollheadhk@wp.com,Genderqueer,109.151.134.173
634,Arluene,Dilon,adilonhl@unesco.org,Genderfluid,238.132.196.83
635,Marlo,Digan,mdiganhm@51.la,Genderqueer,178.13.103.242
636,Jeffrey,Edelheit,jedelheithn@pagesperso-orange.fr,Genderqueer,119.195.205.183
637,Ronny,Chessman,rchessmanho@npr.org,Non-binary,251.212.172.14
638,Germaine,Guion,gguionhp@newyorker.com,Non-binary,210.129.142.120
639,Marcellus,Chittleburgh,mchittleburghhq@bizjournals.com,Male,55.178.212.128
640,Arabella,Lulham,alulhamhr@ibm.com,Bigender,173.53.84.38
641,Barbe,Wayt,bwayths@addtoany.com,Genderfluid,19.45.27.101
642,Averil,Prestie,aprestieht@pcworld.com,Polygender,6.151.44.165
643,Derk,MacConnal,dmacconnalhu@mozilla.org,Female,187.216.62.117
644,Dennet,Clew,dclewhv@deviantart.com,Polygender,241.47.108.75
645,Zane,MacGillivrie,zmacgillivriehw@google.com.au,Female,94.222.60.105
646,Bliss,Coffey,bcoffeyhx@seattletimes.com,Bigender,74.169.100.232
647,Henriette,Ulster,hulsterhy@canalblog.com,Female,48.193.83.4
648,Nicola,Ventris,nventrishz@discuz.net,Polygender,13.6.187.150
649,Martainn,Darragh,mdarraghi0@yahoo.com,Agender,10.108.52.143
650,Hazlett,Bickerton,hbickertoni1@edublogs.org,Genderfluid,179.229.62.38
651,Kaleena,Southwood,ksouthwoodi2@elegantthemes.com,Bigender,126.30.108.167
652,Debby,Cescoti,dcescotii3@51.la,Polygender,198.160.249.218
653,Joscelin,Edelheid,jedelheidi4@a8.net,Agender,156.26.15.51
654,Harriet,Matyashev,hmatyashevi5@tuttocitta.it,Bigender,17.11.185.39
655,Linn,Quinby,lquinbyi6@scientificamerican.com,Agender,7.5.240.135
656,Walsh,Downing,wdowningi7@ihg.com,Bigender,130.116.1.250
657,Hedda,Stookes,hstookesi8@bloglines.com,Non-binary,105.164.106.163
658,Christalle,Scrafton,cscraftoni9@com.com,Agender,119.237.61.227
659,Vivyanne,Arkow,varkowia@google.nl,Polygender,118.76.191.37
660,Agna,Triswell,atriswellib@squarespace.com,Genderqueer,166.244.28.191
661,Kath,Lundie,klundieic@tuttocitta.it,Bigender,230.58.29.54
662,Davide,Beebe,dbeebeid@wiley.com,Polygender,8.169.135.189
663,Eba,Mostin,emostinie@a8.net,Male,160.196.182.208
664,Ophelia,Painten,opaintenif@soundcloud.com,Male,193.5.175.158
665,Reid,Sherringham,rsherringhamig@buzzfeed.com,Non-binary,125.252.137.36
666,Alvinia,Redon,aredonih@bluehost.com,Agender,121.29.215.178
667,Leia,Tunny,ltunnyii@mit.edu,Bigender,208.204.81.13
668,Cordie,Hadgraft,chadgraftij@washington.edu,Non-binary,136.114.197.103
669,Benita,Cristoforo,bcristoforoik@webs.com,Genderqueer,22.211.22.6
670,Mildrid,Johnikin,mjohnikinil@aol.com,Genderfluid,117.121.159.78
671,Florida,McEneny,fmcenenyim@disqus.com,Genderqueer,52.189.169.37
672,Alexina,Eccles,aecclesin@ifeng.com,Male,153.126.168.135
673,Cherianne,Garralts,cgarraltsio@go.com,Male,194.15.151.194
674,Lilah,Maulin,lmaulinip@hhs.gov,Bigender,10.174.197.83
675,Shamus,Nibley,snibleyiq@photobucket.com,Polygender,49.205.122.106
676,Leopold,Wandrey,lwandreyir@china.com.cn,Female,246.138.131.88
677,Blanch,Littlewood,blittlewoodis@utexas.edu,Genderqueer,7.193.207.49
678,Maggee,Shireff,mshireffit@bandcamp.com,Non-binary,239.248.91.202
679,Flossi,Belleny,fbellenyiu@live.com,Genderqueer,112.110.43.114
680,Des,Trevance,dtrevanceiv@tumblr.com,Genderqueer,79.55.127.101
681,Hildy,Entwisle,hentwisleiw@ehow.com,Bigender,208.93.33.55
682,Hetty,Vigar,hvigarix@blogtalkradio.com,Female,152.226.159.242
683,Eugenius,Cominello,ecominelloiy@nytimes.com,Polygender,143.61.167.206
684,Garold,Dargue,gdargueiz@xing.com,Agender,40.95.234.138
685,Catrina,Vose,cvosej0@miitbeian.gov.cn,Non-binary,163.19.46.29
686,Halsey,Tremethack,htremethackj1@bloglovin.com,Non-binary,68.70.146.239
687,Sidoney,Kencott,skencottj2@vinaora.com,Genderfluid,51.252.50.39
688,Karoly,Sparway,ksparwayj3@kickstarter.com,Polygender,83.5.10.32
689,Clint,Ladewig,cladewigj4@google.fr,Bigender,202.49.70.58
690,Marius,See,mseej5@so-net.ne.jp,Female,174.218.151.22
691,Jacqui,Fenna,jfennaj6@slate.com,Bigender,231.170.226.91
692,Rodd,Trebbett,rtrebbettj7@upenn.edu,Non-binary,104.79.162.99
693,Mill,Jacquemot,mjacquemotj8@technorati.com,Male,169.215.113.79
694,Nicola,Garnall,ngarnallj9@ihg.com,Non-binary,153.66.45.108
695,Demeter,Kern,dkernja@narod.ru,Polygender,133.184.119.5
696,Vivi,Cutting,vcuttingjb@hibu.com,Female,202.103.155.74
697,Danette,Hallums,dhallumsjc@networksolutions.com,Agender,147.141.197.13
698,Olag,Sawer,osawerjd@nps.gov,Female,72.179.1.68
699,Nerty,Goreway,ngorewayje@shinystat.com,Genderqueer,170.88.201.147
700,Clarence,O'Fogerty,cofogertyjf@netvibes.com,Bigender,4.102.239.58
701,Sergent,Pragnell,spragnelljg@webs.com,Agender,65.22.39.48
702,Kevina,Sear,ksearjh@163.com,Agender,87.101.20.126
703,Rosetta,Littlemore,rlittlemoreji@google.nl,Polygender,46.179.166.11
704,Marwin,Bracknall,mbracknalljj@soundcloud.com,Polygender,39.79.26.145
705,Val,Downe,vdownejk@mozilla.org,Bigender,206.211.151.189
706,Bea,Perigo,bperigojl@qq.com,Male,3.186.131.93
707,Dario,Martignon,dmartignonjm@123-reg.co.uk,Polygender,141.10.94.112
708,Jedd,Weldrick,jweldrickjn@blogger.com,Genderfluid,148.172.152.184
709,Constantine,McGlaughn,cmcglaughnjo@dell.com,Bigender,110.62.172.98
710,Cris,Foch,cfochjp@usatoday.com,Non-binary,12.66.50.233
711,Rhona,Umfrey,rumfreyjq@a8.net,Non-binary,66.47.99.14
712,Rip,Tudge,rtudgejr@elegantthemes.com,Genderqueer,83.103.92.121
713,Danny,Rosario,drosariojs@mapy.cz,Female,18.205.122.255
714,Nola,Shimon,nshimonjt@usgs.gov,Polygender,118.88.31.170
715,Marlowe,Harborow,mharborowju@bloglines.com,Male,165.55.196.223
716,Sianna,Basezzi,sbasezzijv@yellowbook.com,Male,196.254.227.67
717,Germana,Masden,gmasdenjw@state.tx.us,Genderqueer,108.141.246.96
718,Kit,Dickerline,kdickerlinejx@xing.com,Male,156.159.174.188
719,Druci,Gottschalk,dgottschalkjy@mtv.com,Male,183.85.164.147
720,Gladi,Quigley,gquigleyjz@nature.com,Female,196.114.72.126
721,Ruthi,Barrowclough,rbarrowcloughk0@devhub.com,Genderfluid,50.127.124.122
722,Humfrid,Sambidge,hsambidgek1@friendfeed.com,Agender,144.243.26.89
723,Letty,Jonah,ljonahk2@canalblog.com,Bigender,23.198.152.203
724,Leonid,Tomasi,ltomasik3@go.com,Male,156.248.130.252
725,Gleda,Eassom,geassomk4@scientificamerican.com,Genderfluid,189.153.109.173
726,Yves,Grahlmans,ygrahlmansk5@cnbc.com,Female,16.60.15.205
727,Verney,Quail,vquailk6@e-recht24.de,Female,96.151.221.81
728,Chryste,Dust,cdustk7@oakley.com,Male,167.61.227.44
729,Ernestine,Shields,eshieldsk8@ow.ly,Genderfluid,3.67.211.144
730,Clement,Danbye,cdanbyek9@behance.net,Genderfluid,43.46.108.164
731,Jeffie,Bryns,jbrynska@goo.ne.jp,Genderqueer,55.95.11.161
732,Melessa,Belding,mbeldingkb@webmd.com,Non-binary,84.106.209.250
733,Bria,Kingaby,bkingabykc@jiathis.com,Agender,198.202.239.122
734,Debera,Pruce,dprucekd@dmoz.org,Genderfluid,26.212.38.185
735,Drona,Kinnoch,dkinnochke@unblog.fr,Polygender,10.210.162.98
736,Daniela,McGill,dmcgillkf@cargocollective.com,Agender,79.17.145.56
737,Gleda,Deverille,gdeverillekg@google.es,Bigender,239.179.241.124
738,Helenka,Lambdean,hlambdeankh@biglobe.ne.jp,Agender,185.32.50.10
739,Charles,Duran,cduranki@feedburner.com,Male,78.154.106.170
740,Fletch,Franey,ffraneykj@imdb.com,Female,244.163.166.253
741,Normie,McElwee,nmcelweekk@irs.gov,Agender,103.132.133.95
742,Olympie,Terrington,oterringtonkl@apache.org,Genderfluid,71.45.48.109
743,Farra,de Verson,fdeversonkm@tinypic.com,Non-binary,6.187.108.248
744,Danny,McClunaghan,dmcclunaghankn@cnet.com,Non-binary,177.166.154.71
745,Sandy,Serot,sserotko@1688.com,Agender,194.138.53.26
746,Pippa,Cochran,pcochrankp@symantec.com,Bigender,120.45.190.115
747,Aindrea,Giveen,agiveenkq@google.ca,Male,134.200.203.130
748,Randolf,Drayson,rdraysonkr@stanford.edu,Genderfluid,198.161.26.93
749,Miquela,McUre,mmcureks@plala.or.jp,Male,175.26.152.56
750,Else,Axston,eaxstonkt@infoseek.co.jp,Non-binary,133.230.40.235
751,Niven,Wallworke,nwallworkeku@auda.org.au,Agender,204.136.34.249
752,Sean,Pouck,spouckkv@cyberchimps.com,Male,249.157.181.109
753,Gorden,Manders,gmanderskw@constantcontact.com,Bigender,173.145.198.10
754,Imogene,McSorley,imcsorleykx@foxnews.com,Genderfluid,54.134.192.177
755,Alberik,Mazzei,amazzeiky@symantec.com,Genderqueer,53.45.27.122
756,Tildi,Heiden,theidenkz@mtv.com,Genderfluid,123.162.187.248
757,Sonya,Cheeld,scheeldl0@vk.com,Polygender,231.49.24.42
758,Christoper,Remon,cremonl1@pagesperso-orange.fr,Female,22.238.232.3
759,Keelby,Danick,kdanickl2@apple.com,Genderfluid,241.63.166.135
760,Jemmy,Gwyllt,jgwylltl3@discuz.net,Genderqueer,159.222.178.122
761,Armin,Domingues,adominguesl4@printfriendly.com,Non-binary,4.185.236.8
762,Baxter,Deverill,bdeverilll5@tinyurl.com,Bigender,50.184.156.160
763,Sanford,Falkinder,sfalkinderl6@paginegialle.it,Non-binary,96.180.228.122
764,Darci,Tamburi,dtamburil7@exblog.jp,Bigender,16.151.1.18
765,Eydie,Shalders,eshaldersl8@123-reg.co.uk,Male,156.237.124.113
766,Flint,Auletta,faulettal9@51.la,Polygender,235.77.99.200
767,Vittorio,Hallgalley,vhallgalleyla@alexa.com,Bigender,237.47.83.7
768,Florie,Hayto,fhaytolb@multiply.com,Bigender,174.80.59.200
769,Ninon,MacAnulty,nmacanultylc@deviantart.com,Non-binary,179.36.80.237
770,Jean,Spracklin,jspracklinld@wsj.com,Genderqueer,207.6.163.255
771,Federico,L'Episcopi,flepiscopile@technorati.com,Female,208.127.31.197
772,Elbertine,Pask,epasklf@mlb.com,Agender,81.105.248.239
773,Cody,Reyner,creynerlg@gmpg.org,Genderfluid,220.254.28.182
774,Raffaello,Knill,rknilllh@va.gov,Genderqueer,83.119.251.160
775,Rasla,Coxhell,rcoxhellli@virginia.edu,Genderfluid,56.113.172.207
776,Tillie,Skally,tskallylj@sciencedaily.com,Non-binary,230.51.138.209
777,Tricia,Charlet,tcharletlk@mac.com,Agender,122.139.57.70
778,Celestina,Oda,codall@stumbleupon.com,Genderqueer,74.67.96.56
779,Bentley,Lillegard,blillegardlm@amazon.co.uk,Female,110.216.198.78
780,Alfy,Edards,aedardsln@blinklist.com,Genderqueer,221.225.54.169
781,Katie,Reburn,kreburnlo@webs.com,Male,54.242.214.109
782,Briggs,Bedbury,bbedburylp@vistaprint.com,Female,178.238.113.119
783,Abagail,Lynds,alyndslq@nydailynews.com,Non-binary,168.123.184.203
784,Grayce,Rosbrough,grosbroughlr@cyberchimps.com,Bigender,7.129.13.184
785,Zane,Blakebrough,zblakebroughls@buzzfeed.com,Male,80.143.99.99
786,Sayres,Nash,snashlt@angelfire.com,Bigender,175.32.187.252
787,Jozef,Askell,jaskelllu@woothemes.com,Female,30.1.31.26
788,Gerti,Maytom,gmaytomlv@mayoclinic.com,Bigender,115.234.191.110
789,Coleman,Freund,cfreundlw@ycombinator.com,Genderqueer,96.153.76.90
790,Merwyn,Witnall,mwitnalllx@google.es,Agender,231.59.11.242
791,Laurianne,Wheelhouse,lwheelhousely@yellowpages.com,Non-binary,144.28.77.48
792,Caryl,Beamont,cbeamontlz@uol.com.br,Genderqueer,220.147.75.177
793,Ezmeralda,Renvoys,erenvoysm0@ehow.com,Female,215.251.151.192
794,Lionel,Willcock,lwillcockm1@reference.com,Non-binary,35.122.239.77
795,Baily,Slaymaker,bslaymakerm2@unc.edu,Bigender,12.223.54.145
796,Belva,Wannes,bwannesm3@phoca.cz,Non-binary,65.43.207.16
797,Anderea,Swan,aswanm4@bloglines.com,Polygender,161.40.89.146
798,Johnny,Archibould,jarchibouldm5@delicious.com,Female,23.101.174.155
799,Fritz,Schwant,fschwantm6@blogs.com,Non-binary,234.158.215.236
800,Ricki,Lile,rlilem7@quantcast.com,Bigender,111.192.35.36
801,Trip,Broadnicke,tbroadnickem8@networkadvertising.org,Agender,243.172.156.130
802,Zeb,Chaddock,zchaddockm9@soundcloud.com,Bigender,187.120.209.11
803,Bonnie,Benardet,bbenardetma@cnn.com,Non-binary,158.211.240.165
804,Finn,Saunders,fsaundersmb@csmonitor.com,Bigender,17.53.39.113
805,Leontyne,Matessian,lmatessianmc@indiegogo.com,Agender,117.62.169.82
806,Valaree,Gallally,vgallallymd@sciencedirect.com,Non-binary,78.149.67.49
807,Rori,Starkings,rstarkingsme@time.com,Bigender,151.28.228.147
808,Jud,De Moreno,jdemorenomf@nationalgeographic.com,Female,120.192.49.29
809,Rosemarie,Sawrey,rsawreymg@smugmug.com,Male,180.240.230.121
810,Althea,Muddiman,amuddimanmh@cisco.com,Female,255.59.164.41
811,Sara,Strotton,sstrottonmi@cdbaby.com,Polygender,68.218.85.198
812,Vergil,Kippax,vkippaxmj@quantcast.com,Genderfluid,121.231.190.28
813,Howey,Bernardoni,hbernardonimk@who.int,Male,203.178.139.173
814,Wilbert,Yon,wyonml@phoca.cz,Non-binary,97.171.135.13
815,Mab,Donkersley,mdonkersleymm@weebly.com,Genderqueer,54.147.185.186
816,Weylin,Studdal,wstuddalmn@state.tx.us,Agender,98.52.155.182
817,Corine,Murthwaite,cmurthwaitemo@bloomberg.com,Female,254.48.152.205
818,Alis,Coyish,acoyishmp@biglobe.ne.jp,Agender,206.200.168.98
819,Saxe,Twede,stwedemq@etsy.com,Agender,93.213.19.24
820,Anatol,Castilla,acastillamr@intel.com,Non-binary,238.66.41.118
821,Coralyn,Fetherston,cfetherstonms@hibu.com,Female,26.98.180.88
822,Kai,Alderton,kaldertonmt@lycos.com,Polygender,112.104.69.254
823,Colline,Cosin,ccosinmu@bbc.co.uk,Male,221.234.75.209
824,Anestassia,Lavrinov,alavrinovmv@booking.com,Male,209.91.73.222
825,Minnie,Bagley,mbagleymw@behance.net,Polygender,249.29.55.99
826,Libbey,Robe,lrobemx@elpais.com,Genderqueer,26.234.29.168
827,Dehlia,Addie,daddiemy@ustream.tv,Agender,199.255.246.195
828,Ethe,Ody,eodymz@imgur.com,Genderqueer,65.131.60.64
829,Tobias,Sewill,tsewilln0@salon.com,Male,19.151.123.23
830,Delphinia,Craster,dcrastern1@europa.eu,Polygender,53.111.168.227
831,Bentley,Edleston,bedlestonn2@photobucket.com,Agender,138.80.125.216
832,Bell,Machans,bmachansn3@feedburner.com,Polygender,150.170.249.149
833,Bastien,Cockerton,bcockertonn4@unicef.org,Male,7.84.223.200
834,Abbi,Tinan,atinann5@google.pl,Non-binary,77.205.6.84
835,Godfrey,Creyke,gcreyken6@ehow.com,Female,5.81.184.203
836,Abagael,Duffrie,aduffrien7@stanford.edu,Genderqueer,98.87.101.72
837,Vera,Arthy,varthyn8@washington.edu,Agender,10.82.225.120
838,Dreddy,Wethered,dwetheredn9@theguardian.com,Non-binary,21.126.40.72
839,Etienne,Mariolle,emariollena@delicious.com,Male,178.91.66.160
840,Wandis,Strafen,wstrafennb@purevolume.com,Genderfluid,216.229.199.79
841,Jasmina,Mengo,jmengonc@amazon.co.uk,Male,247.150.33.28
842,Gabbie,Mixter,gmixternd@networkadvertising.org,Bigender,104.105.149.208
843,Helen,Pindred,hpindredne@opensource.org,Genderfluid,53.74.227.74
844,Pippo,Grayley,pgrayleynf@oaic.gov.au,Male,247.250.90.254
845,Jacky,Hammor,jhammorng@paginegialle.it,Polygender,186.17.192.255
846,Ezri,Nelmes,enelmesnh@slashdot.org,Female,180.199.254.49
847,Puff,Pennazzi,ppennazzini@who.int,Genderqueer,241.39.172.124
848,Katlin,Gorey,kgoreynj@house.gov,Genderfluid,234.15.206.200
849,Laurene,Meakes,lmeakesnk@nhs.uk,Genderfluid,242.1.128.65
850,Benton,Saye,bsayenl@ifeng.com,Genderqueer,175.9.49.136
851,Maurita,Bedinham,mbedinhamnm@hao123.com,Genderqueer,133.6.125.35
852,Rey,Cookes,rcookesnn@tmall.com,Male,195.211.18.223
853,Lory,Kitney,lkitneyno@newyorker.com,Genderfluid,175.157.238.79
854,Tracie,Hars,tharsnp@printfriendly.com,Female,114.124.70.113
855,Colly,Micklewicz,cmicklewicznq@cloudflare.com,Polygender,41.143.249.125
856,Kirstyn,Kingswoode,kkingswoodenr@ask.com,Bigender,41.170.172.9
857,Mela,Shallo,mshallons@bing.com,Bigender,94.37.14.146
858,Betteanne,Gorden,bgordennt@canalblog.com,Bigender,117.125.103.84
859,Aylmer,Boam,aboamnu@springer.com,Male,172.50.249.216
860,Lenette,Daunay,ldaunaynv@seesaa.net,Polygender,120.40.25.8
861,Thom,Arnholdt,tarnholdtnw@huffingtonpost.com,Genderqueer,224.138.125.147
862,Marshal,Ferrea,mferreanx@buzzfeed.com,Polygender,223.171.239.145
863,Tucky,Djorvic,tdjorvicny@chronoengine.com,Male,135.212.76.61
864,Olav,Camm,ocammnz@hhs.gov,Non-binary,210.64.179.76
865,Terrill,Cowie,tcowieo0@livejournal.com,Non-binary,208.205.7.4
866,Jere,Graffham,jgraffhamo1@usda.gov,Non-binary,10.186.113.172
867,Neill,Van Arsdalen,nvanarsdaleno2@comsenz.com,Female,240.123.96.209
868,Trixy,Lurcock,tlurcocko3@huffingtonpost.com,Polygender,14.87.41.90
869,Verile,Orrobin,vorrobino4@hubpages.com,Genderqueer,48.247.107.135
870,Jeniece,Barthropp,jbarthroppo5@chicagotribune.com,Male,60.35.166.17
871,Gayle,Zamora,gzamorao6@jimdo.com,Bigender,7.229.114.82
872,Otho,Eykel,oeykelo7@ycombinator.com,Agender,81.104.107.41
873,Lutero,Whilde,lwhildeo8@umich.edu,Female,221.148.228.113
874,Gal,Swindon,gswindono9@pen.io,Female,223.228.232.179
875,Kermy,Besemer,kbesemeroa@senate.gov,Genderfluid,36.252.135.90
876,Benoite,Elloy,belloyob@tripod.com,Male,109.16.253.88
877,Carlotta,Santi,csantioc@example.com,Polygender,206.162.209.70
878,Geralda,Ilyinski,gilyinskiod@fema.gov,Agender,196.65.23.226
879,Rania,Meran,rmeranoe@ning.com,Female,114.92.59.238
880,Cosme,Smallridge,csmallridgeof@hibu.com,Agender,2.50.197.162
881,Jsandye,Mossom,jmossomog@deviantart.com,Genderqueer,14.171.68.25
882,Bridie,Dancey,bdanceyoh@booking.com,Agender,40.167.172.189
883,Gannon,Emanulsson,gemanulssonoi@usatoday.com,Bigender,239.130.20.55
884,Sergeant,Dufaur,sdufauroj@miibeian.gov.cn,Male,214.8.79.183
885,Dur,Errett,derrettok@nasa.gov,Bigender,219.18.181.15
886,Peggy,Moralas,pmoralasol@admin.ch,Agender,64.249.30.121
887,Cirilo,Sharply,csharplyom@domainmarket.com,Male,15.226.23.106
888,Alan,Maysor,amaysoron@booking.com,Agender,224.252.92.106
889,Cozmo,Dix,cdixoo@xrea.com,Genderqueer,159.187.24.221
890,Gretta,Gave,ggaveop@discuz.net,Agender,103.211.38.135
891,Agnella,Rottcher,arottcheroq@yale.edu,Polygender,66.226.79.181
892,Bel,Skotcher,bskotcheror@wikipedia.org,Female,81.141.69.213
893,Kiele,La Padula,klapadulaos@unc.edu,Male,213.199.21.103
894,Rafaello,Lethieulier,rlethieulierot@blogspot.com,Female,195.13.78.164
895,Ella,Statefield,estatefieldou@independent.co.uk,Male,97.49.206.152
896,Phineas,Alkin,palkinov@privacy.gov.au,Female,49.77.6.9
897,Neville,Fragino,nfraginoow@i2i.jp,Agender,152.227.175.96
898,Lynne,Melarkey,lmelarkeyox@rediff.com,Non-binary,89.99.187.146
899,Kendell,Richford,krichfordoy@360.cn,Female,51.233.109.23
900,Sigmund,Feathersby,sfeathersbyoz@mayoclinic.com,Male,239.118.196.206
901,Audy,Mell,amellp0@vimeo.com,Agender,100.115.68.70
902,Aaron,Ledward,aledwardp1@yale.edu,Non-binary,78.147.250.103
903,Philippine,Maybury,pmayburyp2@yelp.com,Agender,87.202.50.215
904,Shaylyn,Brandon,sbrandonp3@howstuffworks.com,Polygender,214.143.149.107
905,Leesa,Proppers,lproppersp4@si.edu,Bigender,124.59.239.120
906,Antonia,Adacot,aadacotp5@weather.com,Female,30.237.204.215
907,Rand,Henrie,rhenriep6@archive.org,Agender,107.158.159.90
908,Mufi,Andreini,mandreinip7@surveymonkey.com,Non-binary,228.93.239.100
909,Matthiew,Bransgrove,mbransgrovep8@uol.com.br,Male,33.61.171.125
910,Fabe,Branchet,fbranchetp9@phoca.cz,Bigender,119.161.43.177
911,Chloe,Hourican,chouricanpa@vkontakte.ru,Non-binary,241.247.118.169
912,Matilde,Mucklow,mmucklowpb@topsy.com,Polygender,24.89.170.27
913,Hill,Novotni,hnovotnipc@people.com.cn,Female,57.222.39.147
914,Antin,Gooke,agookepd@amazonaws.com,Agender,29.81.97.253
915,Marguerite,Speachley,mspeachleype@flickr.com,Agender,41.72.98.220
916,Nolie,MacKeller,nmackellerpf@yahoo.co.jp,Polygender,232.169.13.241
917,Dorella,Van der Kruys,dvanderkruyspg@networkadvertising.org,Bigender,66.60.111.77
918,Roscoe,Martygin,rmartyginph@goo.ne.jp,Genderfluid,232.194.152.136
919,Gwen,Crossby,gcrossbypi@theglobeandmail.com,Genderfluid,245.144.225.42
920,Joanne,Hearnaman,jhearnamanpj@bbb.org,Genderqueer,32.41.67.2
921,Zechariah,Carleton,zcarletonpk@theguardian.com,Female,64.76.30.238
922,Roxanne,Allain,rallainpl@vkontakte.ru,Non-binary,171.103.97.146
923,Lezlie,Carlsen,lcarlsenpm@canalblog.com,Non-binary,112.109.120.206
924,Morissa,Denisyev,mdenisyevpn@tripod.com,Genderqueer,94.204.220.192
925,Gloriana,Eyer,geyerpo@cnet.com,Polygender,21.238.168.217
926,Lonnard,Purtell,lpurtellpp@yellowpages.com,Non-binary,128.136.99.182
927,Cecilia,Blann,cblannpq@cnbc.com,Genderfluid,162.188.165.73
928,Murielle,Kield,mkieldpr@ucsd.edu,Polygender,196.174.114.56
929,Anastassia,Varey,avareyps@go.com,Polygender,245.189.40.16
930,Randa,Dubber,rdubberpt@surveymonkey.com,Bigender,245.147.114.145
931,Berti,Thundercliffe,bthundercliffepu@mail.ru,Polygender,100.110.75.71
932,Sallee,Gledhill,sgledhillpv@psu.edu,Female,123.113.129.253
933,Lucio,Fessler,lfesslerpw@t-online.de,Male,75.132.4.7
934,Jojo,Letrange,jletrangepx@globo.com,Bigender,197.149.20.37
935,Ame,Blaszczak,ablaszczakpy@mozilla.org,Genderfluid,182.124.5.199
936,Marten,Wattingham,mwattinghampz@google.com.hk,Male,175.224.120.33
937,Ephrayim,Eynaud,eeynaudq0@clickbank.net,Polygender,115.81.135.231
938,Maure,Parmby,mparmbyq1@facebook.com,Bigender,210.56.89.152
939,Jeffrey,Rydings,jrydingsq2@scribd.com,Male,243.6.211.26
940,Loren,Drewery,ldreweryq3@comsenz.com,Bigender,191.243.154.133
941,Tammy,Argontt,targonttq4@blogtalkradio.com,Agender,217.35.254.190
942,Hilly,Ackeroyd,hackeroydq5@smh.com.au,Genderfluid,144.46.14.154
943,Zack,Haselwood,zhaselwoodq6@pbs.org,Bigender,116.149.145.124
944,Rube,Canedo,rcanedoq7@mozilla.com,Genderfluid,255.40.89.210
945,Annetta,MacRanald,amacranaldq8@dion.ne.jp,Female,254.253.245.100
946,Caleb,Penton,cpentonq9@dailymotion.com,Polygender,202.221.10.203
947,Gordan,Kretschmer,gkretschmerqa@seesaa.net,Genderqueer,87.54.221.208
948,Kendrick,Pound,kpoundqb@symantec.com,Bigender,228.49.216.86
949,Kizzie,Bolte,kbolteqc@arstechnica.com,Bigender,37.242.219.184
950,Belia,Farnan,bfarnanqd@cocolog-nifty.com,Female,178.187.26.179
951,Rea,Sukbhans,rsukbhansqe@mozilla.com,Genderqueer,26.157.171.127
952,Gertrudis,Degue,gdegueqf@blog.com,Non-binary,55.100.226.107
953,Onofredo,Stammirs,ostammirsqg@livejournal.com,Genderfluid,155.17.134.137
954,Shel,Foulgham,sfoulghamqh@sogou.com,Non-binary,239.240.89.1
955,Iver,Massow,imassowqi@marketwatch.com,Polygender,180.93.1.222
956,Erda,Trebble,etrebbleqj@example.com,Genderqueer,150.202.52.139
957,Andrei,Culpen,aculpenqk@java.com,Non-binary,2.43.8.42
958,Tedman,Waud,twaudql@washington.edu,Male,87.208.199.111
959,Darcey,Pennino,dpenninoqm@webs.com,Bigender,207.114.192.17
960,Barty,Oxtiby,boxtibyqn@time.com,Male,72.151.236.4
961,Miof mela,Haglinton,mhaglintonqo@admin.ch,Genderfluid,28.80.88.38
962,Kata,Payton,kpaytonqp@booking.com,Bigender,125.78.55.187
963,Symon,Risebarer,srisebarerqq@unesco.org,Agender,129.53.226.60
964,Brockie,McMeeking,bmcmeekingqr@gravatar.com,Polygender,49.122.212.187
965,Raine,McClaren,rmcclarenqs@cyberchimps.com,Polygender,53.140.234.210
966,Jennilee,Gebuhr,jgebuhrqt@msu.edu,Agender,91.89.212.175
967,Billy,Reary,brearyqu@photobucket.com,Male,80.61.136.44
968,Zebulen,Ogers,zogersqv@fema.gov,Polygender,191.154.116.14
969,Berget,Djurdjevic,bdjurdjevicqw@redcross.org,Female,71.5.33.193
970,Dante,Arrigo,darrigoqx@seesaa.net,Genderqueer,172.97.160.69
971,Carie,Mudd,cmuddqy@elpais.com,Agender,28.121.39.142
972,Edgard,Joerning,ejoerningqz@wunderground.com,Male,220.132.239.113
973,Reube,Tinmouth,rtinmouthr0@google.fr,Agender,185.240.238.217
974,Kira,De Cruz,kdecruzr1@1688.com,Genderfluid,73.208.243.99
975,Merla,Bernardino,mbernardinor2@unicef.org,Polygender,43.79.175.196
976,Sherline,Killigrew,skilligrewr3@trellian.com,Female,121.235.225.44
977,Celle,Warters,cwartersr4@nps.gov,Male,139.17.229.114
978,Joana,Spiby,jspibyr5@oracle.com,Polygender,33.192.140.245
979,Drusy,Fend,dfendr6@google.co.uk,Agender,201.191.234.55
980,Sherye,Dumpleton,sdumpletonr7@prnewswire.com,Female,195.166.56.48
981,Derby,Bulloch,dbullochr8@shinystat.com,Female,13.28.128.162
982,Randene,Steedman,rsteedmanr9@uol.com.br,Genderfluid,37.135.68.128
983,Moishe,Sharram,msharramra@mapquest.com,Genderqueer,250.187.227.183
984,Steve,Thirst,sthirstrb@aol.com,Genderqueer,178.84.250.163
985,Batholomew,Hans,bhansrc@opensource.org,Non-binary,1.8.211.143
986,Hamlin,Wincer,hwincerrd@theatlantic.com,Non-binary,57.197.67.60
987,Rudyard,Hannent,rhannentre@artisteer.com,Non-binary,237.253.199.132
988,Max,Gors,mgorsrf@slashdot.org,Polygender,176.196.55.139
989,Berthe,Twelftree,btwelftreerg@nifty.com,Genderfluid,222.92.151.33
990,Antoni,Tooley,atooleyrh@japanpost.jp,Female,100.79.44.190
991,Florette,Saxelby,fsaxelbyri@senate.gov,Non-binary,151.19.216.234
992,Eddy,Caville,ecavillerj@vinaora.com,Bigender,175.95.49.163
993,Morgana,Spaunton,mspauntonrk@rediff.com,Genderfluid,142.116.27.55
994,Wendy,Mesias,wmesiasrl@addthis.com,Bigender,7.14.94.227
995,Braden,MacAllan,bmacallanrm@wufoo.com,Female,210.63.250.100
996,Zacherie,Spadoni,zspadonirn@dagondesign.com,Male,168.68.239.49
997,Eustacia,Sproston,esprostonro@utexas.edu,Bigender,251.143.207.97
998,Tessie,Darbyshire,tdarbyshirerp@go.com,Genderfluid,96.125.17.8
999,Tania,Shewsmith,tshewsmithrq@aol.com,Genderqueer,155.246.60.44
1000,Jacky,Featherby,jfeatherbyrr@google.ru,Polygender,175.121.215.127
