id,first_name,last_name,email,gender,ip_address
1,Kimberly,McCague,kmccague0@instagram.com,Genderqueer,200.118.138.166
2,Eba,Sparkes,esparkes1@biglobe.ne.jp,Female,63.159.159.220
3,Ermanno,Gadeaux,egadeaux2@tiny.cc,Genderfluid,181.176.74.240
4,Karrie,Hayselden,khayselden3@jigsy.com,Male,219.200.227.117
5,Minerva,Allicock,mallicock4@miitbeian.gov.cn,Genderfluid,173.67.154.62
6,Budd,Grinin,bgrinin5@npr.org,Polygender,74.92.255.13
7,Perice,McVane,pmcvane6@github.io,Bigender,241.169.77.59
8,Hyacinthe,Paddell,hpaddell7@usda.gov,Polygender,166.169.65.7
9,Etienne,Coyte,ecoyte8@instagram.com,Non-binary,242.162.50.186
10,Doreen,Deans,ddeans9@nhs.uk,Agender,62.242.107.119
11,Dotty,Alentyev,dalentyeva@state.tx.us,Agender,128.42.207.51
12,Lib,Pettendrich,lpettendrichb@trellian.com,Genderqueer,168.200.36.102
13,Luise,Barnewelle,lbarnewellec@com.com,Bigender,86.214.220.136
14,Sal,Dow,sdowd@paypal.com,Genderqueer,236.75.158.140
15,Twila,Caddan,tcaddane@cisco.com,Bigender,187.180.116.81
16,Laurice,Rawles,lrawlesf@noaa.gov,Non-binary,111.108.9.91
17,Michal,Scolts,mscoltsg@godaddy.com,Genderqueer,199.242.167.13
18,Eilis,Du Fray,edufrayh@economist.com,Bigender,21.219.191.130
19,Anselma,Heiden,aheideni@indiegogo.com,Polygender,63.26.106.116
20,Louise,Glastonbury,lglastonburyj@webmd.com,Genderfluid,37.191.133.30
21,Katheryn,Cragell,kcragellk@dedecms.com,Bigender,127.87.97.72
22,Whitney,Josey,wjoseyl@mysql.com,Genderfluid,154.55.0.13
23,Merle,McIndoe,mmcindoem@mayoclinic.com,Male,112.36.93.204
24,Perla,Gocher,pgochern@infoseek.co.jp,Genderqueer,111.115.168.146
25,Arlyn,Tenman,atenmano@list-manage.com,Genderfluid,244.157.193.169
26,Libbey,Raleston,lralestonp@miibeian.gov.cn,Agender,219.14.146.29
27,Bibi,Jilkes,bjilkesq@wordpress.com,Polygender,223.169.97.24
28,Hazel,Walisiak,hwalisiakr@patch.com,Genderfluid,139.98.66.182
29,Jaime,Morigan,jmorigans@google.es,Female,126.34.241.12
30,Marion,Braven,mbravent@msu.edu,Bigender,155.112.119.102
31,Nissa,Chree,nchreeu@psu.edu,Polygender,39.204.177.150
32,Georgeanna,Lammert,glammertv@cam.ac.uk,Non-binary,104.65.223.206
33,Karlen,Batson,kbatsonw@bbc.co.uk,Male,166.37.78.159
34,Leonanie,Domney,ldomneyx@facebook.com,Female,253.99.181.119
35,Ralf,Hauck,rhaucky@feedburner.com,Agender,127.191.90.55
36,Hortense,McLellan,hmclellanz@ovh.net,Polygender,119.196.48.151
37,Edouard,Leader,eleader10@rediff.com,Male,63.220.123.140
38,Ivory,Joubert,ijoubert11@google.es,Non-binary,132.80.192.100
39,Gunar,Faithfull,gfaithfull12@ebay.co.uk,Non-binary,8.226.64.33
40,Maddie,Barthelet,mbarthelet13@umn.edu,Genderqueer,177.72.71.148
41,Giovanni,Jerratsch,gjerratsch14@chronoengine.com,Non-binary,39.112.18.26
42,Cortney,Finey,cfiney15@dell.com,Non-binary,127.73.255.215
43,Horst,Alkins,halkins16@tinyurl.com,Genderqueer,27.107.61.111
44,Pia,Beadham,pbeadham17@artisteer.com,Genderqueer,222.27.71.17
45,Avery,MacNeill,amacneill18@infoseek.co.jp,Non-binary,228.65.138.58
46,Chadd,Tomczykiewicz,ctomczykiewicz19@mail.ru,Genderfluid,100.64.252.11
47,Desirae,Tawton,dtawton1a@privacy.gov.au,Female,149.46.144.210
48,Doralynn,Heinritz,dheinritz1b@samsung.com,Genderqueer,159.144.44.242
49,Martha,Keeffe,mkeeffe1c@networkadvertising.org,Genderfluid,63.234.63.99
50,Emilee,Padley,epadley1d@amazon.co.uk,Male,50.83.225.22
51,Quill,Winstanley,qwinstanley1e@marketwatch.com,Genderqueer,207.34.237.8
52,Tierney,Roser,troser1f@dot.gov,Male,178.51.47.164
53,Olly,Pinnion,opinnion1g@cnet.com,Male,26.61.47.250
54,Blayne,Klimpt,bklimpt1h@sina.com.cn,Polygender,137.184.213.50
55,Shelden,Pavis,spavis1i@rediff.com,Bigender,31.243.91.172
56,Sheffield,Spirritt,sspirritt1j@zdnet.com,Non-binary,69.194.61.163
57,Nonah,Tivenan,ntivenan1k@jiathis.com,Polygender,230.239.228.71
58,Drusy,Roelofsen,droelofsen1l@va.gov,Genderqueer,56.17.249.139
59,Othella,Osbiston,oosbiston1m@amazonaws.com,Genderqueer,245.44.25.44
60,Theadora,Costy,tcosty1n@wikia.com,Polygender,75.2.36.101
61,Jermayne,Hache,jhache1o@prweb.com,Genderqueer,19.78.33.218
62,Marilin,Bentz,mbentz1p@nih.gov,Bigender,67.120.189.35
63,Nan,Dugall,ndugall1q@marketwatch.com,Male,6.37.42.242
64,Dorolisa,Reader,dreader1r@symantec.com,Agender,193.156.64.88
65,Liv,Yakutin,lyakutin1s@admin.ch,Polygender,228.4.210.196
66,Glynis,McKevany,gmckevany1t@china.com.cn,Polygender,18.32.109.244
67,Callie,Charlin,ccharlin1u@nsw.gov.au,Female,169.248.78.100
68,Bell,Grzes,bgrzes1v@homestead.com,Non-binary,33.102.26.58
69,Alene,Fenty,afenty1w@dmoz.org,Female,9.5.32.143
70,Caresa,Barkas,cbarkas1x@twitpic.com,Male,123.49.55.202
71,Monah,Ficken,mficken1y@nbcnews.com,Genderqueer,162.132.57.185
72,Ignacius,De Domenici,idedomenici1z@nytimes.com,Female,187.187.18.184
73,Hettie,Harnell,hharnell20@domainmarket.com,Polygender,229.37.54.8
74,Silvie,Loxston,sloxston21@noaa.gov,Polygender,199.175.230.135
75,Simeon,Bortolozzi,sbortolozzi22@fc2.com,Bigender,94.150.169.58
76,Mirilla,Spittall,mspittall23@guardian.co.uk,Genderqueer,102.17.43.180
77,Rees,Watkiss,rwatkiss24@goo.ne.jp,Non-binary,227.193.0.16
78,Basilius,Yarrell,byarrell25@independent.co.uk,Male,147.119.210.195
79,Pooh,Shuter,pshuter26@google.co.uk,Genderfluid,180.52.152.206
80,Hewie,Salter,hsalter27@npr.org,Genderfluid,22.228.183.43
81,Kylila,Crosdill,kcrosdill28@hatena.ne.jp,Female,244.112.134.208
82,Ewart,Crystal,ecrystal29@comsenz.com,Agender,16.130.60.195
83,Leda,Coneron,lconeron2a@joomla.org,Genderfluid,1.83.54.59
84,Koren,Teather,kteather2b@unesco.org,Female,217.210.29.225
85,Burgess,Ivison,bivison2c@nydailynews.com,Genderfluid,220.122.99.169
86,Waly,Wildish,wwildish2d@csmonitor.com,Female,246.35.137.151
87,Thelma,McGeever,tmcgeever2e@goodreads.com,Bigender,145.126.133.191
88,Lori,Lapidus,llapidus2f@github.io,Non-binary,17.204.226.253
89,Hill,Pearse,hpearse2g@twitter.com,Genderfluid,171.184.21.21
90,Joby,Braidman,jbraidman2h@rambler.ru,Male,94.4.160.184
91,Rina,MacKeig,rmackeig2i@cnbc.com,Female,87.245.31.249
92,Nerissa,Stive,nstive2j@blogger.com,Bigender,49.141.9.196
93,Twila,Street,tstreet2k@census.gov,Genderfluid,242.88.105.228
94,Carlo,Philott,cphilott2l@archive.org,Genderqueer,156.187.68.150
95,Rollin,Aldcorne,raldcorne2m@bing.com,Bigender,9.186.110.251
96,Adam,Sadler,asadler2n@cam.ac.uk,Bigender,3.52.239.185
97,Elberta,Cuckoo,ecuckoo2o@msu.edu,Genderfluid,136.234.244.103
98,Andrus,Coulthurst,acoulthurst2p@hostgator.com,Genderqueer,71.209.49.167
99,Bernadene,Claibourn,bclaibourn2q@edublogs.org,Bigender,177.194.140.143
100,Mikael,Corsor,mcorsor2r@free.fr,Agender,253.163.21.109
101,Alisa,Murkitt,amurkitt2s@latimes.com,Male,10.8.39.174
102,Leah,Stickins,lstickins2t@bbb.org,Non-binary,110.232.186.92
103,Jewelle,Farreil,jfarreil2u@yolasite.com,Polygender,25.88.175.205
104,Terrijo,Dyett,tdyett2v@ucsd.edu,Agender,177.194.80.170
105,Raddie,Laroux,rlaroux2w@globo.com,Female,143.126.19.120
106,Lucie,Bosson,lbosson2x@histats.com,Agender,177.16.243.75
107,Fayette,Shipton,fshipton2y@nbcnews.com,Genderqueer,165.72.236.224
108,Clio,Dumbreck,cdumbreck2z@moonfruit.com,Male,91.171.121.92
109,Dottie,Coger,dcoger30@wikia.com,Agender,194.76.240.247
110,Gerry,Ungerechts,gungerechts31@time.com,Bigender,151.8.246.249
111,Cly,Spurman,cspurman32@123-reg.co.uk,Polygender,238.202.209.7
112,Heather,Outram,houtram33@artisteer.com,Bigender,228.145.10.223
113,Alva,McGing,amcging34@wikia.com,Genderfluid,176.254.225.184
114,Henryetta,Hammett,hhammett35@indiegogo.com,Non-binary,12.77.207.97
115,Mirabelle,Fermer,mfermer36@freewebs.com,Bigender,23.231.0.81
116,Lewiss,McClements,lmcclements37@live.com,Genderfluid,72.167.217.28
117,Bret,Russo,brusso38@narod.ru,Agender,77.109.34.131
118,Mark,Lightwood,mlightwood39@oakley.com,Non-binary,83.221.248.217
119,Zsazsa,Scotson,zscotson3a@freewebs.com,Genderfluid,200.30.72.186
120,Shelly,Stamp,sstamp3b@adobe.com,Genderqueer,121.147.168.196
121,Shayna,Clench,sclench3c@about.me,Agender,9.85.125.118
122,Christabel,Malley,cmalley3d@amazon.com,Male,46.10.8.15
123,Elita,Loukes,eloukes3e@nydailynews.com,Bigender,69.140.202.138
124,Suzann,McGeechan,smcgeechan3f@last.fm,Genderfluid,128.213.181.83
125,Abigail,Riolfo,ariolfo3g@google.ru,Non-binary,181.111.188.221
126,Joelly,Bodycote,jbodycote3h@globo.com,Non-binary,181.147.15.198
127,Leisha,Loveless,lloveless3i@elegantthemes.com,Non-binary,68.12.189.127
128,Codi,Latter,clatter3j@va.gov,Genderqueer,175.163.45.126
129,Robena,Farthin,rfarthin3k@freewebs.com,Genderfluid,121.131.41.232
130,Ulrike,Shevell,ushevell3l@illinois.edu,Polygender,212.2.149.10
131,Lauree,Hamon,lhamon3m@cnbc.com,Female,157.192.57.103
132,Ardenia,Conkie,aconkie3n@bluehost.com,Non-binary,88.86.154.156
133,Katleen,Cambling,kcambling3o@etsy.com,Male,107.4.145.128
134,Gabi,Plane,gplane3p@ebay.co.uk,Polygender,227.85.77.12
135,Shanda,Bineham,sbineham3q@foxnews.com,Genderfluid,226.118.155.123
136,Pippo,Closs,pcloss3r@hp.com,Genderfluid,147.122.102.119
137,Vinny,Sahnow,vsahnow3s@baidu.com,Male,74.44.82.49
138,Georges,Cahillane,gcahillane3t@microsoft.com,Non-binary,12.204.150.247
139,Tony,Oehme,toehme3u@spiegel.de,Bigender,250.72.34.99
140,Rudolf,Burtonwood,rburtonwood3v@theguardian.com,Agender,68.120.84.20
141,Hinze,Adlington,hadlington3w@github.com,Female,33.92.126.0
142,Fancie,Souttar,fsouttar3x@mlb.com,Male,244.240.84.58
143,Royall,Sille,rsille3y@ovh.net,Male,170.128.4.124
144,Decca,Ferrone,dferrone3z@google.cn,Non-binary,25.72.137.108
145,Ferrell,Trimmell,ftrimmell40@cnbc.com,Polygender,153.144.156.103
146,Gare,Bartalini,gbartalini41@over-blog.com,Genderqueer,234.175.163.150
147,Delores,Bickers,dbickers42@java.com,Genderqueer,86.18.220.157
148,Audre,Wattins,awattins43@flickr.com,Bigender,247.21.53.253
149,Natividad,Dunsleve,ndunsleve44@unc.edu,Polygender,86.226.90.250
150,Sal,Annice,sannice45@yellowpages.com,Agender,179.146.128.162
151,Ewell,Hayford,ehayford46@blogspot.com,Female,7.80.244.255
152,Kimbell,Greenly,kgreenly47@wikispaces.com,Male,247.247.135.239
153,Ardis,Coldbreath,acoldbreath48@un.org,Bigender,107.78.126.133
154,Katha,Balkwill,kbalkwill49@chronoengine.com,Genderqueer,66.27.141.37
155,Demetre,Krienke,dkrienke4a@netvibes.com,Non-binary,245.129.116.35
156,Ralph,Cullity,rcullity4b@usatoday.com,Female,159.81.157.194
157,Ambrosius,Meatcher,ameatcher4c@bloomberg.com,Male,236.97.209.25
158,Kimberley,Beelby,kbeelby4d@fastcompany.com,Polygender,17.62.169.132
159,Sloan,Gleder,sgleder4e@aol.com,Genderfluid,136.13.163.154
160,Anatollo,Harrisson,aharrisson4f@thetimes.co.uk,Polygender,137.199.47.253
161,Cloris,Cooke,ccooke4g@about.com,Agender,206.69.168.240
162,Marla,Rosenauer,mrosenauer4h@ocn.ne.jp,Polygender,77.177.67.67
163,Kally,Kimberly,kkimberly4i@dion.ne.jp,Agender,250.55.230.2
164,Ernesta,Lamas,elamas4j@ucoz.ru,Genderqueer,185.23.157.55
165,Bertha,Delea,bdelea4k@live.com,Polygender,126.9.69.103
166,Em,Mulles,emulles4l@oaic.gov.au,Male,207.88.84.58
167,Grethel,Ivanishchev,givanishchev4m@wikimedia.org,Agender,168.233.137.196
168,Tammara,Ganing,tganing4n@homestead.com,Agender,175.158.48.171
169,Andonis,Drinkel,adrinkel4o@cocolog-nifty.com,Male,212.139.144.150
170,Lyndsay,Crackel,lcrackel4p@soundcloud.com,Agender,152.162.133.88
171,Prinz,Moar,pmoar4q@ustream.tv,Male,49.198.61.236
172,Iosep,Muttock,imuttock4r@sphinn.com,Non-binary,184.170.214.67
173,Mischa,Eleshenar,meleshenar4s@smh.com.au,Genderqueer,9.166.110.161
174,Johny,Balam,jbalam4t@a8.net,Bigender,18.239.232.23
175,Hester,Peperell,hpeperell4u@dailymotion.com,Bigender,37.134.80.119
176,Caldwell,Whittingham,cwhittingham4v@is.gd,Non-binary,108.32.44.94
177,Fleming,Howford,fhowford4w@studiopress.com,Male,204.233.223.249
178,Theresa,Berkelay,tberkelay4x@blogger.com,Agender,3.56.56.210
179,Herman,Ladell,hladell4y@indiatimes.com,Agender,210.47.117.26
180,Lilllie,Chaplain,lchaplain4z@furl.net,Bigender,203.119.186.119
181,Mamie,Aspinal,maspinal50@amazon.co.uk,Non-binary,164.197.6.187
182,Alyssa,O' Concannon,aoconcannon51@123-reg.co.uk,Non-binary,255.159.71.39
183,Giusto,Cronchey,gcronchey52@twitter.com,Non-binary,124.93.37.57
184,Abner,Bambury,abambury53@psu.edu,Female,221.56.138.151
185,Trix,Crow,tcrow54@google.ca,Female,201.6.45.147
186,Cherey,Baggally,cbaggally55@weather.com,Bigender,224.209.71.56
187,Christan,Ledes,cledes56@phoca.cz,Genderqueer,83.10.175.47
188,Linnea,Goody,lgoody57@twitpic.com,Genderfluid,172.241.14.106
189,Lynnea,Petrina,lpetrina58@sciencedirect.com,Genderqueer,161.137.194.165
190,Orion,Danzey,odanzey59@i2i.jp,Bigender,109.109.149.132
191,Arly,Huttley,ahuttley5a@google.ru,Genderfluid,68.228.20.126
192,Rhoda,Tench,rtench5b@moonfruit.com,Genderfluid,229.72.81.168
193,Galvan,Angric,gangric5c@dailymail.co.uk,Polygender,60.51.184.81
194,Brand,Ride,bride5d@gmpg.org,Male,180.117.74.77
195,Felipa,Toxell,ftoxell5e@dot.gov,Bigender,193.198.17.99
196,Hilarius,Pocock,hpocock5f@seesaa.net,Genderfluid,119.112.21.146
197,Efrem,Landreth,elandreth5g@washingtonpost.com,Bigender,233.160.87.4
198,Raimondo,Westpfel,rwestpfel5h@mail.ru,Polygender,208.89.183.205
199,Merry,Bollard,mbollard5i@furl.net,Non-binary,145.95.142.73
200,Chiquita,Colleran,ccolleran5j@vistaprint.com,Bigender,105.63.108.19
201,Phip,Drayton,pdrayton5k@t.co,Bigender,53.113.183.10
202,Marget,Branscomb,mbranscomb5l@reuters.com,Genderfluid,19.239.88.103
203,Jacquette,Edscer,jedscer5m@mtv.com,Male,155.6.177.92
204,Damaris,Baines,dbaines5n@taobao.com,Genderfluid,171.201.51.76
205,Archibald,Middlebrook,amiddlebrook5o@harvard.edu,Polygender,73.15.217.154
206,Madelon,Evamy,mevamy5p@myspace.com,Male,4.67.251.198
207,Alphonso,Regler,aregler5q@google.nl,Bigender,59.112.250.177
208,Donnajean,Whisker,dwhisker5r@purevolume.com,Agender,217.54.214.137
209,Dorene,Leghorn,dleghorn5s@chron.com,Polygender,170.110.67.214
210,Theo,Chastagnier,tchastagnier5t@sfgate.com,Male,138.127.140.242
211,Peadar,Le Leu,pleleu5u@bravesites.com,Agender,108.6.236.118
212,Swen,Blinkhorn,sblinkhorn5v@adobe.com,Female,76.229.149.183
213,Anette,Furmston,afurmston5w@kickstarter.com,Agender,42.155.66.136
214,Danyette,Marians,dmarians5x@ow.ly,Polygender,108.92.195.8
215,Drake,Jaray,djaray5y@quantcast.com,Non-binary,56.156.118.210
216,Matty,Rowet,mrowet5z@mashable.com,Genderqueer,250.167.31.10
217,Julee,Ellerton,jellerton60@indiegogo.com,Genderqueer,141.168.12.228
218,Davine,Fearnsides,dfearnsides61@infoseek.co.jp,Agender,245.191.172.14
219,Margie,Newcom,mnewcom62@sciencedirect.com,Female,8.152.190.68
220,Orazio,Lenormand,olenormand63@engadget.com,Non-binary,129.168.167.17
221,Kendell,Slesser,kslesser64@themeforest.net,Agender,177.230.216.127
222,Carson,Coggin,ccoggin65@weibo.com,Genderfluid,184.234.33.173
223,Kristyn,Crossland,kcrossland66@shutterfly.com,Non-binary,188.231.113.135
224,Jennica,Sunderland,jsunderland67@ask.com,Agender,56.244.51.35
225,Cletus,Allday,callday68@lulu.com,Bigender,22.194.15.138
226,Fania,Soeiro,fsoeiro69@symantec.com,Genderfluid,55.21.24.59
227,Glynn,Sporgeon,gsporgeon6a@state.tx.us,Polygender,127.32.167.178
228,Hewe,Sowman,hsowman6b@google.ru,Genderfluid,178.222.172.247
229,Georgiana,Healing,ghealing6c@nba.com,Genderfluid,201.186.173.222
230,Clementia,Benneton,cbenneton6d@webeden.co.uk,Agender,134.29.71.240
231,Irvin,Jacson,ijacson6e@bloglovin.com,Agender,205.182.91.224
232,Care,Burdell,cburdell6f@pinterest.com,Genderqueer,103.195.88.140
233,Axel,Corballis,acorballis6g@linkedin.com,Non-binary,136.50.208.109
234,Bartel,Bilbrooke,bbilbrooke6h@blogspot.com,Non-binary,57.253.237.43
235,Alvin,Howsin,ahowsin6i@purevolume.com,Male,204.119.72.158
236,Fanchette,Paulisch,fpaulisch6j@cmu.edu,Non-binary,151.171.128.101
237,Angela,Kester,akester6k@buzzfeed.com,Polygender,230.189.130.212
238,Raffaello,Leyton,rleyton6l@usa.gov,Male,21.131.242.37
239,Daryl,Westwell,dwestwell6m@washington.edu,Genderqueer,248.218.139.253
240,Rowe,Bickerstasse,rbickerstasse6n@prnewswire.com,Agender,151.16.187.161
241,Leanna,Hryniewicki,lhryniewicki6o@1688.com,Agender,181.164.63.112
242,Cathyleen,Kryzhov,ckryzhov6p@unicef.org,Genderqueer,113.44.204.183
243,Audi,Gilvear,agilvear6q@behance.net,Non-binary,238.41.152.150
244,Morie,Wheeler,mwheeler6r@globo.com,Genderqueer,57.183.17.16
245,Rory,Polino,rpolino6s@vinaora.com,Agender,25.61.167.54
246,Cobby,Mayfield,cmayfield6t@wsj.com,Non-binary,214.124.247.95
247,Willow,Hattigan,whattigan6u@wikispaces.com,Agender,106.157.153.31
248,Lanni,Ickowicz,lickowicz6v@cdbaby.com,Bigender,39.226.114.239
249,Crista,Maplethorpe,cmaplethorpe6w@typepad.com,Bigender,248.76.163.94
250,Wilmette,Hubatsch,whubatsch6x@netvibes.com,Bigender,122.62.64.234
251,Rae,Alonso,ralonso6y@opera.com,Genderqueer,137.182.14.5
252,Mord,Bugs,mbugs6z@globo.com,Polygender,156.216.186.218
253,Zacharie,Carbery,zcarbery70@twitter.com,Agender,171.238.8.227
254,Sonja,Gilpillan,sgilpillan71@sourceforge.net,Genderfluid,42.102.168.90
255,Lillian,Grimmett,lgrimmett72@walmart.com,Bigender,168.255.138.87
256,Yovonnda,Jeynes,yjeynes73@odnoklassniki.ru,Genderfluid,97.142.26.155
257,Lorin,Musker,lmusker74@goo.ne.jp,Female,129.227.179.26
258,Sharl,Kiossel,skiossel75@ed.gov,Non-binary,93.23.35.136
259,Jodi,Gorusso,jgorusso76@nymag.com,Bigender,154.83.66.148
260,Harmonia,Probet,hprobet77@opera.com,Non-binary,192.150.32.215
261,Ax,Kilgannon,akilgannon78@prweb.com,Bigender,227.236.249.193
262,Phip,Quigley,pquigley79@bloglovin.com,Polygender,88.159.140.18
263,Andriana,Cherrett,acherrett7a@slideshare.net,Genderfluid,136.201.38.232
264,Craggy,De Ruel,cderuel7b@ask.com,Non-binary,89.200.221.171
265,Vaclav,Sheryn,vsheryn7c@zdnet.com,Genderfluid,241.156.228.18
266,Evelyn,Stidson,estidson7d@earthlink.net,Polygender,206.241.193.179
267,Dasie,Trustie,dtrustie7e@narod.ru,Polygender,167.120.131.230
268,Gretchen,Scholer,gscholer7f@ed.gov,Male,95.122.4.255
269,Sergent,Annion,sannion7g@who.int,Non-binary,138.180.138.75
270,Latisha,Durnall,ldurnall7h@elegantthemes.com,Agender,233.208.172.157
271,Keith,Gronous,kgronous7i@tmall.com,Genderfluid,219.194.103.248
272,Elisha,Barendtsen,ebarendtsen7j@free.fr,Polygender,25.190.94.50
273,Helsa,Ketts,hketts7k@pagesperso-orange.fr,Genderfluid,186.58.140.173
274,Tracie,Andrzejczak,tandrzejczak7l@hatena.ne.jp,Non-binary,190.241.27.166
275,Romain,Osband,rosband7m@cnn.com,Non-binary,108.206.204.251
276,Kingsly,Blunden,kblunden7n@qq.com,Genderqueer,235.169.147.107
277,Ephrayim,Scarfe,escarfe7o@bandcamp.com,Polygender,36.153.252.26
278,Milton,Vanichkin,mvanichkin7p@bandcamp.com,Bigender,162.155.175.251
279,Dorri,Iddenden,diddenden7q@cafepress.com,Polygender,66.170.185.253
280,Shantee,Cuvley,scuvley7r@ehow.com,Male,221.162.217.165
281,Vere,Tournay,vtournay7s@bizjournals.com,Polygender,78.155.109.50
282,Hesther,Alanbrooke,halanbrooke7t@toplist.cz,Genderfluid,8.62.154.112
283,Carly,Thomesson,cthomesson7u@shutterfly.com,Non-binary,56.41.148.10
284,Gabie,Costi,gcosti7v@sphinn.com,Genderfluid,99.158.149.255
285,Chlo,Chark,cchark7w@163.com,Genderfluid,7.232.183.160
286,Urbanus,Carlo,ucarlo7x@php.net,Genderfluid,86.159.231.108
287,Melanie,Skeleton,mskeleton7y@senate.gov,Genderfluid,111.169.230.204
288,Opaline,Meni,omeni7z@techcrunch.com,Female,90.235.51.223
289,Verena,Vivian,vvivian80@sphinn.com,Genderqueer,79.14.16.113
290,Karna,Garnett,kgarnett81@gizmodo.com,Non-binary,47.18.159.17
291,Dorolisa,Bonavia,dbonavia82@skype.com,Male,109.31.177.190
292,Halette,Reubel,hreubel83@pcworld.com,Male,66.39.95.79
293,Gearalt,Reubel,greubel84@about.com,Bigender,200.170.242.195
294,Jasen,MacKonochie,jmackonochie85@tuttocitta.it,Bigender,67.228.216.71
295,Felix,Stolworthy,fstolworthy86@ftc.gov,Female,149.245.56.135
296,Benedikt,Druitt,bdruitt87@macromedia.com,Bigender,205.174.37.114
297,Yul,Starbuck,ystarbuck88@wordpress.com,Agender,214.39.7.84
298,Lorrin,Gonthard,lgonthard89@ftc.gov,Genderfluid,63.158.237.108
299,Adel,Dixcee,adixcee8a@yellowpages.com,Genderfluid,35.29.202.248
300,Niven,Mulleary,nmulleary8b@sakura.ne.jp,Male,227.24.13.97
301,Hersch,Wardhaw,hwardhaw8c@soundcloud.com,Agender,136.216.176.53
302,Erasmus,Muro,emuro8d@myspace.com,Polygender,160.220.32.205
303,Madelle,Chatwood,mchatwood8e@wisc.edu,Agender,13.219.254.186
304,Monty,Huntall,mhuntall8f@miitbeian.gov.cn,Genderfluid,209.120.38.37
305,Stephen,Khalid,skhalid8g@ifeng.com,Genderqueer,121.185.229.223
306,Antonietta,Pilger,apilger8h@cnn.com,Genderfluid,12.181.102.187
307,Deny,Papez,dpapez8i@ask.com,Genderqueer,146.192.213.233
308,Carole,Humphrys,chumphrys8j@angelfire.com,Genderfluid,135.2.104.129
309,Valencia,Vanshin,vvanshin8k@dyndns.org,Bigender,92.246.148.107
310,Barbabas,Viggers,bviggers8l@zdnet.com,Female,40.152.5.64
311,Oralia,Meak,omeak8m@nyu.edu,Male,101.129.67.148
312,Pegeen,Crowdace,pcrowdace8n@uiuc.edu,Male,206.204.223.241
313,Devlin,Rosenhaupt,drosenhaupt8o@wp.com,Non-binary,241.207.130.83
314,Donnell,Holehouse,dholehouse8p@omniture.com,Male,66.245.74.32
315,Dulce,Shovell,dshovell8q@dot.gov,Female,147.64.127.95
316,Enrica,Ranald,eranald8r@cnbc.com,Agender,4.206.174.201
317,Gianni,Stratiff,gstratiff8s@yellowbook.com,Non-binary,91.145.60.117
318,Harley,Trowell,htrowell8t@artisteer.com,Genderqueer,181.125.237.138
319,Creight,Sazio,csazio8u@ow.ly,Bigender,52.141.10.39
320,Roley,Houlridge,rhoulridge8v@timesonline.co.uk,Genderfluid,153.228.28.144
321,Robinette,Heaselgrave,rheaselgrave8w@ftc.gov,Genderqueer,188.94.202.238
322,Jeramey,Sedgemond,jsedgemond8x@nyu.edu,Bigender,113.204.246.124
323,Christi,Dabell,cdabell8y@latimes.com,Polygender,209.165.136.169
324,Loren,Cianelli,lcianelli8z@macromedia.com,Non-binary,108.129.177.13
325,Ruthy,Godbold,rgodbold90@hhs.gov,Genderfluid,238.106.30.137
326,Karoly,Nurdin,knurdin91@purevolume.com,Non-binary,217.40.1.27
327,Coop,Bulward,cbulward92@nydailynews.com,Genderfluid,32.212.255.93
328,Sara,Kliner,skliner93@foxnews.com,Female,189.143.154.249
329,Jannel,Martinet,jmartinet94@nasa.gov,Non-binary,29.243.86.206
330,Jae,Samples,jsamples95@comcast.net,Non-binary,185.167.172.15
331,Othello,Mountstephen,omountstephen96@gov.uk,Agender,98.197.114.165
332,Bertha,Bertouloume,bbertouloume97@chron.com,Polygender,17.231.192.232
333,Arlan,Glauber,aglauber98@symantec.com,Polygender,57.187.96.223
334,Floria,Pruce,fpruce99@alibaba.com,Non-binary,146.224.2.116
335,Geralda,Heigho,gheigho9a@ask.com,Bigender,223.101.150.83
336,Anabel,Librey,alibrey9b@berkeley.edu,Polygender,87.153.226.251
337,Krystyna,Terram,kterram9c@examiner.com,Genderqueer,89.1.127.155
338,Obediah,Bare,obare9d@comcast.net,Polygender,51.184.32.142
339,Tiffy,Scarisbrick,tscarisbrick9e@howstuffworks.com,Female,147.214.148.38
340,Laetitia,Pankettman,lpankettman9f@indiatimes.com,Non-binary,70.77.202.120
341,Constanta,Miroy,cmiroy9g@smh.com.au,Genderfluid,117.11.122.223
342,Renard,Demange,rdemange9h@yale.edu,Non-binary,137.28.47.180
343,Mildred,Tomlins,mtomlins9i@ycombinator.com,Polygender,178.73.108.60
344,Mariejeanne,Pirrone,mpirrone9j@fda.gov,Male,161.209.229.219
345,Karina,Nevinson,knevinson9k@hostgator.com,Genderfluid,125.60.145.91
346,Udall,Labern,ulabern9l@naver.com,Non-binary,23.184.183.43
347,Jacky,Goodricke,jgoodricke9m@marriott.com,Genderqueer,106.167.77.57
348,Oliver,Beaby,obeaby9n@jiathis.com,Genderfluid,72.138.168.67
349,Frayda,Robez,frobez9o@reverbnation.com,Agender,248.177.205.133
350,Lorelle,Blasik,lblasik9p@pinterest.com,Bigender,165.244.225.131
351,Bradly,Grishelyov,bgrishelyov9q@abc.net.au,Polygender,128.72.170.113
352,Erinna,Blackney,eblackney9r@latimes.com,Female,107.149.56.143
353,Berry,Sorrie,bsorrie9s@fema.gov,Male,237.142.176.147
354,Edithe,Evans,eevans9t@zimbio.com,Non-binary,160.182.185.242
355,Marwin,Biffin,mbiffin9u@patch.com,Bigender,90.19.207.57
356,Alys,Chetwynd,achetwynd9v@prlog.org,Genderfluid,161.165.190.89
357,Warden,Lawee,wlawee9w@google.com.au,Genderqueer,220.177.18.182
358,Larina,Carleman,lcarleman9x@psu.edu,Bigender,21.109.112.169
359,Gerick,Blenkiron,gblenkiron9y@sbwire.com,Female,83.20.5.102
360,Lesley,Galvin,lgalvin9z@privacy.gov.au,Genderqueer,81.255.177.110
361,Liza,Cafferky,lcafferkya0@squidoo.com,Polygender,94.118.13.227
362,Erasmus,Calfe,ecalfea1@yandex.ru,Female,72.44.5.57
363,Olympe,Antonikov,oantonikova2@nifty.com,Non-binary,12.77.167.38
364,Nessa,Dows,ndowsa3@jugem.jp,Polygender,235.125.94.97
365,Feodor,Sauter,fsautera4@github.com,Agender,24.190.52.165
366,Neile,Clemencet,nclemenceta5@utexas.edu,Bigender,15.0.125.107
367,Archibold,Breward,abrewarda6@stumbleupon.com,Non-binary,96.108.140.78
368,Beatriz,Wherrett,bwherretta7@topsy.com,Agender,69.32.203.99
369,Corby,Forsdike,cforsdikea8@springer.com,Genderfluid,220.241.252.73
370,Gwenni,Drydale,gdrydalea9@dell.com,Genderfluid,162.101.106.30
371,Ginevra,Axtonne,gaxtonneaa@unesco.org,Female,144.54.51.121
372,Terrel,Polk,tpolkab@google.com.hk,Polygender,246.151.41.230
373,Juliette,Cossington,jcossingtonac@ibm.com,Genderqueer,21.250.2.18
374,Elane,MacCracken,emaccrackenad@tripod.com,Female,117.162.248.184
375,Rani,Cathenod,rcathenodae@sina.com.cn,Female,156.7.4.70
376,Zahara,McMeekan,zmcmeekanaf@weather.com,Female,141.5.84.240
377,Vladimir,Gyse,vgyseag@4shared.com,Female,26.204.20.62
378,Wolfie,Gulliver,wgulliverah@vimeo.com,Male,179.100.40.227
379,Chrissie,Bass,cbassai@fda.gov,Agender,50.171.245.214
380,Trever,Castelijn,tcastelijnaj@mlb.com,Polygender,129.198.221.43
381,Garwin,McElory,gmceloryak@artisteer.com,Genderfluid,182.46.13.14
382,Nobe,Traice,ntraiceal@virginia.edu,Bigender,221.239.113.113
383,Erina,Ragge,eraggeam@barnesandnoble.com,Genderfluid,117.136.235.61
384,Alonzo,Linger,alingeran@list-manage.com,Genderqueer,37.215.244.66
385,Fidel,Tandey,ftandeyao@aboutads.info,Female,231.6.240.5
386,Bren,Wigin,bwiginap@tripadvisor.com,Genderfluid,82.202.148.149
387,Sheri,Doncaster,sdoncasteraq@economist.com,Genderqueer,206.172.97.74
388,Mathilde,Smuth,msmuthar@google.com.br,Polygender,105.205.99.90
389,Kirstin,Valance,kvalanceas@wiley.com,Genderqueer,31.21.14.9
390,Lynn,McGorley,lmcgorleyat@google.de,Polygender,32.246.180.12
391,Elisabeth,Ciciura,eciciuraau@dailymotion.com,Polygender,210.225.23.64
392,Madlen,Lowdeane,mlowdeaneav@a8.net,Non-binary,119.244.254.112
393,Finley,Winny,fwinnyaw@wikipedia.org,Non-binary,43.135.213.98
394,Dianne,Beggin,dbegginax@cargocollective.com,Polygender,254.120.129.100
395,Johannes,Siret,jsiretay@about.me,Agender,34.84.149.15
396,Curr,Goodwin,cgoodwinaz@nps.gov,Agender,175.180.91.60
397,Ludovico,Oxlee,loxleeb0@marketwatch.com,Genderfluid,226.176.210.151
398,Alvin,Ticehurst,aticehurstb1@edublogs.org,Male,167.165.234.234
399,Lind,Cockling,lcocklingb2@hp.com,Non-binary,211.1.195.241
400,Bonnie,Castagneto,bcastagnetob3@loc.gov,Genderfluid,91.42.127.119
401,Mufi,Sancho,msanchob4@nps.gov,Bigender,85.178.245.14
402,Aimee,Ruddiforth,aruddiforthb5@cornell.edu,Polygender,194.79.227.108
403,Zorine,McAnellye,zmcanellyeb6@globo.com,Male,92.109.98.139
404,Maxim,de Amaya,mdeamayab7@mashable.com,Polygender,123.63.253.115
405,Tyrone,Edington,tedingtonb8@sourceforge.net,Non-binary,19.132.49.218
406,Philip,Larder,plarderb9@alexa.com,Genderqueer,199.87.164.211
407,Erena,Aronovich,earonovichba@umich.edu,Female,247.170.163.238
408,Sabine,McLurg,smclurgbb@yahoo.co.jp,Male,246.203.169.127
409,Celle,McDougall,cmcdougallbc@home.pl,Female,185.114.103.189
410,Clarence,Tuckie,ctuckiebd@wikispaces.com,Genderqueer,45.200.80.141
411,Osborn,Eteen,oeteenbe@deviantart.com,Agender,3.40.7.114
412,Joceline,Cicconetti,jcicconettibf@plala.or.jp,Bigender,230.251.127.110
413,Astrid,Cooke,acookebg@gizmodo.com,Non-binary,91.157.231.121
414,Colin,Petheridge,cpetheridgebh@wsj.com,Genderqueer,120.59.71.97
415,Hughie,Kaasmann,hkaasmannbi@time.com,Non-binary,180.247.169.33
416,Klemens,Oliva,kolivabj@sphinn.com,Male,193.207.212.199
417,Beck,Medmore,bmedmorebk@ihg.com,Female,187.8.22.231
418,Miriam,Cowell,mcowellbl@ebay.co.uk,Genderqueer,92.120.108.191
419,Osmund,Stienton,ostientonbm@intel.com,Non-binary,10.111.188.104
420,Cloris,Patriche,cpatrichebn@weibo.com,Bigender,29.78.116.173
421,Brent,Billam,bbillambo@pcworld.com,Agender,226.214.255.122
422,Dorotea,Dorricott,ddorricottbp@java.com,Non-binary,222.245.10.23
423,Stevie,Decaze,sdecazebq@so-net.ne.jp,Bigender,199.29.66.147
424,Darlene,Roalfe,droalfebr@dropbox.com,Male,201.124.159.197
425,Wenonah,Wake,wwakebs@toplist.cz,Agender,156.115.149.212
426,Dosi,Carlisso,dcarlissobt@techcrunch.com,Agender,212.248.187.155
427,Alleen,Lillford,alillfordbu@bing.com,Agender,158.1.238.70
428,Shaughn,Pindell,spindellbv@ocn.ne.jp,Male,54.58.28.133
429,Riccardo,Missenden,rmissendenbw@cam.ac.uk,Genderfluid,217.228.1.79
430,Tobit,Kall,tkallbx@prnewswire.com,Male,136.197.169.81
431,Lorelle,Capenor,lcapenorby@addtoany.com,Polygender,58.136.244.72
432,Pearla,Foister,pfoisterbz@ucsd.edu,Male,179.228.236.229
433,Mavra,Sterre,msterrec0@economist.com,Genderqueer,97.235.236.95
434,Terese,Kydd,tkyddc1@comsenz.com,Genderfluid,237.48.154.142
435,Arlene,Bednell,abednellc2@pcworld.com,Male,196.94.28.50
436,Nels,Novic,nnovicc3@about.com,Bigender,10.17.118.93
437,Gothart,Collyer,gcollyerc4@wikimedia.org,Genderfluid,65.54.218.121
438,Xaviera,Casaccia,xcasacciac5@ow.ly,Male,215.136.193.194
439,Geralda,Spalton,gspaltonc6@fema.gov,Male,2.161.145.68
440,Rolfe,Gytesham,rgyteshamc7@sbwire.com,Female,236.182.136.53
441,Merv,Duinkerk,mduinkerkc8@pbs.org,Non-binary,19.109.18.243
442,Corrinne,Slimme,cslimmec9@cbslocal.com,Male,155.141.191.93
443,Glen,Ludlow,gludlowca@etsy.com,Female,167.75.127.91
444,Darnell,Huban,dhubancb@ed.gov,Female,128.188.227.154
445,Roseanna,Vick,rvickcc@istockphoto.com,Female,240.139.162.95
446,Pansy,Maudlen,pmaudlencd@addthis.com,Genderfluid,240.197.198.224
447,Frayda,Weerdenburg,fweerdenburgce@opensource.org,Female,216.39.171.247
448,Trenton,Rentelll,trentelllcf@simplemachines.org,Male,43.43.116.114
449,Freddy,Dewey,fdeweycg@jigsy.com,Polygender,66.253.116.137
450,Granthem,Alfonzo,galfonzoch@scientificamerican.com,Bigender,182.251.225.171
451,Ram,Donke,rdonkeci@prnewswire.com,Polygender,133.98.10.176
452,Alayne,Martinello,amartinellocj@shinystat.com,Polygender,132.144.232.170
453,Jayme,Gudgen,jgudgenck@scribd.com,Agender,66.252.200.121
454,Friedrick,Lotze,flotzecl@mayoclinic.com,Bigender,102.191.233.235
455,Friedrich,Gilyatt,fgilyattcm@amazon.com,Genderfluid,36.26.251.43
456,Tatiania,Davitashvili,tdavitashvilicn@odnoklassniki.ru,Female,175.56.60.166
457,Shannon,Ramiro,sramiroco@merriam-webster.com,Female,71.6.101.167
458,Lucienne,McKelvey,lmckelveycp@salon.com,Male,250.199.119.207
459,Veronique,Lampe,vlampecq@last.fm,Polygender,210.145.207.54
460,Rolland,Kenningham,rkenninghamcr@bbb.org,Genderqueer,136.122.215.104
461,Heidi,Ell,hellcs@aboutads.info,Non-binary,115.43.132.30
462,Roseline,Jerschke,rjerschkect@telegraph.co.uk,Agender,225.151.89.193
463,Carleen,Charlson,ccharlsoncu@addthis.com,Female,139.129.190.5
464,Kenneth,Gill,kgillcv@icq.com,Polygender,222.199.24.185
465,Claudio,Blackborough,cblackboroughcw@ow.ly,Agender,147.237.196.20
466,Lissie,Aleavy,laleavycx@senate.gov,Male,30.178.85.129
467,Christean,Burstow,cburstowcy@fc2.com,Bigender,118.73.176.112
468,Madison,Luno,mlunocz@addtoany.com,Non-binary,166.93.244.186
469,Ddene,Warrior,dwarriord0@g.co,Genderqueer,16.193.53.240
470,Boonie,Fewster,bfewsterd1@bluehost.com,Female,64.113.164.93
471,August,Seccombe,aseccombed2@npr.org,Non-binary,169.163.41.89
472,Tybie,Rowsel,trowseld3@cyberchimps.com,Genderqueer,116.159.207.206
473,Morly,Usborn,musbornd4@newsvine.com,Genderfluid,200.43.82.175
474,Rudie,Huggill,rhuggilld5@cyberchimps.com,Bigender,254.248.21.253
475,Yorke,Ackrill,yackrilld6@lulu.com,Non-binary,150.249.109.169
476,Roosevelt,Barabisch,rbarabischd7@infoseek.co.jp,Agender,200.161.112.115
477,Jeni,Greswell,jgreswelld8@blogspot.com,Male,54.59.99.168
478,Tildie,Asche,tasched9@bbb.org,Genderfluid,144.218.34.52
479,Darleen,Goodrum,dgoodrumda@parallels.com,Genderfluid,212.245.227.179
480,Correy,Bowell,cbowelldb@economist.com,Female,106.13.231.71
481,Phoebe,Wyndham,pwyndhamdc@opera.com,Genderqueer,134.216.234.194
482,Gene,Harcombe,gharcombedd@netvibes.com,Bigender,44.137.18.132
483,Kelley,Torry,ktorryde@tmall.com,Female,35.51.187.241
484,Barri,Schultes,bschultesdf@hugedomains.com,Genderfluid,179.247.80.67
485,Barrie,Cranshaw,bcranshawdg@google.it,Polygender,105.158.80.167
486,Bettine,Karys,bkarysdh@marketwatch.com,Agender,54.121.106.109
487,Lisetta,Pynner,lpynnerdi@paginegialle.it,Female,150.5.32.109
488,Riccardo,Whitehorn,rwhitehorndj@github.com,Polygender,221.90.104.21
489,Sam,Gooderick,sgooderickdk@instagram.com,Genderqueer,80.220.76.27
490,Terrell,Jouanet,tjouanetdl@prnewswire.com,Agender,46.151.183.25
491,Robin,Bachshell,rbachshelldm@bloomberg.com,Bigender,46.115.92.140
492,Jody,Galea,jgaleadn@arstechnica.com,Bigender,19.183.219.211
493,Dall,Tankard,dtankarddo@usatoday.com,Genderqueer,233.224.76.14
494,Johannah,Sillars,jsillarsdp@illinois.edu,Genderqueer,28.248.197.29
495,Verena,Sandham,vsandhamdq@guardian.co.uk,Genderqueer,157.128.49.220
496,Dionisio,Stayte,dstaytedr@walmart.com,Agender,163.126.226.212
497,Reinhold,Filippi,rfilippids@whitehouse.gov,Genderfluid,35.59.183.126
498,Sal,Poskitt,sposkittdt@yahoo.com,Bigender,169.29.125.22
499,Shirl,Etridge,setridgedu@etsy.com,Polygender,169.241.57.75
500,Lusa,Greensitt,lgreensittdv@amazon.co.jp,Genderfluid,51.244.97.100
501,Farrell,Loffhead,floffheaddw@aboutads.info,Male,197.194.155.229
502,Arron,Santoro,asantorodx@hibu.com,Genderqueer,90.230.46.215
503,Doll,Iban,dibandy@columbia.edu,Male,114.133.12.27
504,Talia,Whitchurch,twhitchurchdz@free.fr,Male,237.208.54.61
505,Addi,Chapell,achapelle0@businessweek.com,Female,205.167.227.163
506,Woodie,Lefridge,wlefridgee1@mashable.com,Agender,141.163.179.35
507,Roldan,Marchbank,rmarchbanke2@google.ru,Female,146.38.182.207
508,Arin,Hann,ahanne3@squidoo.com,Bigender,25.181.174.81
509,Joyan,Rivilis,jrivilise4@unc.edu,Genderfluid,131.220.151.186
510,Felipe,Gaze,fgazee5@phpbb.com,Male,208.206.163.37
511,Romona,Iacovino,riacovinoe6@craigslist.org,Bigender,248.41.149.189
512,Ezekiel,Breeder,ebreedere7@github.com,Non-binary,179.19.53.254
513,Si,Snyder,ssnydere8@kickstarter.com,Female,188.192.162.38
514,Alicia,Hemerijk,ahemerijke9@naver.com,Male,123.210.116.112
515,Patin,Skipworth,pskipworthea@artisteer.com,Genderqueer,222.192.116.135
516,Beatrice,Coppin,bcoppineb@state.gov,Male,185.241.37.203
517,Myrtice,Speedin,mspeedinec@shareasale.com,Non-binary,9.226.145.251
518,Marcellus,Penelli,mpenellied@theguardian.com,Polygender,249.84.112.29
519,Kerk,Farrand,kfarrandee@adobe.com,Agender,49.253.97.108
520,Hermann,Claige,hclaigeef@youtu.be,Non-binary,176.255.7.39
521,Eimile,Vannucci,evannuccieg@ycombinator.com,Male,144.227.233.110
522,Marissa,Greenhalgh,mgreenhalgheh@1und1.de,Genderfluid,48.51.14.141
523,Marijo,Hincham,mhinchamei@dell.com,Agender,39.252.193.48
524,Lynsey,Brisco,lbriscoej@linkedin.com,Agender,27.92.59.252
525,Hy,Plampin,hplampinek@nytimes.com,Genderqueer,242.120.227.173
526,Bev,Allabarton,ballabartonel@weebly.com,Bigender,253.149.97.254
527,Floria,Leadbeatter,fleadbeatterem@hatena.ne.jp,Genderfluid,58.126.56.67
528,Grethel,Brudenell,gbrudenellen@whitehouse.gov,Male,4.200.244.22
529,Tilda,Perrycost,tperrycosteo@columbia.edu,Polygender,221.247.104.41
530,Umberto,Bomb,ubombep@time.com,Female,215.136.180.244
531,Elwin,Gainseford,egainsefordeq@unc.edu,Genderqueer,77.222.239.195
532,Ricardo,Wileman,rwilemaner@linkedin.com,Non-binary,163.111.167.14
533,Mureil,Parkhouse,mparkhousees@godaddy.com,Genderfluid,44.182.71.74
534,Manuel,Gibbins,mgibbinset@amazon.com,Non-binary,150.231.123.255
535,Barty,Housen,bhouseneu@walmart.com,Male,73.84.212.118
536,Corby,Bellelli,cbellelliev@altervista.org,Agender,175.81.197.147
537,Bobbie,Aleveque,balevequeew@boston.com,Female,136.8.192.207
538,Elna,Winchester,ewinchesterex@pcworld.com,Agender,225.44.98.195
539,Carmine,Pittson,cpittsoney@tumblr.com,Female,152.45.85.153
540,Alistair,Reinhart,areinhartez@sogou.com,Genderfluid,95.246.181.29
541,Cy,Oke,cokef0@ow.ly,Genderqueer,88.215.66.189
542,Gloriane,Dafforne,gdaffornef1@kickstarter.com,Agender,226.23.26.147
543,Retha,Plaxton,rplaxtonf2@free.fr,Female,63.255.80.64
544,Isahella,Quenby,iquenbyf3@redcross.org,Male,195.213.209.216
545,Augy,Brader,abraderf4@joomla.org,Polygender,157.202.220.72
546,Florencia,Connikie,fconnikief5@vistaprint.com,Female,46.26.82.200
547,Leupold,Gorner,lgornerf6@deviantart.com,Male,137.206.61.64
548,Coralie,Kall,ckallf7@sbwire.com,Bigender,171.36.230.235
549,Isak,Fairbank,ifairbankf8@cdc.gov,Male,51.172.32.192
550,Kippar,Wince,kwincef9@jugem.jp,Polygender,241.193.249.16
551,Antons,Lawerence,alawerencefa@utexas.edu,Male,14.205.80.169
552,Delcina,Dirand,ddirandfb@whitehouse.gov,Agender,221.54.147.38
553,Corena,Isherwood,cisherwoodfc@miitbeian.gov.cn,Genderqueer,86.156.95.18
554,Modestia,Southgate,msouthgatefd@latimes.com,Male,14.8.26.17
555,Cordy,McClinton,cmcclintonfe@bluehost.com,Bigender,15.42.144.4
556,Ynez,Whitebrook,ywhitebrookff@cyberchimps.com,Bigender,7.78.15.157
557,Kyrstin,Cornill,kcornillfg@yellowpages.com,Genderqueer,2.88.49.179
558,Lorenza,Menguy,lmenguyfh@google.it,Agender,240.71.216.131
559,Luce,Kerfod,lkerfodfi@aboutads.info,Genderqueer,97.130.115.121
560,Junette,Atchly,jatchlyfj@desdev.cn,Bigender,200.243.193.224
561,Antonietta,McAusland,amcauslandfk@hugedomains.com,Agender,249.166.112.60
562,Rutter,Gauthorpp,rgauthorppfl@nps.gov,Genderqueer,160.98.229.12
563,Finn,Jesson,fjessonfm@usgs.gov,Genderfluid,221.112.82.204
564,Domini,Dahlgren,ddahlgrenfn@sciencedaily.com,Genderfluid,105.86.10.137
565,Mahala,Pierce,mpiercefo@fema.gov,Bigender,37.127.103.41
566,Cassandry,Mushart,cmushartfp@fema.gov,Agender,102.98.127.148
567,Witty,Handley,whandleyfq@yandex.ru,Genderfluid,72.127.54.209
568,Reggie,Claworth,rclaworthfr@apache.org,Agender,154.2.93.26
569,Marty,Zoppie,mzoppiefs@dmoz.org,Genderqueer,235.18.63.151
570,Lorant,Ellerker,lellerkerft@oaic.gov.au,Bigender,181.227.22.142
571,Leola,Clooney,lclooneyfu@whitehouse.gov,Bigender,156.125.148.183
572,Raychel,Buten,rbutenfv@paginegialle.it,Polygender,147.97.35.159
573,Stormy,Pietroni,spietronifw@php.net,Bigender,13.226.178.221
574,Deanna,Middlehurst,dmiddlehurstfx@yahoo.co.jp,Genderqueer,142.95.138.115
575,Daveta,Cosgrave,dcosgravefy@cisco.com,Non-binary,103.14.115.41
576,Cecily,Mealing,cmealingfz@opera.com,Genderqueer,241.128.43.172
577,Damien,MacCallam,dmaccallamg0@sphinn.com,Bigender,198.64.26.1
578,Jennette,Akast,jakastg1@cam.ac.uk,Male,172.148.117.184
579,Russ,Gudd,rguddg2@ucsd.edu,Genderfluid,1.67.148.179
580,Sonnnie,Toke,stokeg3@sohu.com,Female,252.237.189.123
581,Belva,Feaviour,bfeaviourg4@bandcamp.com,Genderqueer,219.120.117.241
582,Corabella,Gibbon,cgibbong5@shareasale.com,Agender,120.202.133.135
583,Rianon,Lainton,rlaintong6@bloomberg.com,Non-binary,224.16.162.192
584,Marj,Pyffe,mpyffeg7@bloglines.com,Genderfluid,18.208.119.249
585,Tristam,Woolcocks,twoolcocksg8@tamu.edu,Female,7.62.236.202
586,Leticia,Cornbell,lcornbellg9@blinklist.com,Genderqueer,215.36.130.254
587,Caryl,Spurnier,cspurnierga@blinklist.com,Bigender,146.59.228.106
588,Darwin,Sauvage,dsauvagegb@dropbox.com,Agender,191.60.47.102
589,Ethan,Plott,eplottgc@washingtonpost.com,Polygender,2.57.67.4
590,Eadith,Adiscot,eadiscotgd@google.com,Non-binary,132.34.75.37
591,Sullivan,Gillard,sgillardge@globo.com,Bigender,112.133.217.93
592,Rosina,Naisbitt,rnaisbittgf@dagondesign.com,Male,229.167.191.179
593,Lenci,Benny,lbennygg@craigslist.org,Genderfluid,234.38.173.238
594,Roderich,Lerwill,rlerwillgh@army.mil,Bigender,224.148.242.54
595,Dody,Kilbee,dkilbeegi@freewebs.com,Agender,150.46.34.244
596,Norina,Akers,nakersgj@ibm.com,Genderfluid,166.144.231.171
597,Joyous,Ashdown,jashdowngk@oakley.com,Male,116.3.189.128
598,Uriel,Huggons,uhuggonsgl@arstechnica.com,Agender,204.253.99.242
599,Nickey,Moller,nmollergm@blogspot.com,Non-binary,208.62.33.81
600,Darbie,Munslow,dmunslowgn@wp.com,Genderqueer,11.57.105.223
601,Thomas,Shimmings,tshimmingsgo@narod.ru,Agender,52.9.47.115
602,Brandice,Rawes,brawesgp@youku.com,Polygender,115.133.94.100
603,Gerladina,Candelin,gcandelingq@dagondesign.com,Genderqueer,171.30.228.223
604,Michele,Nockles,mnocklesgr@cargocollective.com,Non-binary,178.55.15.186
605,Jess,Shah,jshahgs@unblog.fr,Non-binary,184.174.24.180
606,Reuben,Semper,rsempergt@ebay.co.uk,Genderqueer,50.197.155.181
607,Abra,Hunton,ahuntongu@multiply.com,Female,90.166.28.75
608,Hetti,Spatari,hspatarigv@php.net,Genderfluid,23.140.72.217
609,Codi,Reaper,creapergw@house.gov,Agender,139.233.4.65
610,Berta,Huws,bhuwsgx@census.gov,Genderqueer,130.203.78.26
611,Maggie,Bartolijn,mbartolijngy@facebook.com,Agender,202.11.36.115
612,Barron,Cominetti,bcominettigz@histats.com,Agender,193.237.230.48
613,Nicole,Mathers,nmathersh0@buzzfeed.com,Genderqueer,214.71.62.117
614,Brade,Beattie,bbeattieh1@pen.io,Non-binary,2.244.45.39
615,Janenna,Stroobant,jstroobanth2@ft.com,Male,231.85.173.130
616,Tibold,Spere,tspereh3@goo.gl,Polygender,211.50.68.166
617,Angel,Hazael,ahazaelh4@e-recht24.de,Female,68.182.146.66
618,Donielle,Hum,dhumh5@posterous.com,Polygender,58.170.28.203
619,Nye,Fyfield,nfyfieldh6@plala.or.jp,Bigender,58.141.20.15
620,Stacy,Risebrow,srisebrowh7@amazon.co.uk,Male,252.150.109.135
621,Danella,Raffles,drafflesh8@fotki.com,Agender,47.104.187.14
622,Anet,Alexandre,aalexandreh9@feedburner.com,Polygender,123.224.202.21
623,Morgun,Aleshintsev,maleshintsevha@opera.com,Genderqueer,162.199.20.56
624,Wilma,Swepstone,wswepstonehb@mlb.com,Bigender,46.100.254.18
625,Trula,Sidebottom,tsidebottomhc@columbia.edu,Genderfluid,246.230.8.12
626,Noble,Gofton,ngoftonhd@ftc.gov,Genderqueer,228.151.243.33
627,Stanislas,Le Cornu,slecornuhe@elegantthemes.com,Genderqueer,72.123.83.42
628,Roger,Legging,rlegginghf@umich.edu,Genderqueer,232.87.226.38
629,Deanne,Cone,dconehg@google.ca,Non-binary,228.1.135.86
630,Shayla,Brookhouse,sbrookhousehh@zimbio.com,Genderqueer,184.80.220.175
631,Dallas,McGoogan,dmcgooganhi@indiatimes.com,Female,230.46.104.215
632,Sammie,Dionisio,sdionisiohj@de.vu,Male,149.30.66.107
633,Zacharia,Perch,zperchhk@latimes.com,Polygender,28.51.237.55
634,Wrennie,Swift,wswifthl@over-blog.com,Non-binary,13.193.251.66
635,Wanids,Kentwell,wkentwellhm@nationalgeographic.com,Polygender,39.130.244.237
636,Lock,Landall,llandallhn@techcrunch.com,Polygender,132.95.29.211
637,Kristian,Gabbatiss,kgabbatissho@npr.org,Agender,236.127.146.39
638,Munmro,Reuble,mreublehp@nsw.gov.au,Genderfluid,81.226.91.7
639,Saunders,Roseblade,srosebladehq@behance.net,Male,160.14.89.239
640,Joseph,Jeger,jjegerhr@yelp.com,Non-binary,239.200.211.77
641,Jackquelin,Marrett,jmarretths@dyndns.org,Agender,203.50.246.5
642,Ede,Vigars,evigarsht@uiuc.edu,Bigender,31.51.81.144
643,Maisey,Palser,mpalserhu@typepad.com,Agender,0.173.149.220
644,Dalston,Riccardi,driccardihv@imgur.com,Non-binary,104.141.62.117
645,Mellisent,Spaice,mspaicehw@discovery.com,Non-binary,25.91.48.146
646,Willy,Covolini,wcovolinihx@deviantart.com,Female,249.172.68.188
647,Kendal,Maidlow,kmaidlowhy@smugmug.com,Genderfluid,85.110.83.7
648,Kristen,Buttner,kbuttnerhz@free.fr,Agender,86.145.47.87
649,Jacquenetta,MacCumiskey,jmaccumiskeyi0@scientificamerican.com,Polygender,137.207.142.204
650,Del,Townshend,dtownshendi1@soup.io,Genderfluid,68.58.231.74
651,Ignatius,Diffley,idiffleyi2@webs.com,Bigender,97.240.239.2
652,Nellie,Garthland,ngarthlandi3@bandcamp.com,Genderqueer,185.219.62.211
653,Sauveur,Brickstock,sbrickstocki4@about.com,Genderfluid,64.159.193.103
654,Lanita,Spiaggia,lspiaggiai5@ifeng.com,Polygender,4.90.17.71
655,Roley,Mc Andrew,rmcandrewi6@columbia.edu,Genderqueer,230.101.114.158
656,Delly,Stollberg,dstollbergi7@naver.com,Non-binary,83.111.91.134
657,Sandi,Poleykett,spoleyketti8@google.nl,Agender,107.135.42.107
658,Caitlin,Meeron,cmeeroni9@telegraph.co.uk,Agender,191.165.7.146
659,Coral,Sherrington,csherringtonia@tinyurl.com,Genderfluid,30.43.242.124
660,Galvin,Houlison,ghoulisonib@yahoo.co.jp,Bigender,62.172.206.127
661,Maddy,Whitticks,mwhitticksic@nps.gov,Bigender,109.200.214.42
662,Wendie,Chezier,wchezierid@state.gov,Genderfluid,134.150.151.151
663,Jasmine,Dymidowski,jdymidowskiie@rakuten.co.jp,Genderqueer,184.119.117.89
664,Georges,Dillet,gdilletif@alexa.com,Bigender,158.39.27.23
665,Gasper,Hadcroft,ghadcroftig@networkadvertising.org,Female,235.106.50.64
666,Haywood,Bown,hbownih@wiley.com,Genderfluid,192.148.53.203
667,Bevon,Bon,bbonii@paginegialle.it,Non-binary,35.204.64.22
668,Steven,Speek,sspeekij@wikispaces.com,Genderqueer,91.97.212.90
669,Rosalyn,Hinners,rhinnersik@si.edu,Genderfluid,145.158.247.120
670,Sharleen,Kirwood,skirwoodil@google.nl,Non-binary,172.124.92.130
671,Nigel,Ollington,nollingtonim@buzzfeed.com,Female,207.84.6.234
672,Meir,Mouser,mmouserin@mapquest.com,Genderfluid,45.124.16.231
673,Dido,Golda,dgoldaio@slashdot.org,Bigender,58.4.101.73
674,L;urette,Pendre,lpendreip@friendfeed.com,Non-binary,75.107.31.146
675,Abbe,Everingham,aeveringhamiq@webeden.co.uk,Bigender,47.96.211.132
676,Bobbie,Kenewel,bkenewelir@surveymonkey.com,Genderfluid,192.30.233.243
677,Christal,Ugolotti,cugolottiis@altervista.org,Bigender,174.45.124.131
678,Alexandrina,Ahrend,aahrendit@addtoany.com,Genderqueer,64.140.18.23
679,Garey,Clears,gclearsiu@prweb.com,Female,121.228.153.248
680,Abramo,Clifford,acliffordiv@adobe.com,Male,45.188.84.40
681,Mirabel,Pitchford,mpitchfordiw@noaa.gov,Agender,154.123.5.48
682,Cherie,Rumney,crumneyix@dropbox.com,Non-binary,242.1.128.190
683,Claudetta,Biasetti,cbiasettiiy@nih.gov,Bigender,247.112.232.215
684,Kial,Athowe,kathoweiz@ftc.gov,Female,138.128.245.110
685,Base,Devall,bdevallj0@mapquest.com,Genderfluid,228.155.101.48
686,Claudette,McLarnon,cmclarnonj1@cocolog-nifty.com,Bigender,248.38.198.92
687,Lind,Sheaf,lsheafj2@biblegateway.com,Genderqueer,2.146.131.192
688,Josias,Collingham,jcollinghamj3@desdev.cn,Polygender,231.55.85.44
689,Benton,Saintpierre,bsaintpierrej4@economist.com,Agender,214.248.128.163
690,Kittie,Downing,kdowningj5@marriott.com,Male,124.115.225.29
691,Odelinda,Prestidge,oprestidgej6@google.cn,Polygender,13.239.241.125
692,Junia,Simonetto,jsimonettoj7@furl.net,Polygender,245.67.243.153
693,Madelaine,Oene,moenej8@jiathis.com,Genderqueer,78.225.11.86
694,Dion,Orknay,dorknayj9@pbs.org,Agender,194.26.155.66
695,Aprilette,Nelthorpe,anelthorpeja@youtube.com,Male,14.85.183.162
696,Billie,Willetts,bwillettsjb@etsy.com,Genderqueer,162.216.152.72
697,Jules,Dell 'Orto,jdellortojc@google.de,Bigender,244.34.63.41
698,Kristine,Cruces,kcrucesjd@mapy.cz,Genderfluid,225.99.203.73
699,Lay,Behan,lbehanje@foxnews.com,Male,84.90.172.13
700,Jackie,Brimham,jbrimhamjf@istockphoto.com,Female,221.86.242.27
701,Bart,Stanney,bstanneyjg@bloglines.com,Genderfluid,180.35.181.138
702,Shem,Presho,spreshojh@joomla.org,Polygender,225.231.209.81
703,Kitty,Dillinton,kdillintonji@soundcloud.com,Non-binary,150.158.219.80
704,Sybyl,Matterface,smatterfacejj@miitbeian.gov.cn,Bigender,57.8.251.142
705,Josie,Mathias,jmathiasjk@bbb.org,Female,145.131.21.170
706,Tamqrah,Tuckerman,ttuckermanjl@state.gov,Agender,242.38.224.246
707,Bertie,McRorie,bmcroriejm@macromedia.com,Bigender,104.92.248.108
708,Patrizius,Battson,pbattsonjn@china.com.cn,Male,90.253.8.193
709,Clarita,Tooher,ctooherjo@bloomberg.com,Bigender,47.224.35.103
710,Claresta,Ripper,cripperjp@cbc.ca,Genderfluid,9.56.236.46
711,Howey,Massei,hmasseijq@webeden.co.uk,Male,132.109.10.71
712,Zulema,Fain,zfainjr@wired.com,Male,167.78.186.58
713,Nadya,O'Kennedy,nokennedyjs@ow.ly,Non-binary,239.14.207.155
714,Ev,De La Coste,edelacostejt@lulu.com,Genderqueer,240.192.154.36
715,Tamas,Follet,tfolletju@parallels.com,Bigender,202.24.99.227
716,Melessa,Casserley,mcasserleyjv@comsenz.com,Polygender,168.8.207.247
717,Ros,Aglione,raglionejw@liveinternet.ru,Male,175.167.60.85
718,Haydon,Szymanowicz,hszymanowiczjx@51.la,Bigender,154.145.96.166
719,Giacopo,Jereatt,gjereattjy@so-net.ne.jp,Genderqueer,152.146.191.170
720,Brande,Silver,bsilverjz@arizona.edu,Non-binary,19.78.67.40
721,Audrey,Pitcher,apitcherk0@redcross.org,Female,170.203.148.82
722,Kaja,Munton,kmuntonk1@dropbox.com,Bigender,215.255.124.8
723,Ase,Troup,atroupk2@upenn.edu,Polygender,124.197.106.79
724,Colly,Dreamer,cdreamerk3@intel.com,Non-binary,32.250.178.182
725,Reid,Crum,rcrumk4@ihg.com,Non-binary,166.238.160.88
726,Aloise,Letford,aletfordk5@fotki.com,Polygender,218.246.132.47
727,Shoshanna,Union,sunionk6@symantec.com,Female,61.160.178.31
728,Brandie,Marchi,bmarchik7@hhs.gov,Polygender,197.113.145.235
729,Maddy,Bener,mbenerk8@nydailynews.com,Genderfluid,91.142.226.235
730,Bella,Savary,bsavaryk9@acquirethisname.com,Polygender,127.105.127.140
731,Jerrilyn,Attlee,jattleeka@networkadvertising.org,Agender,67.76.19.96
732,Rhetta,Matthewman,rmatthewmankb@who.int,Genderfluid,145.139.245.164
733,Jobie,Bitcheno,jbitchenokc@comsenz.com,Non-binary,68.19.137.36
734,Hans,Heyns,hheynskd@google.co.uk,Male,13.34.223.126
735,Clarey,Ebi,cebike@163.com,Male,47.35.70.12
736,Ermanno,Dimmick,edimmickkf@google.nl,Genderqueer,120.137.159.28
737,Krishna,Collington,kcollingtonkg@rediff.com,Agender,154.86.215.62
738,Roxanne,Skiplorne,rskiplornekh@admin.ch,Male,136.32.192.161
739,Heath,Drewry,hdrewryki@google.cn,Non-binary,17.111.121.109
740,Lorrie,Keeltagh,lkeeltaghkj@google.ru,Non-binary,94.215.93.99
741,Ulberto,Shuttleworth,ushuttleworthkk@live.com,Non-binary,53.3.25.203
742,Debera,Brenstuhl,dbrenstuhlkl@liveinternet.ru,Agender,204.66.219.118
743,Avery,Rostern,arosternkm@shinystat.com,Non-binary,207.9.98.194
744,Leigha,Conichie,lconichiekn@shop-pro.jp,Bigender,7.126.143.137
745,Beret,Perrelli,bperrelliko@yahoo.com,Genderfluid,173.17.8.169
746,Petey,Theze,pthezekp@cnet.com,Non-binary,74.58.156.124
747,Lilyan,Hallett,lhallettkq@t.co,Genderfluid,229.56.28.56
748,Aurlie,Priest,apriestkr@smugmug.com,Agender,214.247.126.107
749,Nathanael,Leigh,nleighks@yellowbook.com,Bigender,128.191.49.62
750,Rea,Salerg,rsalergkt@google.co.jp,Bigender,217.33.201.218
751,Vasilis,Wear,vwearku@samsung.com,Genderqueer,159.42.21.164
752,Dilan,Spilling,dspillingkv@nymag.com,Non-binary,50.31.105.91
753,Eliot,Turney,eturneykw@sourceforge.net,Female,119.172.150.89
754,Buddie,Goade,bgoadekx@imgur.com,Genderqueer,19.243.134.216
755,Isidore,Dahlbom,idahlbomky@icq.com,Non-binary,166.75.6.54
756,Marijo,Keppe,mkeppekz@guardian.co.uk,Male,16.186.167.72
757,Pauli,Houson,phousonl0@opensource.org,Genderqueer,72.79.10.97
758,Sarine,Downie,sdowniel1@umich.edu,Female,32.138.192.59
759,Anthony,Vial,aviall2@amazonaws.com,Bigender,96.38.168.173
760,Kliment,Assiter,kassiterl3@phpbb.com,Non-binary,169.138.13.46
761,Ker,Bladen,kbladenl4@tumblr.com,Genderfluid,184.226.235.227
762,Niels,McCarthy,nmccarthyl5@nih.gov,Genderqueer,11.179.46.96
763,Rosabelle,Corner,rcornerl6@wisc.edu,Genderqueer,35.153.57.71
764,Ellette,Pluck,epluckl7@bravesites.com,Genderqueer,26.164.67.226
765,Spence,Kidstone,skidstonel8@uiuc.edu,Agender,135.243.94.111
766,Wallas,Ivanaev,wivanaevl9@sitemeter.com,Bigender,36.29.242.105
767,Tilly,Isted,tistedla@dailymail.co.uk,Agender,14.234.115.59
768,Perkin,Cours,pcourslb@reference.com,Agender,148.181.137.44
769,Ariella,Pezey,apezeylc@twitter.com,Male,253.229.112.111
770,Seka,Reaveley,sreaveleyld@reuters.com,Bigender,103.75.201.62
771,Tobin,Conlaund,tconlaundle@si.edu,Bigender,83.15.24.237
772,Justina,Kuhl,jkuhllf@china.com.cn,Polygender,219.190.65.30
773,Reginauld,Bonnar,rbonnarlg@hatena.ne.jp,Non-binary,85.211.32.152
774,Estevan,Lowdham,elowdhamlh@illinois.edu,Bigender,41.17.78.46
775,Erina,Denyer,edenyerli@nydailynews.com,Genderqueer,114.215.129.126
776,Tiffani,By,tbylj@abc.net.au,Genderfluid,163.212.188.184
777,Beckie,Purdie,bpurdielk@google.com,Bigender,252.24.100.88
778,Brig,Kaye,bkayell@networksolutions.com,Polygender,207.102.147.201
779,Eugenie,Lackie,elackielm@edublogs.org,Agender,134.152.155.225
780,Demetrius,M'Chirrie,dmchirrieln@theatlantic.com,Male,44.141.187.193
781,Rafaellle,Coalburn,rcoalburnlo@uol.com.br,Genderfluid,56.138.196.210
782,Angelia,Tommasi,atommasilp@harvard.edu,Female,152.27.199.3
783,Rufus,Robez,rrobezlq@g.co,Genderqueer,251.38.84.188
784,Gabriela,Kidner,gkidnerlr@qq.com,Polygender,17.94.143.192
785,Monte,Lillicrop,mlillicropls@state.gov,Female,196.145.81.123
786,Keenan,Kelwick,kkelwicklt@tinyurl.com,Female,5.205.157.23
787,Ciel,Trusler,ctruslerlu@jalbum.net,Female,35.229.196.82
788,Kasey,Lavis,klavislv@google.com.au,Genderfluid,41.80.24.138
789,Griswold,Labbez,glabbezlw@live.com,Non-binary,13.22.159.236
790,Feodor,Bazek,fbazeklx@i2i.jp,Genderqueer,120.134.100.16
791,Sydney,Yitzhakov,syitzhakovly@histats.com,Female,203.166.221.100
792,Rhona,Bradie,rbradielz@github.io,Polygender,145.216.215.199
793,Adrien,Gallant,agallantm0@bandcamp.com,Non-binary,158.242.192.17
794,Lynnett,Ales0,lalesm1@phpbb.com,Male,60.70.113.143
795,Brigham,Wark,bwarkm2@usda.gov,Female,245.139.96.54
796,Deeyn,Duthie,dduthiem3@webnode.com,Genderfluid,4.28.203.109
797,Christalle,Banger,cbangerm4@foxnews.com,Bigender,133.20.236.213
798,Georgia,Minto,gmintom5@canalblog.com,Bigender,25.33.205.187
799,Devon,Bleacher,dbleacherm6@cbsnews.com,Agender,61.242.145.236
800,Gordan,Egginton,geggintonm7@ocn.ne.jp,Bigender,207.43.234.147
801,Madeleine,Giffen,mgiffenm8@ezinearticles.com,Agender,232.219.154.18
802,Ninetta,Pelos,npelosm9@t-online.de,Bigender,117.123.11.198
803,Carly,Skipper,cskipperma@alibaba.com,Genderqueer,184.182.219.99
804,Barr,Walkington,bwalkingtonmb@loc.gov,Agender,18.204.11.103
805,Wilmer,Greenhall,wgreenhallmc@google.nl,Male,57.59.156.159
806,Munmro,Horbath,mhorbathmd@businessinsider.com,Female,53.249.101.90
807,Raven,Jorissen,rjorissenme@discuz.net,Agender,71.10.134.210
808,Konstantin,Braiden,kbraidenmf@gravatar.com,Genderfluid,90.78.56.26
809,Aliza,Lacroux,alacrouxmg@altervista.org,Male,10.141.145.72
810,Trix,Gemlett,tgemlettmh@bravesites.com,Female,77.36.171.203
811,Danila,Henricsson,dhenricssonmi@cpanel.net,Agender,81.110.88.196
812,Taite,Alexis,talexismj@answers.com,Non-binary,43.204.23.102
813,Chlo,Ayree,cayreemk@dyndns.org,Polygender,52.93.166.130
814,Bing,Crabbe,bcrabbeml@xinhuanet.com,Male,56.230.210.30
815,Estella,Fairest,efairestmm@springer.com,Male,109.29.177.2
816,Mandy,Btham,mbthammn@altervista.org,Polygender,107.136.235.96
817,Noll,Mulvy,nmulvymo@lycos.com,Agender,218.73.9.153
818,Willabella,Jessen,wjessenmp@wp.com,Genderfluid,212.185.17.156
819,Suzy,Rizzelli,srizzellimq@oakley.com,Male,61.142.40.114
820,Mel,Fontaine,mfontainemr@cocolog-nifty.com,Genderfluid,125.83.34.21
821,Patience,Galliver,pgalliverms@seesaa.net,Agender,221.13.47.67
822,Calv,Belitz,cbelitzmt@about.com,Bigender,215.29.103.220
823,Daryn,Delamar,ddelamarmu@mayoclinic.com,Bigender,190.43.19.241
824,Pamela,Cousins,pcousinsmv@alibaba.com,Non-binary,230.209.148.250
825,Linzy,MacEntee,lmacenteemw@simplemachines.org,Genderfluid,165.76.188.110
826,Noe,Rickasse,nrickassemx@elpais.com,Female,125.230.27.176
827,Kort,Leathes,kleathesmy@github.com,Polygender,138.55.102.126
828,Steffen,Lorkins,slorkinsmz@arizona.edu,Non-binary,208.49.111.249
829,Sibeal,Labusch,slabuschn0@purevolume.com,Agender,55.8.230.111
830,Roxie,Brocket,rbrocketn1@unc.edu,Non-binary,65.225.77.157
831,Rafaello,Ayre,rayren2@symantec.com,Genderqueer,231.36.105.5
832,Maurise,Angove,mangoven3@icio.us,Polygender,56.232.170.236
833,Florida,Halhead,fhalheadn4@mail.ru,Bigender,17.254.25.88
834,Wendeline,Schutte,wschutten5@free.fr,Male,111.71.135.250
835,Marius,Filip,mfilipn6@google.com.br,Genderqueer,55.147.103.197
836,Hayes,Crocken,hcrockenn7@edublogs.org,Male,124.78.74.221
837,Zak,Castletine,zcastletinen8@java.com,Polygender,118.68.115.243
838,Genna,Taleworth,gtaleworthn9@hubpages.com,Non-binary,224.55.181.185
839,Dolph,Mawford,dmawfordna@shareasale.com,Genderqueer,141.99.24.43
840,Scottie,MacFarlane,smacfarlanenb@google.pl,Female,20.92.20.104
841,Raffarty,Carlsen,rcarlsennc@mail.ru,Non-binary,57.98.118.224
842,Delphine,MacMearty,dmacmeartynd@yandex.ru,Female,63.129.238.80
843,Codie,Bampfield,cbampfieldne@npr.org,Genderfluid,4.212.211.122
844,Hadley,Hinze,hhinzenf@omniture.com,Male,56.228.112.248
845,Barb,Briscoe,bbriscoeng@livejournal.com,Agender,159.248.56.241
846,Stafford,Simnel,ssimnelnh@zdnet.com,Genderqueer,77.127.9.39
847,Addie,Dowers,adowersni@infoseek.co.jp,Bigender,175.138.96.205
848,Rockie,Line,rlinenj@google.ca,Non-binary,221.87.58.231
849,Laurence,Benedetti,lbenedettink@cargocollective.com,Polygender,112.82.117.41
850,Rubetta,Penrose,rpenrosenl@scribd.com,Genderqueer,3.60.114.244
851,Lianna,Belshaw,lbelshawnm@google.com.au,Non-binary,183.101.212.127
852,Lavinia,Clemoes,lclemoesnn@elpais.com,Genderqueer,249.28.117.228
853,Valentijn,Catlette,vcatletteno@sakura.ne.jp,Non-binary,72.2.5.14
854,Maryanna,Way,mwaynp@amazon.co.jp,Genderfluid,74.125.201.219
855,Torie,Yegoshin,tyegoshinnq@technorati.com,Male,94.39.78.229
856,Matelda,Teulier,mteuliernr@google.co.jp,Genderfluid,12.205.113.73
857,Eduardo,Forson,eforsonns@smugmug.com,Genderqueer,206.154.159.251
858,Jsandye,Meeny,jmeenynt@rambler.ru,Genderqueer,3.254.167.183
859,Tamarah,Dyte,tdytenu@github.io,Genderfluid,22.76.113.97
860,Kora,Krolak,kkrolaknv@nifty.com,Genderfluid,65.75.27.62
861,Rubetta,McMeyler,rmcmeylernw@msn.com,Female,8.240.46.252
862,Arleen,Llewellin,allewellinnx@boston.com,Polygender,255.114.228.205
863,Joann,Redman,jredmanny@discuz.net,Bigender,247.13.122.110
864,Malachi,Dohrmann,mdohrmannnz@sphinn.com,Bigender,101.147.140.89
865,Judon,Haberjam,jhaberjamo0@plala.or.jp,Genderqueer,6.241.185.244
866,Sheryl,Kernley,skernleyo1@yellowpages.com,Bigender,100.214.207.65
867,Forster,Dupey,fdupeyo2@zdnet.com,Genderfluid,17.96.131.35
868,Cris,Bleackly,cbleacklyo3@imageshack.us,Male,235.59.126.108
869,Cairistiona,Veronique,cveroniqueo4@time.com,Genderqueer,40.18.94.202
870,Diane-marie,Champkins,dchampkinso5@clickbank.net,Non-binary,159.79.211.90
871,Waldemar,Abbotson,wabbotsono6@boston.com,Bigender,37.119.113.197
872,Clementine,Dyble,cdybleo7@stanford.edu,Female,46.192.138.236
873,Skelly,Powrie,spowrieo8@weather.com,Genderqueer,44.8.149.178
874,Bondy,McCullen,bmcculleno9@ftc.gov,Non-binary,168.200.141.229
875,Terence,Yurkin,tyurkinoa@youtu.be,Agender,37.136.130.233
876,Sayer,Boater,sboaterob@princeton.edu,Agender,168.106.137.122
877,Shanda,Argile,sargileoc@gravatar.com,Agender,51.70.162.99
878,Bernhard,Volkes,bvolkesod@netlog.com,Genderqueer,76.234.113.99
879,Oralle,Mintram,omintramoe@army.mil,Male,52.255.19.161
880,Shannon,Nance,snanceof@ibm.com,Genderqueer,89.196.214.16
881,Hildagarde,McKenzie,hmckenzieog@columbia.edu,Genderqueer,113.73.107.158
882,Rowen,Melburg,rmelburgoh@purevolume.com,Genderfluid,67.102.91.77
883,Winnie,Eck,weckoi@bloomberg.com,Genderfluid,241.202.216.43
884,Camala,Cuddihy,ccuddihyoj@cnn.com,Non-binary,139.121.146.104
885,Myrta,Karpman,mkarpmanok@flickr.com,Female,63.202.155.105
886,Lesya,Jarmain,ljarmainol@google.ca,Genderqueer,227.132.85.7
887,Cointon,Reiners,creinersom@so-net.ne.jp,Agender,164.94.226.96
888,Sheffield,Yakutin,syakutinon@va.gov,Polygender,109.38.198.236
889,Kaitlin,Gounet,kgounetoo@about.com,Bigender,166.199.211.63
890,Maritsa,Priestnall,mpriestnallop@mayoclinic.com,Male,60.87.206.122
891,Margi,Pinilla,mpinillaoq@dedecms.com,Agender,236.66.110.44
892,Helaine,Wylam,hwylamor@ihg.com,Female,213.12.152.226
893,Scotti,Gynn,sgynnos@blogger.com,Polygender,42.66.233.68
894,Jecho,Sperring,jsperringot@amazon.co.jp,Polygender,145.39.211.173
895,Jacquette,Whebell,jwhebellou@t-online.de,Polygender,128.224.194.166
896,Jecho,Drayn,jdraynov@google.com.br,Agender,91.27.182.191
897,Minta,Aiken,maikenow@unblog.fr,Genderqueer,63.5.148.249
898,Ashla,Langthorne,alangthorneox@earthlink.net,Non-binary,53.17.50.82
899,Steward,Domesday,sdomesdayoy@auda.org.au,Polygender,100.0.203.201
900,Frasco,Merritt,fmerrittoz@ifeng.com,Bigender,223.29.46.233
901,Dorelia,Dyer,ddyerp0@apple.com,Male,139.251.190.161
902,Giordano,Chaundy,gchaundyp1@typepad.com,Genderqueer,218.252.249.52
903,Thatch,Bartkowiak,tbartkowiakp2@xing.com,Agender,229.112.187.41
904,Chloette,Relton,creltonp3@acquirethisname.com,Genderqueer,97.196.207.35
905,Maud,Capel,mcapelp4@house.gov,Genderfluid,214.50.86.194
906,Shanda,Garside,sgarsidep5@geocities.jp,Polygender,168.245.93.123
907,Bar,Buxy,bbuxyp6@storify.com,Male,113.96.99.57
908,Gabrila,Broome,gbroomep7@sogou.com,Bigender,106.129.62.225
909,Veradis,Thowless,vthowlessp8@hibu.com,Male,198.123.8.243
910,Nanci,Frangleton,nfrangletonp9@biglobe.ne.jp,Genderqueer,18.15.233.183
911,Arturo,Tremoulet,atremouletpa@so-net.ne.jp,Genderqueer,207.119.18.128
912,Brendan,Lucken,bluckenpb@ucoz.com,Agender,24.187.96.153
913,Walden,Baudinet,wbaudinetpc@bbb.org,Bigender,17.92.201.200
914,Banky,Hauck,bhauckpd@t-online.de,Agender,168.239.147.164
915,Kane,Petruskevich,kpetruskevichpe@ed.gov,Agender,3.78.255.187
916,Wang,Shopcott,wshopcottpf@github.com,Non-binary,245.198.71.187
917,Winne,Bartczak,wbartczakpg@slashdot.org,Genderqueer,183.190.101.221
918,Sky,Ardron,sardronph@hatena.ne.jp,Polygender,101.126.210.97
919,Ofilia,Speakman,ospeakmanpi@opensource.org,Non-binary,218.196.9.217
920,Goldi,Kiossel,gkiosselpj@china.com.cn,Polygender,161.157.64.150
921,Farleigh,Heazel,fheazelpk@wiley.com,Female,40.118.94.248
922,Gretel,Camidge,gcamidgepl@state.tx.us,Female,161.233.116.100
923,Virgilio,Gallyhaock,vgallyhaockpm@ameblo.jp,Non-binary,36.81.13.228
924,Kylie,Phonix,kphonixpn@hugedomains.com,Non-binary,89.153.235.219
925,Torey,Stratten,tstrattenpo@rambler.ru,Female,76.176.223.4
926,Rosemary,Austin,raustinpp@nationalgeographic.com,Genderqueer,123.88.13.22
927,Farlee,Bester,fbesterpq@51.la,Polygender,63.157.104.90
928,Britt,Mariner,bmarinerpr@toplist.cz,Genderqueer,254.86.34.101
929,Nonna,Maryet,nmaryetps@skype.com,Non-binary,182.27.177.80
930,Whittaker,Mohun,wmohunpt@pinterest.com,Non-binary,156.106.106.194
931,Lemuel,Mein,lmeinpu@dot.gov,Female,150.71.148.100
932,Cleon,Bowler,cbowlerpv@people.com.cn,Non-binary,206.14.239.135
933,Lacy,Rigney,lrigneypw@liveinternet.ru,Genderfluid,137.233.90.171
934,Ninnetta,Jeffray,njeffraypx@usnews.com,Genderqueer,188.132.18.16
935,Abelard,O'Lennachain,aolennachainpy@senate.gov,Female,89.109.220.71
936,Roxanne,Diggins,rdigginspz@gmpg.org,Genderfluid,116.111.87.89
937,Nicoli,McGiveen,nmcgiveenq0@ibm.com,Polygender,58.248.239.232
938,Florrie,MacFadin,fmacfadinq1@hugedomains.com,Female,104.141.206.139
939,Enrica,Raymont,eraymontq2@sphinn.com,Genderqueer,120.207.27.140
940,Rudiger,Di Francesco,rdifrancescoq3@booking.com,Genderfluid,87.201.9.63
941,Ericha,Ambrosio,eambrosioq4@comcast.net,Bigender,120.107.68.21
942,Carma,Hawes,chawesq5@amazon.co.uk,Bigender,37.127.71.14
943,Renaldo,Huxster,rhuxsterq6@npr.org,Genderfluid,238.83.113.151
944,Moshe,Sale,msaleq7@spiegel.de,Genderfluid,114.1.147.243
945,Athene,Tincknell,atincknellq8@gravatar.com,Female,125.119.100.160
946,Carmine,Jenk,cjenkq9@dropbox.com,Genderqueer,19.78.4.227
947,Franni,Scatchard,fscatchardqa@wufoo.com,Female,213.108.163.185
948,Minnnie,Kerton,mkertonqb@geocities.jp,Male,218.40.185.234
949,Benni,Maciaszek,bmaciaszekqc@ocn.ne.jp,Female,227.211.229.58
950,Leoine,Huyche,lhuycheqd@bloomberg.com,Agender,201.180.14.239
951,Taite,Forker,tforkerqe@kickstarter.com,Female,162.181.180.28
952,Derrik,Minkin,dminkinqf@joomla.org,Male,134.243.105.12
953,Dalia,Marsy,dmarsyqg@comsenz.com,Female,66.226.70.248
954,Chickie,Abdey,cabdeyqh@hugedomains.com,Polygender,240.86.6.125
955,Elsbeth,Gimblet,egimbletqi@cornell.edu,Male,22.33.122.244
956,Lexis,Michele,lmicheleqj@techcrunch.com,Bigender,184.185.245.58
957,Andrey,Stickley,astickleyqk@usnews.com,Polygender,99.87.11.84
958,Benjamin,Bengochea,bbengocheaql@tumblr.com,Agender,198.69.236.228
959,Arther,Kaes,akaesqm@google.es,Female,140.32.10.230
960,Ulick,Shoesmith,ushoesmithqn@etsy.com,Female,178.141.35.183
961,Aimil,Poznanski,apoznanskiqo@dot.gov,Genderfluid,24.248.57.152
962,Darrick,Oxberry,doxberryqp@quantcast.com,Genderqueer,104.233.54.122
963,Queenie,Sconce,qsconceqq@sina.com.cn,Genderqueer,62.144.113.224
964,Neysa,Snelson,nsnelsonqr@comcast.net,Genderfluid,157.213.240.139
965,Web,Dunlap,wdunlapqs@ask.com,Female,83.186.44.110
966,Barnaby,Wherrett,bwherrettqt@intel.com,Agender,242.25.97.239
967,Noellyn,Gilby,ngilbyqu@bbb.org,Bigender,219.140.185.5
968,Averill,Fishly,afishlyqv@mediafire.com,Polygender,54.120.169.157
969,Oliviero,Civitillo,ocivitilloqw@howstuffworks.com,Genderfluid,143.44.166.216
970,Kippie,Flann,kflannqx@reference.com,Polygender,116.102.115.53
971,Katharine,Yarranton,kyarrantonqy@skype.com,Female,148.62.35.196
972,Oralia,Zuanelli,ozuanelliqz@chron.com,Non-binary,113.167.247.11
973,Daphene,Cruess,dcruessr0@va.gov,Non-binary,203.123.164.79
974,Malvina,Jacobowits,mjacobowitsr1@yandex.ru,Male,169.109.193.110
975,Stanton,Usherwood,susherwoodr2@mozilla.org,Bigender,27.207.135.66
976,Raquel,Honniebal,rhonniebalr3@networkadvertising.org,Male,44.187.117.160
977,Phoebe,Dashkovich,pdashkovichr4@youku.com,Agender,16.74.69.15
978,Amber,Dunley,adunleyr5@pbs.org,Male,173.18.33.79
979,Corilla,Frankum,cfrankumr6@issuu.com,Genderqueer,152.221.222.250
980,Kippie,Walaron,kwalaronr7@hatena.ne.jp,Polygender,47.37.176.107
981,Lusa,Haddrell,lhaddrellr8@odnoklassniki.ru,Agender,95.143.228.195
982,Heinrick,Bouskill,hbouskillr9@mac.com,Genderfluid,75.50.130.25
983,Sheeree,Colisbe,scolisbera@angelfire.com,Genderqueer,26.210.181.111
984,Milissent,Marde,mmarderb@nytimes.com,Agender,146.159.70.128
985,Wat,De Hooch,wdehoochrc@devhub.com,Genderfluid,179.73.194.139
986,Loydie,Fredi,lfredird@csmonitor.com,Bigender,179.126.196.3
987,Evie,Mahedy,emahedyre@deviantart.com,Genderfluid,75.202.2.216
988,Taddeo,Duke,tdukerf@blogspot.com,Male,183.59.170.184
989,Dominick,Ingerith,dingerithrg@phpbb.com,Genderfluid,147.15.254.35
990,Agna,Byne,abynerh@gov.uk,Non-binary,64.104.163.12
991,Joyann,Liddel,jliddelri@patch.com,Female,199.4.10.221
992,Sileas,Foy,sfoyrj@joomla.org,Polygender,90.203.104.155
993,Jermayne,Kepp,jkepprk@boston.com,Bigender,225.56.0.56
994,Francesca,Bonus,fbonusrl@linkedin.com,Polygender,9.5.150.30
995,Annabelle,Garrould,agarrouldrm@stanford.edu,Non-binary,150.100.114.100
996,Donnajean,Lenox,dlenoxrn@nationalgeographic.com,Non-binary,26.255.99.63
997,Madeleine,Fitzgerald,mfitzgeraldro@tumblr.com,Bigender,160.236.55.140
998,Sharlene,Thorouggood,sthorouggoodrp@cnbc.com,Non-binary,170.167.147.125
999,Berna,Orrow,borrowrq@comcast.net,Agender,15.114.169.0
1000,Brandi,Brinsden,bbrinsdenrr@disqus.com,Bigender,114.193.64.45
