id,first_name,last_name,email,gender,ip_address
1,Lib,Sammon,lsammon0@google.com,Female,192.111.41.218
2,Jolynn,Gherarducci,jgherarducci1@t.co,Agender,135.142.138.42
3,Urban,Bazely,ubazely2@abc.net.au,Genderqueer,94.90.72.155
4,Lanie,Winston,lwinston3@blinklist.com,Male,38.91.61.104
5,Kara-lynn,Brunel,kbrunel4@nba.com,Genderfluid,197.56.99.127
6,Jolie,Puttrell,jputtrell5@taobao.com,Female,122.159.32.93
7,Isa,Dechelle,idechelle6@baidu.com,Genderfluid,204.130.200.85
8,Ram,Grosier,rgrosier7@apple.com,Male,166.196.13.9
9,Molli,Scyner,mscyner8@unesco.org,Polygender,168.238.158.67
10,Beryle,Gregon,bgregon9@github.com,Agender,18.231.251.73
11,Ringo,Wimbridge,rwimbridgea@jugem.jp,Polygender,220.233.50.47
12,Cathyleen,Bangham,cbanghamb@census.gov,Non-binary,21.44.52.86
13,Haley,Darycott,hdarycottc@irs.gov,Polygender,137.19.204.180
14,Barbabra,Lintin,blintind@google.ru,Female,19.121.213.165
15,Mair,Stratten,mstrattene@angelfire.com,Female,127.175.255.244
16,Maybelle,Kisby,mkisbyf@upenn.edu,Bigender,98.37.213.209
17,Vincenz,Gantley,vgantleyg@merriam-webster.com,Polygender,203.77.180.154
18,Kelsey,Harrop,kharroph@t.co,Genderfluid,21.80.21.19
19,Jorry,Lounds,jloundsi@shutterfly.com,Polygender,245.121.176.57
20,Gilda,Lewsie,glewsiej@xing.com,Non-binary,228.147.21.77
21,Solomon,Edlington,sedlingtonk@ted.com,Genderfluid,199.171.13.168
22,Carmine,Poore,cpoorel@g.co,Genderfluid,130.47.25.230
23,Kimberlyn,Kiss,kkissm@netvibes.com,Male,69.194.107.221
24,Matias,Gaitone,mgaitonen@ft.com,Non-binary,78.211.83.247
25,Alia,Addeycott,aaddeycotto@newsvine.com,Male,47.92.60.204
26,Gerry,Piatto,gpiattop@discovery.com,Non-binary,122.88.50.192
27,Marc,Devita,mdevitaq@163.com,Non-binary,160.61.231.219
28,Vikky,Amos,vamosr@disqus.com,Polygender,223.26.217.170
29,Xaviera,O'Noulane,xonoulanes@bbc.co.uk,Genderqueer,214.39.215.155
30,Hazel,Pomfrett,hpomfrettt@sogou.com,Genderfluid,198.138.51.216
31,Dara,Nash,dnashu@moonfruit.com,Polygender,74.208.136.149
32,Law,Lermit,llermitv@ezinearticles.com,Agender,243.190.234.206
33,Isidor,Bickle,ibicklew@macromedia.com,Non-binary,135.73.185.97
34,Parsifal,Dutton,pduttonx@bravesites.com,Bigender,85.53.150.237
35,Alyda,Barnsley,abarnsleyy@admin.ch,Female,155.196.159.149
36,Gasper,Christofol,gchristofolz@nydailynews.com,Polygender,179.224.86.124
37,Chrysa,Rosenblad,crosenblad10@bing.com,Agender,12.36.76.125
38,Neville,Tupper,ntupper11@stanford.edu,Genderqueer,80.35.154.195
39,Tripp,Rablen,trablen12@hexun.com,Female,84.23.52.140
40,Demetrius,Kleehuhler,dkleehuhler13@mac.com,Polygender,221.243.137.222
41,Reagen,Roch,rroch14@163.com,Non-binary,15.72.66.233
42,Bancroft,Babinski,bbabinski15@unc.edu,Female,35.224.35.42
43,Skip,Andell,sandell16@accuweather.com,Genderfluid,53.160.237.141
44,Bellanca,Huggen,bhuggen17@loc.gov,Genderfluid,72.230.54.1
45,Kevin,Wishkar,kwishkar18@moonfruit.com,Male,38.139.11.204
46,Efrem,Deverson,edeverson19@ucoz.ru,Agender,123.23.67.97
47,Brittney,Vasilevich,bvasilevich1a@mapquest.com,Non-binary,54.217.181.38
48,Tedi,Mobberley,tmobberley1b@networksolutions.com,Polygender,145.251.112.206
49,Kory,Mortlock,kmortlock1c@buzzfeed.com,Genderqueer,72.178.244.198
50,Ettore,Canete,ecanete1d@mayoclinic.com,Female,115.48.138.183
51,Ibrahim,Gillebride,igillebride1e@about.me,Female,226.70.117.254
52,Tobit,Colleck,tcolleck1f@1688.com,Bigender,38.147.81.70
53,Lorens,Tedridge,ltedridge1g@seesaa.net,Male,84.210.132.236
54,Maye,Samart,msamart1h@sogou.com,Agender,158.136.220.117
55,Kalindi,Pert,kpert1i@google.co.jp,Genderfluid,123.44.150.73
56,Tiena,McCurlye,tmccurlye1j@wufoo.com,Male,115.4.14.83
57,Niko,Crucetti,ncrucetti1k@spotify.com,Agender,145.20.204.49
58,Elinor,Guidoni,eguidoni1l@amazon.com,Male,125.146.164.172
59,Constance,Camamile,ccamamile1m@fastcompany.com,Male,183.60.214.203
60,Gael,Kinlock,gkinlock1n@globo.com,Non-binary,49.233.185.33
61,Julita,Billo,jbillo1o@europa.eu,Non-binary,34.23.44.135
62,Danny,Kenningley,dkenningley1p@hubpages.com,Female,113.187.159.172
63,Amara,Obey,aobey1q@tripadvisor.com,Bigender,111.88.55.10
64,Sonja,Amthor,samthor1r@angelfire.com,Bigender,98.2.8.49
65,Jayme,Heigl,jheigl1s@drupal.org,Non-binary,167.150.77.18
66,Berget,Vannet,bvannet1t@utexas.edu,Genderfluid,83.130.138.254
67,Felicio,Lazer,flazer1u@oakley.com,Non-binary,173.100.142.153
68,Carey,Brownsword,cbrownsword1v@de.vu,Bigender,72.109.34.244
69,Gabbey,Crinkley,gcrinkley1w@tmall.com,Agender,237.85.201.94
70,Isa,Roset,iroset1x@1688.com,Bigender,24.86.240.137
71,Gabey,Basill,gbasill1y@ning.com,Male,153.35.29.192
72,Pernell,Jolliffe,pjolliffe1z@examiner.com,Bigender,157.182.192.36
73,Raphaela,Adenot,radenot20@berkeley.edu,Male,96.105.133.200
74,Darline,Knightsbridge,dknightsbridge21@ted.com,Bigender,182.18.165.25
75,Redd,Stanbra,rstanbra22@pcworld.com,Female,13.188.223.77
76,Abra,Ivannikov,aivannikov23@addthis.com,Agender,25.117.38.91
77,Ansell,Slight,aslight24@va.gov,Bigender,74.221.140.66
78,Dar,Guerrero,dguerrero25@flickr.com,Female,16.240.251.66
79,Gunner,Candey,gcandey26@pcworld.com,Agender,78.15.20.58
80,Chicky,Ickeringill,cickeringill27@newyorker.com,Agender,20.137.215.201
81,Jethro,Hartness,jhartness28@sciencedaily.com,Genderfluid,67.178.182.100
82,Emalia,Janney,ejanney29@shinystat.com,Genderqueer,216.166.252.30
83,Massimo,Whimp,mwhimp2a@sakura.ne.jp,Non-binary,214.88.110.89
84,Truda,Savaage,tsavaage2b@desdev.cn,Genderqueer,97.236.201.159
85,Spence,Jovicevic,sjovicevic2c@columbia.edu,Genderqueer,234.51.183.135
86,Ceciley,Asken,casken2d@51.la,Male,168.2.255.155
87,Hyacinth,Tickner,htickner2e@wunderground.com,Genderqueer,101.178.48.103
88,Lowrance,Le Maitre,llemaitre2f@answers.com,Genderfluid,208.152.139.2
89,Ronalda,Rudsdale,rrudsdale2g@posterous.com,Non-binary,249.197.96.17
90,Lucian,Burdytt,lburdytt2h@census.gov,Polygender,165.189.240.111
91,Charin,McGready,cmcgready2i@imdb.com,Bigender,132.138.129.165
92,Pauli,Ales0,pales2j@amazon.co.jp,Female,162.20.140.253
93,Giraldo,Jarmyn,gjarmyn2k@seesaa.net,Bigender,239.108.119.143
94,Carson,Itshak,citshak2l@cnbc.com,Polygender,220.178.208.55
95,Dwayne,Dinsmore,ddinsmore2m@craigslist.org,Genderqueer,114.146.113.17
96,Janaye,Gallelli,jgallelli2n@springer.com,Non-binary,183.42.225.142
97,Lynett,Widdison,lwiddison2o@cocolog-nifty.com,Female,121.68.141.224
98,Betteanne,Jacob,bjacob2p@dedecms.com,Genderfluid,211.119.36.209
99,Catherina,Bruton,cbruton2q@marketwatch.com,Non-binary,193.136.92.188
100,Frannie,Hussy,fhussy2r@etsy.com,Non-binary,42.214.140.123
101,Bernadine,Arthur,barthur2s@slate.com,Agender,117.70.93.181
102,Brandy,Gleeton,bgleeton2t@pagesperso-orange.fr,Male,39.129.176.110
103,Cacilie,Gawthorpe,cgawthorpe2u@hostgator.com,Male,177.64.207.28
104,Mady,Kastel,mkastel2v@merriam-webster.com,Male,218.116.227.3
105,Hollie,Crone,hcrone2w@mtv.com,Agender,225.137.212.159
106,Ermengarde,Tewnion,etewnion2x@cpanel.net,Male,36.239.175.195
107,Rochester,Kigelman,rkigelman2y@so-net.ne.jp,Non-binary,130.74.7.157
108,Bernadene,Kingaby,bkingaby2z@state.tx.us,Genderqueer,218.73.229.125
109,Arther,Lowsely,alowsely30@tinyurl.com,Male,113.76.29.129
110,Caryn,Skocroft,cskocroft31@amazonaws.com,Genderqueer,166.166.10.124
111,Mufinella,Amner,mamner32@geocities.com,Non-binary,30.111.242.164
112,Philly,Standidge,pstandidge33@bloglines.com,Bigender,49.155.255.142
113,Mahmoud,Frampton,mframpton34@seesaa.net,Female,241.150.146.250
114,Kit,Jiras,kjiras35@shareasale.com,Bigender,220.28.13.78
115,Frazer,Karolewski,fkarolewski36@nyu.edu,Genderfluid,6.55.78.225
116,Crichton,Goodfellow,cgoodfellow37@ed.gov,Non-binary,3.225.211.168
117,Kala,Berardt,kberardt38@home.pl,Agender,4.18.31.176
118,Winny,Kenan,wkenan39@weather.com,Genderqueer,148.146.16.75
119,Jorey,Voelker,jvoelker3a@about.com,Agender,97.146.204.77
120,Carla,Treske,ctreske3b@ning.com,Male,241.64.148.178
121,Adrien,Overshott,aovershott3c@purevolume.com,Male,39.91.67.115
122,Vanessa,Vasenkov,vvasenkov3d@tiny.cc,Female,220.54.91.77
123,Pennie,Channon,pchannon3e@paypal.com,Bigender,124.206.246.81
124,Kermie,Abrahamovitz,kabrahamovitz3f@wired.com,Male,75.240.80.202
125,Morgun,Symington,msymington3g@yale.edu,Non-binary,10.58.212.100
126,Merrill,Olivo,molivo3h@rakuten.co.jp,Male,166.71.5.83
127,Richard,Drewry,rdrewry3i@deliciousdays.com,Male,62.176.190.12
128,Dillon,Chaldecott,dchaldecott3j@163.com,Genderfluid,145.90.8.223
129,Joletta,Trodler,jtrodler3k@e-recht24.de,Bigender,201.180.234.3
130,Bartlett,Guite,bguite3l@cnbc.com,Bigender,90.251.8.38
131,Corby,McFeat,cmcfeat3m@imdb.com,Polygender,75.111.99.144
132,Alister,Gambell,agambell3n@intel.com,Non-binary,174.27.203.95
133,Prescott,Profit,pprofit3o@newsvine.com,Polygender,169.168.177.93
134,Brendan,Mountain,bmountain3p@cbslocal.com,Bigender,219.117.232.92
135,Hendrik,Fausch,hfausch3q@amazon.com,Genderfluid,156.229.254.182
136,Hyacinthia,Ruffy,hruffy3r@gmpg.org,Genderqueer,61.196.170.164
137,Quinn,Benedick,qbenedick3s@phpbb.com,Genderfluid,163.72.175.187
138,Anthea,Giacomucci,agiacomucci3t@geocities.jp,Non-binary,115.174.61.124
139,Danny,Quennell,dquennell3u@sakura.ne.jp,Polygender,125.110.186.151
140,Devora,Jiles,djiles3v@istockphoto.com,Bigender,148.16.178.176
141,Berti,Barhems,bbarhems3w@hubpages.com,Male,8.165.222.87
142,Lora,Waker,lwaker3x@bigcartel.com,Genderqueer,97.224.161.203
143,Pamelina,Garrattley,pgarrattley3y@webs.com,Agender,10.116.10.61
144,Gates,Bracegirdle,gbracegirdle3z@irs.gov,Genderqueer,108.5.249.128
145,Adrianne,Ferreira,aferreira40@dyndns.org,Polygender,185.134.205.16
146,Bartholomeo,Bulbeck,bbulbeck41@bizjournals.com,Bigender,212.30.168.139
147,Otis,Emmet,oemmet42@1688.com,Genderfluid,163.177.206.16
148,Joice,Gurry,jgurry43@foxnews.com,Bigender,16.125.113.162
149,Gage,Smetoun,gsmetoun44@bing.com,Non-binary,193.200.17.197
150,Florella,Hodjetts,fhodjetts45@cocolog-nifty.com,Agender,90.26.70.161
151,Carolina,Brumby,cbrumby46@yellowpages.com,Non-binary,157.66.59.129
152,Yves,Sturgeon,ysturgeon47@pcworld.com,Polygender,221.49.166.44
153,Tiffanie,Bruhn,tbruhn48@multiply.com,Female,212.104.119.159
154,Bartlet,Kadwallider,bkadwallider49@geocities.jp,Male,219.156.19.82
155,Thomasin,Sackur,tsackur4a@de.vu,Polygender,162.68.8.240
156,Adora,Sone,asone4b@mac.com,Bigender,163.92.211.191
157,Dunn,Ianilli,dianilli4c@wunderground.com,Female,186.137.113.201
158,Betta,Matches,bmatches4d@discuz.net,Bigender,224.45.160.149
159,Rafaelia,Dymond,rdymond4e@trellian.com,Genderqueer,66.92.211.112
160,Vlad,Delooze,vdelooze4f@gravatar.com,Female,27.17.152.136
161,Judi,Doneld,jdoneld4g@dagondesign.com,Bigender,1.61.79.147
162,Davidson,Dopson,ddopson4h@psu.edu,Genderfluid,9.72.193.246
163,Michal,Edgler,medgler4i@simplemachines.org,Non-binary,228.49.39.125
164,Jenica,Tatlow,jtatlow4j@marketwatch.com,Genderqueer,135.79.119.107
165,Margie,Fieldgate,mfieldgate4k@de.vu,Polygender,79.70.202.61
166,Obie,Silverthorne,osilverthorne4l@mozilla.com,Genderqueer,152.57.170.246
167,Velma,Iskower,viskower4m@mysql.com,Polygender,82.63.83.156
168,Mac,Starrs,mstarrs4n@is.gd,Female,98.138.103.182
169,Eduard,Bothams,ebothams4o@businesswire.com,Genderqueer,80.225.250.243
170,Arlyne,McGuiney,amcguiney4p@unicef.org,Agender,92.91.210.153
171,Amory,Murphey,amurphey4q@blogspot.com,Agender,113.251.188.185
172,Virgilio,Paulley,vpaulley4r@google.es,Bigender,225.135.13.108
173,Britte,Chiddy,bchiddy4s@meetup.com,Non-binary,255.108.177.150
174,Bari,Flanne,bflanne4t@phpbb.com,Genderfluid,115.179.195.164
175,Emilie,Haslam,ehaslam4u@wordpress.org,Non-binary,70.97.211.127
176,Cati,Isaak,cisaak4v@cpanel.net,Genderqueer,187.169.201.151
177,Lutero,Giacomello,lgiacomello4w@nih.gov,Genderqueer,106.227.228.97
178,Eloise,Sivell,esivell4x@theatlantic.com,Agender,174.13.81.107
179,Kath,Beels,kbeels4y@disqus.com,Agender,158.143.195.236
180,Ingemar,Livesay,ilivesay4z@trellian.com,Polygender,245.66.75.99
181,Emyle,Duffrie,eduffrie50@example.com,Bigender,15.148.97.57
182,Rosana,Maryott,rmaryott51@yelp.com,Polygender,223.183.66.51
183,Gan,Spuffard,gspuffard52@webeden.co.uk,Genderqueer,240.124.120.138
184,Zora,Troup,ztroup53@parallels.com,Male,4.134.227.137
185,Clarine,Rookesby,crookesby54@skype.com,Genderfluid,94.185.198.26
186,Chloris,Probbing,cprobbing55@paypal.com,Bigender,144.136.149.191
187,Deane,Crocker,dcrocker56@phpbb.com,Bigender,113.128.75.205
188,Gabbie,Peach,gpeach57@disqus.com,Non-binary,16.125.172.43
189,Chane,Ashfull,cashfull58@themeforest.net,Bigender,114.46.50.118
190,Estell,Vennart,evennart59@feedburner.com,Non-binary,77.28.155.39
191,Anatollo,De Meyer,ademeyer5a@va.gov,Agender,250.168.251.31
192,Bryan,Raithbie,braithbie5b@odnoklassniki.ru,Female,135.197.84.150
193,Natalee,Earwaker,nearwaker5c@chicagotribune.com,Non-binary,34.102.108.44
194,Henryetta,Powers,hpowers5d@mashable.com,Non-binary,20.140.35.129
195,Wanids,Leipnik,wleipnik5e@harvard.edu,Genderqueer,170.34.41.144
196,Neila,Boyan,nboyan5f@princeton.edu,Agender,192.253.140.40
197,Erna,Fardy,efardy5g@sfgate.com,Bigender,81.9.118.238
198,Brewster,Corsor,bcorsor5h@feedburner.com,Non-binary,105.227.218.51
199,Jenine,Trewhela,jtrewhela5i@ow.ly,Polygender,106.164.25.247
200,Roseline,Laffan,rlaffan5j@usda.gov,Male,27.206.173.76
201,Hermia,Wickling,hwickling5k@house.gov,Male,198.194.113.30
202,Leicester,Gawkes,lgawkes5l@yandex.ru,Genderqueer,143.177.119.251
203,Cecilia,Ware,cware5m@aol.com,Non-binary,31.208.126.36
204,Agnes,McShirrie,amcshirrie5n@who.int,Agender,127.190.125.146
205,Pete,Bilbrook,pbilbrook5o@biglobe.ne.jp,Non-binary,117.239.254.171
206,Chickie,Garforth,cgarforth5p@icq.com,Agender,163.185.85.71
207,Deb,Middlewick,dmiddlewick5q@hibu.com,Non-binary,20.225.178.71
208,Chen,Costen,ccosten5r@weather.com,Polygender,96.46.232.225
209,Eugen,Jerdein,ejerdein5s@sciencedaily.com,Genderqueer,2.255.151.200
210,Fredia,Stubbington,fstubbington5t@hibu.com,Non-binary,243.79.8.123
211,Zorine,Lever,zlever5u@shutterfly.com,Male,245.55.115.15
212,Angelita,de Grey,adegrey5v@alibaba.com,Female,248.64.209.100
213,Lita,Peert,lpeert5w@japanpost.jp,Agender,222.93.141.161
214,Roseanne,Sinkinson,rsinkinson5x@hubpages.com,Female,171.63.7.255
215,Ephrayim,Dyka,edyka5y@about.com,Agender,13.141.223.76
216,Dimitry,Wabersich,dwabersich5z@pen.io,Agender,96.158.51.17
217,Asher,Fihelly,afihelly60@yellowpages.com,Genderfluid,214.164.52.159
218,Vince,Waddams,vwaddams61@pbs.org,Male,115.59.43.56
219,Alasdair,Halstead,ahalstead62@google.co.jp,Non-binary,41.74.222.10
220,Maressa,Gudyer,mgudyer63@google.de,Male,235.6.116.96
221,Jessy,Polet,jpolet64@deviantart.com,Agender,125.16.40.112
222,Letizia,Eadmeads,leadmeads65@usatoday.com,Agender,243.103.196.27
223,Shandra,Swinney,sswinney66@fc2.com,Genderqueer,254.97.89.44
224,Catlin,Costin,ccostin67@examiner.com,Female,242.183.101.123
225,Rennie,Hookes,rhookes68@home.pl,Bigender,18.250.125.155
226,Risa,Vowles,rvowles69@wordpress.org,Non-binary,125.235.82.24
227,Trenton,McGrey,tmcgrey6a@photobucket.com,Bigender,29.115.31.108
228,Shannon,Stendell,sstendell6b@geocities.com,Agender,53.64.173.158
229,Myrtie,De Launde,mdelaunde6c@rambler.ru,Genderqueer,145.48.24.52
230,Licha,Clorley,lclorley6d@miibeian.gov.cn,Agender,156.214.78.122
231,Gretchen,Ruddiforth,gruddiforth6e@patch.com,Agender,86.32.30.45
232,Amos,Studde,astudde6f@shinystat.com,Bigender,162.211.64.158
233,Ketty,Hamson,khamson6g@tumblr.com,Non-binary,141.137.41.172
234,Morten,Poyntz,mpoyntz6h@howstuffworks.com,Male,219.33.17.69
235,Stanislaw,Gavini,sgavini6i@themeforest.net,Polygender,116.47.81.136
236,Kerstin,Dawidowicz,kdawidowicz6j@last.fm,Non-binary,169.7.155.161
237,Georgeanne,Beauchamp,gbeauchamp6k@reverbnation.com,Male,236.252.199.35
238,Harley,Morecombe,hmorecombe6l@phoca.cz,Male,176.146.157.162
239,Tierney,D'Hooge,tdhooge6m@sciencedaily.com,Agender,250.199.20.54
240,Graham,Bawle,gbawle6n@china.com.cn,Polygender,85.79.219.220
241,Donelle,Roff,droff6o@soundcloud.com,Female,246.130.248.29
242,Alic,Whitwam,awhitwam6p@cbc.ca,Bigender,98.29.185.88
243,Livvyy,Deegan,ldeegan6q@ehow.com,Genderqueer,46.27.195.93
244,Teodoor,Spennock,tspennock6r@hud.gov,Non-binary,11.2.173.239
245,Tarah,Feldharker,tfeldharker6s@simplemachines.org,Agender,189.71.214.206
246,Missie,Rodway,mrodway6t@newyorker.com,Agender,217.56.80.186
247,Pasquale,Hubbocks,phubbocks6u@tiny.cc,Agender,11.172.99.167
248,Cyndia,Rosenblum,crosenblum6v@marriott.com,Female,230.194.114.193
249,Theda,Moran,tmoran6w@netvibes.com,Male,65.27.196.246
250,Chevalier,Cossam,ccossam6x@acquirethisname.com,Agender,168.224.227.113
251,Gustave,Botright,gbotright6y@wix.com,Genderqueer,205.68.37.229
252,Joshuah,Eadmeads,jeadmeads6z@ezinearticles.com,Genderqueer,100.141.110.186
253,Ruperta,Arden,rarden70@google.com,Polygender,139.236.87.162
254,Kathye,Sukbhans,ksukbhans71@state.gov,Female,16.90.86.203
255,Greer,Scriviner,gscriviner72@baidu.com,Female,204.66.109.247
256,Davie,Szymaniak,dszymaniak73@ted.com,Non-binary,154.122.247.142
257,Ninetta,Gristhwaite,ngristhwaite74@walmart.com,Polygender,224.181.45.253
258,Thornton,Lippett,tlippett75@blogs.com,Genderqueer,189.190.174.77
259,Bart,Harbron,bharbron76@friendfeed.com,Genderqueer,134.184.144.132
260,Sibella,Pavolini,spavolini77@smugmug.com,Genderqueer,128.228.118.150
261,Enrica,Kingsley,ekingsley78@discuz.net,Bigender,152.83.36.79
262,Bo,Grieveson,bgrieveson79@google.es,Genderfluid,250.246.188.255
263,Korella,Fontanet,kfontanet7a@multiply.com,Male,30.146.247.139
264,Joel,Sharvill,jsharvill7b@upenn.edu,Female,218.225.149.168
265,Gabriella,McAndrew,gmcandrew7c@zimbio.com,Polygender,110.16.19.157
266,Sarette,Durban,sdurban7d@nature.com,Male,241.218.222.239
267,Ernie,Rubinowitch,erubinowitch7e@alexa.com,Agender,74.116.169.76
268,Tiffanie,Sleite,tsleite7f@lulu.com,Genderfluid,225.128.72.9
269,Norma,Leijs,nleijs7g@toplist.cz,Genderqueer,191.133.111.6
270,Marcelle,Guyonneau,mguyonneau7h@parallels.com,Genderqueer,46.106.31.7
271,Jaquenette,Larmour,jlarmour7i@census.gov,Non-binary,108.180.197.34
272,Helena,Powley,hpowley7j@china.com.cn,Genderqueer,33.212.236.57
273,Maximilien,Rubinsztein,mrubinsztein7k@histats.com,Polygender,83.59.141.147
274,Flemming,Greene,fgreene7l@cnn.com,Female,12.15.247.21
275,Ruy,Callway,rcallway7m@arizona.edu,Male,232.208.180.48
276,Gilles,Taffee,gtaffee7n@mozilla.org,Bigender,194.178.19.4
277,Misha,Humphrys,mhumphrys7o@comsenz.com,Genderfluid,246.37.125.124
278,Adriena,Crisford,acrisford7p@goo.gl,Male,39.41.210.93
279,Merralee,Terzo,mterzo7q@youku.com,Agender,179.59.178.56
280,Leyla,Baistow,lbaistow7r@intel.com,Genderfluid,33.158.224.42
281,Sergeant,Palffy,spalffy7s@bravesites.com,Genderfluid,246.241.187.192
282,Justin,Muncie,jmuncie7t@army.mil,Polygender,122.130.182.226
283,Pasquale,Purkis,ppurkis7u@ycombinator.com,Bigender,89.132.13.74
284,Julita,Rossin,jrossin7v@berkeley.edu,Agender,246.167.89.167
285,Harriette,Pear,hpear7w@51.la,Male,41.127.78.16
286,Barnard,Ferronet,bferronet7x@wikipedia.org,Bigender,52.37.8.100
287,Adamo,Merle,amerle7y@unicef.org,Genderqueer,60.253.171.108
288,Shellysheldon,Glede,sglede7z@eventbrite.com,Female,208.153.3.120
289,Leia,Tixall,ltixall80@narod.ru,Genderqueer,125.22.64.219
290,Hedwiga,Dalla,hdalla81@slate.com,Genderqueer,251.175.27.57
291,Morris,Houldey,mhouldey82@studiopress.com,Bigender,109.209.57.80
292,Cassaundra,Emilien,cemilien83@networkadvertising.org,Bigender,34.251.162.130
293,Perla,McCaughan,pmccaughan84@npr.org,Agender,231.144.8.123
294,Kellyann,Beasleigh,kbeasleigh85@craigslist.org,Genderfluid,67.225.182.201
295,Beatrix,Harriott,bharriott86@census.gov,Male,245.63.248.98
296,Karl,Bordis,kbordis87@chicagotribune.com,Female,212.194.127.145
297,Leese,Bradtke,lbradtke88@msn.com,Non-binary,93.103.166.225
298,Jakob,Daldan,jdaldan89@kickstarter.com,Female,178.136.133.248
299,Ryann,Peagram,rpeagram8a@plala.or.jp,Polygender,6.194.190.241
300,Mayor,Siemens,msiemens8b@godaddy.com,Bigender,195.57.66.229
301,Tymothy,MacKniely,tmackniely8c@soup.io,Agender,161.120.127.190
302,Jacinta,Doonican,jdoonican8d@disqus.com,Non-binary,217.203.219.218
303,Lucian,Collyear,lcollyear8e@aol.com,Agender,84.33.190.14
304,Craggy,Coils,ccoils8f@odnoklassniki.ru,Genderfluid,55.31.40.197
305,Fleurette,Linge,flinge8g@bizjournals.com,Non-binary,104.153.178.197
306,Tatiana,Friberg,tfriberg8h@addtoany.com,Non-binary,12.18.87.20
307,Ibrahim,Grayshon,igrayshon8i@examiner.com,Agender,247.66.123.212
308,Serena,Wooff,swooff8j@booking.com,Agender,65.237.136.90
309,Jaymie,Kite,jkite8k@webeden.co.uk,Genderqueer,10.73.133.126
310,Cosetta,Diem,cdiem8l@dion.ne.jp,Genderqueer,91.73.79.27
311,Joshia,Tibbits,jtibbits8m@360.cn,Polygender,240.188.22.31
312,Gunter,Sketch,gsketch8n@globo.com,Bigender,234.73.248.83
313,De witt,Falconer,dfalconer8o@cnbc.com,Genderqueer,215.16.236.115
314,Shaw,Jerosch,sjerosch8p@behance.net,Non-binary,234.8.51.157
315,Olivero,Tongue,otongue8q@cornell.edu,Bigender,169.60.193.0
316,Waite,Hasling,whasling8r@redcross.org,Non-binary,213.53.234.230
317,Dirk,Gensavage,dgensavage8s@tripadvisor.com,Non-binary,229.206.191.124
318,Paule,Stonhard,pstonhard8t@multiply.com,Agender,151.0.151.137
319,Cassie,Milner,cmilner8u@time.com,Non-binary,101.54.124.200
320,Abbie,Simic,asimic8v@xinhuanet.com,Agender,142.58.9.17
321,Kissiah,Errington,kerrington8w@feedburner.com,Genderfluid,150.8.225.119
322,Tuckie,Prestage,tprestage8x@geocities.jp,Polygender,41.163.180.35
323,Davidde,Petrelluzzi,dpetrelluzzi8y@nyu.edu,Agender,78.251.125.117
324,Cart,Spriddle,cspriddle8z@uiuc.edu,Genderfluid,137.148.38.109
325,Gilberto,Ash,gash90@over-blog.com,Agender,195.190.249.128
326,Giffer,Gibbin,ggibbin91@usa.gov,Bigender,96.174.245.80
327,Marget,Chisolm,mchisolm92@meetup.com,Agender,221.179.94.203
328,Auberon,Wooddisse,awooddisse93@soup.io,Non-binary,126.171.106.49
329,Josee,Eighteen,jeighteen94@senate.gov,Female,255.143.92.192
330,Ferrell,Kornacki,fkornacki95@barnesandnoble.com,Agender,99.182.241.190
331,Philis,Beecroft,pbeecroft96@addthis.com,Genderqueer,236.3.204.54
332,Sarita,Tremontana,stremontana97@zdnet.com,Genderqueer,233.118.111.65
333,Michaeline,Sertin,msertin98@usnews.com,Genderfluid,160.105.45.115
334,John,Cullabine,jcullabine99@intel.com,Genderfluid,255.204.109.95
335,Sashenka,Bohler,sbohler9a@rakuten.co.jp,Genderfluid,204.251.99.31
336,Herman,Northeast,hnortheast9b@hexun.com,Polygender,173.129.136.254
337,Lilia,Conklin,lconklin9c@canalblog.com,Polygender,92.214.62.37
338,Dagmar,McClifferty,dmcclifferty9d@wired.com,Agender,118.47.197.108
339,Frazier,Stoltz,fstoltz9e@sakura.ne.jp,Non-binary,171.30.199.135
340,Emmott,Cadd,ecadd9f@gravatar.com,Male,227.162.123.69
341,Emmy,Parmby,eparmby9g@howstuffworks.com,Genderfluid,94.139.221.194
342,Enrica,Klima,eklima9h@nifty.com,Genderqueer,125.238.149.233
343,Parrnell,Rippin,prippin9i@si.edu,Female,154.1.192.21
344,Davidde,Rocks,drocks9j@eepurl.com,Non-binary,68.43.150.125
345,Lolita,Hutchins,lhutchins9k@unicef.org,Bigender,235.240.140.184
346,Fae,Piatkowski,fpiatkowski9l@exblog.jp,Non-binary,98.135.63.148
347,Peyton,Dohmer,pdohmer9m@un.org,Polygender,29.113.253.255
348,Harley,Patinkin,hpatinkin9n@npr.org,Non-binary,200.50.243.77
349,Jarrod,Miner,jminer9o@hud.gov,Bigender,156.91.150.75
350,Hermine,Hartburn,hhartburn9p@ycombinator.com,Female,214.188.113.46
351,Milicent,Drable,mdrable9q@patch.com,Genderqueer,22.127.20.55
352,Wilmar,Tournay,wtournay9r@elegantthemes.com,Polygender,78.31.152.36
353,Kenny,Meldrum,kmeldrum9s@paypal.com,Agender,190.26.92.147
354,Peadar,Benthall,pbenthall9t@cpanel.net,Genderfluid,72.200.165.238
355,Crystie,Ogger,cogger9u@deliciousdays.com,Polygender,190.114.135.166
356,Elmo,Matokhnin,ematokhnin9v@bbc.co.uk,Non-binary,118.11.124.154
357,Evan,Shilito,eshilito9w@sitemeter.com,Genderfluid,66.174.132.40
358,Reinhard,Huffey,rhuffey9x@elegantthemes.com,Genderfluid,189.77.255.65
359,Shayne,Lawful,slawful9y@oakley.com,Female,33.13.205.220
360,Henryetta,Essame,hessame9z@washington.edu,Male,76.122.27.178
361,Gabriel,Asey,gaseya0@telegraph.co.uk,Female,126.238.71.173
362,Nancy,Viegas,nviegasa1@spiegel.de,Non-binary,245.41.181.85
363,Lorrin,Tzar,ltzara2@wired.com,Agender,41.16.253.107
364,Nessa,Toyne,ntoynea3@china.com.cn,Genderqueer,46.232.2.16
365,Carlota,Ferrarini,cferrarinia4@ebay.co.uk,Genderqueer,121.143.55.115
366,Yance,Simco,ysimcoa5@ucla.edu,Non-binary,16.211.130.47
367,Packston,Sarsons,psarsonsa6@mlb.com,Female,157.225.217.202
368,Henri,Dack,hdacka7@stanford.edu,Male,55.81.64.186
369,Karia,Island,kislanda8@nasa.gov,Genderfluid,51.34.186.219
370,Vassili,Bottrell,vbottrella9@msn.com,Female,119.141.30.220
371,Johnny,Murrison,jmurrisonaa@goodreads.com,Polygender,193.29.86.14
372,Dorie,Edrich,dedrichab@example.com,Non-binary,107.6.197.72
373,Thorndike,Lambird,tlambirdac@chron.com,Agender,46.4.85.9
374,Enrica,Putland,eputlandad@infoseek.co.jp,Agender,123.219.98.81
375,Fayina,Godding,fgoddingae@wikimedia.org,Polygender,246.248.97.252
376,Carroll,Monteaux,cmonteauxaf@ucoz.ru,Female,249.32.113.6
377,Fey,Rodenburgh,frodenburghag@bizjournals.com,Genderfluid,160.73.131.136
378,Kendal,Rundall,krundallah@google.de,Non-binary,245.192.195.135
379,Clotilda,Haughan,chaughanai@sciencedirect.com,Male,142.104.59.40
380,Lyell,Simeons,lsimeonsaj@accuweather.com,Bigender,34.146.178.134
381,Caroljean,Yaknov,cyaknovak@taobao.com,Bigender,254.221.85.41
382,Guenna,Lorenzini,glorenzinial@upenn.edu,Agender,173.62.161.255
383,Jeffy,Eastway,jeastwayam@domainmarket.com,Genderfluid,197.108.27.249
384,Inga,Petzolt,ipetzoltan@google.com.au,Bigender,59.251.177.101
385,Nate,Hulburd,nhulburdao@1688.com,Bigender,105.136.177.233
386,Beaufort,Ludl,bludlap@gmpg.org,Male,210.7.166.91
387,Dody,Slamaker,dslamakeraq@is.gd,Male,189.219.157.244
388,Terri-jo,Saiger,tsaigerar@ucla.edu,Genderqueer,193.193.215.250
389,Shaun,Swainston,sswainstonas@dagondesign.com,Genderqueer,213.122.71.142
390,Llywellyn,Demicoli,ldemicoliat@dyndns.org,Genderqueer,170.38.219.20
391,Bryce,Duggan,bdugganau@t-online.de,Genderfluid,136.22.231.209
392,Fransisco,Heitz,fheitzav@gov.uk,Male,40.184.138.159
393,Lavinie,Forcer,lforceraw@meetup.com,Genderfluid,93.180.163.104
394,Kaia,Hammand,khammandax@lycos.com,Polygender,50.126.36.12
395,Marrissa,Croughan,mcroughanay@acquirethisname.com,Female,83.242.33.75
396,Flss,Coulter,fcoulteraz@reddit.com,Polygender,2.54.242.136
397,Debi,Amorine,damorineb0@prlog.org,Agender,129.247.67.37
398,Dulsea,Mence,dmenceb1@nih.gov,Male,118.5.186.208
399,Delphine,Bulpitt,dbulpittb2@abc.net.au,Female,38.39.42.156
400,Florance,Tirte,ftirteb3@e-recht24.de,Agender,168.45.36.245
401,Denna,Klaassens,dklaassensb4@sphinn.com,Bigender,85.178.244.107
402,Renate,Egginton,reggintonb5@wp.com,Female,189.245.24.248
403,Gerry,Hardwicke,ghardwickeb6@imdb.com,Male,3.136.130.57
404,Lee,Rushmere,lrushmereb7@google.ca,Bigender,18.184.203.144
405,Isiahi,Sapir,isapirb8@qq.com,Genderqueer,242.141.125.251
406,Caz,Phizackarley,cphizackarleyb9@chicagotribune.com,Non-binary,164.16.218.15
407,Tina,Datte,tdatteba@cnbc.com,Genderqueer,165.191.52.198
408,Jacquette,Androck,jandrockbb@linkedin.com,Male,227.107.65.95
409,Else,Mazzia,emazziabc@google.nl,Genderqueer,88.149.146.185
410,Jefferson,Mussolini,jmussolinibd@cnet.com,Genderqueer,228.40.105.48
411,Jonathon,Salkeld,jsalkeldbe@cdc.gov,Non-binary,146.139.70.109
412,Belle,Castelletto,bcastellettobf@homestead.com,Polygender,108.223.125.60
413,Katerina,Rasp,kraspbg@cargocollective.com,Polygender,21.147.88.8
414,Terrence,Orritt,torrittbh@china.com.cn,Agender,23.234.67.101
415,Kevina,Trevance,ktrevancebi@mtv.com,Male,235.108.81.175
416,Jorie,Deller,jdellerbj@chicagotribune.com,Polygender,82.155.225.184
417,Roxane,Piggot,rpiggotbk@squidoo.com,Male,74.112.91.33
418,Rafaello,Hirsthouse,rhirsthousebl@samsung.com,Polygender,108.207.175.102
419,Giusto,Hoodlass,ghoodlassbm@wikispaces.com,Genderfluid,153.11.120.250
420,Alexa,Daniel,adanielbn@sun.com,Non-binary,106.220.80.175
421,Gabbie,Kulvear,gkulvearbo@artisteer.com,Bigender,24.175.94.156
422,Britney,Somerville,bsomervillebp@lycos.com,Bigender,115.129.43.237
423,Miranda,Reavell,mreavellbq@bravesites.com,Genderqueer,17.201.234.7
424,Alicia,Kennagh,akennaghbr@4shared.com,Genderqueer,22.237.103.140
425,Sherry,Wheaton,swheatonbs@cafepress.com,Bigender,88.200.4.55
426,Braden,Jinda,bjindabt@tamu.edu,Female,186.130.3.68
427,Charisse,Kubat,ckubatbu@istockphoto.com,Agender,229.131.124.54
428,Rustin,Camocke,rcamockebv@comcast.net,Polygender,103.116.169.196
429,Inness,Duberry,iduberrybw@mashable.com,Bigender,219.81.145.34
430,Johna,Roote,jrootebx@usa.gov,Male,253.167.197.36
431,Pietra,Joselevitz,pjoselevitzby@nifty.com,Male,50.191.167.161
432,Gloriane,Maybey,gmaybeybz@over-blog.com,Bigender,201.198.250.103
433,Camilla,Wicklen,cwicklenc0@phoca.cz,Agender,115.27.57.221
434,Jeanne,Rushsorth,jrushsorthc1@cpanel.net,Genderfluid,210.37.81.48
435,Emelda,Tefft,etefftc2@storify.com,Female,26.48.53.102
436,Lucienne,De Bellis,ldebellisc3@thetimes.co.uk,Non-binary,121.196.4.228
437,Emelita,Nuzzti,enuzztic4@techcrunch.com,Female,4.192.212.74
438,Gertrudis,Bisset,gbissetc5@wired.com,Polygender,241.42.82.98
439,Doll,Coorington,dcooringtonc6@unblog.fr,Male,138.98.144.19
440,Greer,Charlson,gcharlsonc7@amazon.co.jp,Non-binary,225.255.23.193
441,Carolina,Surphliss,csurphlissc8@berkeley.edu,Agender,7.28.179.141
442,Jenica,Demcik,jdemcikc9@statcounter.com,Non-binary,170.27.218.174
443,Langston,Barrow,lbarrowca@sciencedirect.com,Genderqueer,59.99.103.178
444,Silvano,Halesworth,shalesworthcb@wordpress.com,Non-binary,51.204.71.179
445,Klemens,Luxmoore,kluxmoorecc@biblegateway.com,Agender,128.6.18.132
446,Jade,Wildor,jwildorcd@nih.gov,Male,110.148.20.182
447,Ladonna,Sproson,lsprosonce@washingtonpost.com,Male,69.172.216.34
448,Berenice,Whittingham,bwhittinghamcf@usatoday.com,Agender,201.164.113.184
449,Arni,Garlant,agarlantcg@sogou.com,Polygender,162.174.220.240
450,Earvin,Siemon,esiemonch@rediff.com,Bigender,5.143.137.173
451,Germain,Marchington,gmarchingtonci@disqus.com,Polygender,142.146.155.79
452,Karrie,Halbord,khalbordcj@tripod.com,Female,82.208.30.18
453,Rheba,Oloman,rolomanck@hud.gov,Agender,8.64.219.15
454,Bayard,Todarini,btodarinicl@foxnews.com,Polygender,43.151.11.153
455,Eran,Dewen,edewencm@skype.com,Genderqueer,189.209.98.52
456,Floyd,Cossington,fcossingtoncn@bluehost.com,Genderfluid,2.239.206.225
457,Danell,Dossit,ddossitco@webmd.com,Genderfluid,193.10.236.2
458,Morse,Cocking,mcockingcp@earthlink.net,Genderfluid,246.30.167.209
459,Aluino,Donnan,adonnancq@360.cn,Genderfluid,31.232.59.52
460,Byrle,Rijkeseis,brijkeseiscr@webmd.com,Bigender,34.144.98.242
461,Konstanze,Ingrey,kingreycs@ox.ac.uk,Male,186.7.168.255
462,Dix,Colquete,dcolquetect@123-reg.co.uk,Male,201.143.249.125
463,Melony,Slay,mslaycu@rambler.ru,Genderfluid,247.90.197.156
464,Amalee,Kenningley,akenningleycv@storify.com,Bigender,240.72.176.59
465,Dene,Vicker,dvickercw@craigslist.org,Genderqueer,129.28.98.77
466,Robinetta,Rides,rridescx@technorati.com,Genderqueer,1.184.197.143
467,Starlin,Hawarden,shawardency@tumblr.com,Male,112.96.179.101
468,Cinnamon,Estrella,cestrellacz@ask.com,Genderqueer,177.175.75.121
469,Stephanie,Sallery,ssalleryd0@hugedomains.com,Genderqueer,53.144.42.102
470,Royall,Marczyk,rmarczykd1@marketwatch.com,Bigender,135.109.187.60
471,Massimo,Neame,mneamed2@chron.com,Polygender,175.4.211.1
472,Barron,Hiscocks,bhiscocksd3@shareasale.com,Polygender,101.112.17.247
473,Marlee,Works,mworksd4@istockphoto.com,Male,213.57.221.134
474,Tadd,Coupland,tcouplandd5@xinhuanet.com,Agender,79.6.145.1
475,Aliza,Jeffryes,ajeffryesd6@cnbc.com,Genderfluid,170.94.101.110
476,Kesley,Wildblood,kwildbloodd7@t.co,Genderqueer,205.213.187.216
477,Gustaf,Sickling,gsicklingd8@lycos.com,Female,178.17.164.121
478,Lammond,Wass,lwassd9@jigsy.com,Non-binary,254.250.57.98
479,L;urette,Brugemann,lbrugemannda@google.com.au,Bigender,202.213.209.8
480,Georgena,Lacroux,glacrouxdb@house.gov,Non-binary,146.88.85.165
481,Rodd,Blincko,rblinckodc@hc360.com,Female,119.142.88.252
482,Wendi,Hamblington,whamblingtondd@php.net,Non-binary,56.135.87.153
483,Perice,Worman,pwormande@hhs.gov,Polygender,102.54.123.166
484,Quintin,Fetherstone,qfetherstonedf@woothemes.com,Agender,18.82.55.152
485,Margaret,Satford,msatforddg@unblog.fr,Genderqueer,67.86.122.211
486,Clare,Sinnatt,csinnattdh@slate.com,Bigender,186.0.199.236
487,Maddy,Van Eeden,mvaneedendi@hubpages.com,Polygender,85.6.191.155
488,Neville,Ginie,nginiedj@issuu.com,Non-binary,132.201.133.188
489,Stanislaus,Briggs,sbriggsdk@tamu.edu,Agender,149.158.134.184
490,Pyotr,Jorgesen,pjorgesendl@cnbc.com,Genderqueer,219.188.20.141
491,Mabel,Allinson,mallinsondm@geocities.jp,Male,214.25.9.116
492,Charis,Blaber,cblaberdn@last.fm,Agender,94.65.182.178
493,Laverne,Zanicchi,lzanicchido@ask.com,Non-binary,244.89.253.134
494,Muhammad,De Francisci,mdefranciscidp@theguardian.com,Bigender,215.8.11.35
495,Darrin,Adamsson,dadamssondq@phpbb.com,Agender,234.34.159.240
496,Beverly,Battany,bbattanydr@senate.gov,Bigender,155.171.43.4
497,Adey,Morffew,amorffewds@discuz.net,Bigender,66.37.161.14
498,Adiana,Kaes,akaesdt@wired.com,Male,241.128.250.247
499,Annadiane,Arderne,aardernedu@fema.gov,Genderfluid,78.133.1.211
500,Ysabel,Sheryne,ysherynedv@chicagotribune.com,Agender,151.240.85.229
501,Jasmina,Jewkes,jjewkesdw@vinaora.com,Female,194.97.19.235
502,Stanislas,Arnke,sarnkedx@php.net,Genderfluid,173.12.102.88
503,Anderson,Orpen,aorpendy@un.org,Non-binary,170.240.25.188
504,Alanson,Planke,aplankedz@ftc.gov,Agender,114.217.95.117
505,Una,Dumingos,udumingose0@ameblo.jp,Genderqueer,127.189.21.140
506,Roslyn,Micheu,rmicheue1@google.com,Genderqueer,219.189.106.233
507,Wesley,MacDowall,wmacdowalle2@stanford.edu,Bigender,218.126.193.46
508,Dulci,Noot,dnoote3@phpbb.com,Female,33.14.244.172
509,Alice,Malloch,amalloche4@last.fm,Genderfluid,247.140.111.150
510,Franky,Labba,flabbae5@sbwire.com,Bigender,65.198.185.48
511,Ardelis,Derl,aderle6@myspace.com,Male,89.10.76.186
512,Lenette,Jagg,ljagge7@go.com,Polygender,49.244.189.48
513,Niki,Verralls,nverrallse8@foxnews.com,Non-binary,215.102.179.207
514,Garrot,Plait,gplaite9@census.gov,Agender,214.188.252.82
515,Grover,De Vries,gdevriesea@ihg.com,Genderfluid,215.67.253.132
516,Kristal,Fowls,kfowlseb@mozilla.com,Non-binary,134.51.147.38
517,Goddart,Bedin,gbedinec@slate.com,Female,131.140.125.199
518,Genia,Domelaw,gdomelawed@nature.com,Genderqueer,186.160.100.140
519,Shara,Pinches,spinchesee@cdbaby.com,Female,44.212.130.135
520,Lotte,MacGhee,lmacgheeef@ustream.tv,Genderfluid,7.237.131.88
521,Petrina,Pavett,ppavetteg@cisco.com,Bigender,10.141.221.14
522,Allayne,Casoni,acasonieh@patch.com,Female,3.176.138.19
523,Bethina,Divers,bdiversei@cnn.com,Bigender,6.128.195.198
524,Paco,Levesque,plevesqueej@ucsd.edu,Genderqueer,101.187.61.145
525,Margareta,Gallen,mgallenek@telegraph.co.uk,Genderqueer,205.235.252.208
526,Annadiane,Klulicek,aklulicekel@seattletimes.com,Male,37.109.45.117
527,Lenore,Ruscoe,lruscoeem@sbwire.com,Genderfluid,30.51.0.213
528,Devin,Ellacott,dellacotten@posterous.com,Non-binary,141.139.138.124
529,Elvira,Masham,emashameo@smugmug.com,Bigender,166.57.225.78
530,Adey,Darrow,adarrowep@csmonitor.com,Genderqueer,224.94.192.63
531,Allison,Esberger,aesbergereq@plala.or.jp,Female,209.222.157.69
532,Kaela,Kitcatt,kkitcatter@hostgator.com,Agender,203.118.66.153
533,Denyse,Goforth,dgoforthes@dion.ne.jp,Male,223.103.252.236
534,Christiane,Innman,cinnmanet@seesaa.net,Polygender,36.192.80.4
535,Harlin,Heinsh,hheinsheu@forbes.com,Female,97.203.91.106
536,Dudley,Drewery,ddreweryev@scientificamerican.com,Genderfluid,12.122.165.80
537,Holt,Sedgman,hsedgmanew@themeforest.net,Bigender,140.223.141.223
538,Marika,Blythe,mblytheex@topsy.com,Male,161.52.88.227
539,Lorilyn,Chellenham,lchellenhamey@slate.com,Male,161.77.101.58
540,Marlyn,Kelle,mkelleez@vkontakte.ru,Male,70.47.48.100
541,Merrel,Hebblethwaite,mhebblethwaitef0@blog.com,Bigender,10.178.103.55
542,Emelina,Allden,ealldenf1@tumblr.com,Bigender,197.168.69.117
543,Carine,Sotham,csothamf2@nyu.edu,Bigender,212.66.64.88
544,Spence,Treleaven,streleavenf3@amazon.co.jp,Non-binary,208.203.51.151
545,Case,Keep,ckeepf4@multiply.com,Genderfluid,194.240.246.78
546,Tabb,Rohmer,trohmerf5@unblog.fr,Male,201.80.60.49
547,Madelin,Gribble,mgribblef6@europa.eu,Polygender,3.77.221.166
548,Aarika,Leibold,aleiboldf7@eventbrite.com,Agender,71.184.23.131
549,Ty,Wallsworth,twallsworthf8@nasa.gov,Genderfluid,93.170.55.80
550,Elisabet,Donnelly,edonnellyf9@bbb.org,Genderfluid,46.135.186.127
551,Hilton,Simeon,hsimeonfa@wikia.com,Bigender,18.27.45.74
552,Candida,Brise,cbrisefb@canalblog.com,Male,0.106.154.137
553,Giuseppe,Medlen,gmedlenfc@ca.gov,Genderfluid,22.54.221.0
554,Bili,Edgin,bedginfd@t-online.de,Agender,27.219.177.142
555,Alaster,Blaxton,ablaxtonfe@i2i.jp,Agender,50.205.208.186
556,Joycelin,Jancic,jjancicff@patch.com,Non-binary,18.37.235.224
557,Addison,Burnyate,aburnyatefg@businessinsider.com,Male,73.182.183.14
558,Celle,De Malchar,cdemalcharfh@dyndns.org,Non-binary,66.253.70.179
559,Corly,Loweth,clowethfi@umich.edu,Non-binary,153.92.130.199
560,Liliane,Childes,lchildesfj@jimdo.com,Bigender,96.3.144.72
561,Melantha,Cush,mcushfk@delicious.com,Genderqueer,191.208.166.167
562,Teddie,Sea,tseafl@hibu.com,Polygender,254.150.17.139
563,Doralynne,Hatchette,dhatchettefm@prnewswire.com,Genderfluid,244.172.88.140
564,Lucretia,McDarmid,lmcdarmidfn@flavors.me,Female,104.169.147.150
565,Horatia,Storch,hstorchfo@alibaba.com,Bigender,142.27.113.39
566,Sherline,Coslitt,scoslittfp@va.gov,Bigender,101.100.114.165
567,Ario,Andreuzzi,aandreuzzifq@go.com,Non-binary,31.20.131.29
568,Anthe,Danilyak,adanilyakfr@usnews.com,Male,242.84.35.207
569,Rochelle,Ickowicz,rickowiczfs@amazon.co.jp,Non-binary,21.34.154.65
570,Lynett,Hatchman,lhatchmanft@1688.com,Female,89.144.224.95
571,Diann,MacAlester,dmacalesterfu@mysql.com,Agender,73.203.96.184
572,Carlina,Duddan,cduddanfv@netvibes.com,Genderqueer,227.91.22.213
573,Jerrome,Baughen,jbaughenfw@umn.edu,Non-binary,177.201.69.185
574,Robinetta,Moring,rmoringfx@rediff.com,Female,84.78.214.32
575,Gabbie,Willatts,gwillattsfy@clickbank.net,Agender,192.154.88.148
576,Carroll,MacGiffin,cmacgiffinfz@reverbnation.com,Agender,148.23.75.218
577,Patrizia,Gecke,pgeckeg0@bbc.co.uk,Genderfluid,240.27.204.127
578,Vale,Luckwell,vluckwellg1@hud.gov,Male,177.84.164.173
579,Felizio,Janecki,fjaneckig2@t.co,Polygender,226.40.165.237
580,Erasmus,Bollum,ebollumg3@liveinternet.ru,Genderfluid,243.120.19.211
581,Howie,Sciusscietto,hsciussciettog4@typepad.com,Genderfluid,100.197.38.97
582,Eloise,Maciejewski,emaciejewskig5@intel.com,Male,227.221.251.175
583,Ashia,Roddan,aroddang6@acquirethisname.com,Polygender,73.127.62.122
584,Patricia,Edlington,pedlingtong7@ox.ac.uk,Bigender,119.101.73.45
585,Veronika,Caplis,vcaplisg8@blogtalkradio.com,Non-binary,166.100.236.134
586,Hartley,Llewelyn,hllewelyng9@jugem.jp,Agender,111.200.48.129
587,Octavius,Simonite,osimonitega@sohu.com,Non-binary,120.70.33.27
588,Erda,Crocket,ecrocketgb@springer.com,Bigender,252.200.79.115
589,Tresa,Vedenichev,tvedenichevgc@about.com,Bigender,22.163.28.78
590,Katherina,Winterson,kwintersongd@usnews.com,Genderqueer,111.148.147.234
591,Helge,Gasgarth,hgasgarthge@delicious.com,Female,210.175.249.32
592,Francisco,Ren,frengf@cpanel.net,Agender,15.90.171.67
593,Beryl,Essame,bessamegg@ezinearticles.com,Agender,156.106.172.49
594,Leanor,Molen,lmolengh@addthis.com,Genderqueer,250.179.216.116
595,Luis,Jaquet,ljaquetgi@aol.com,Genderfluid,84.251.231.196
596,Tamara,Yakunkin,tyakunkingj@com.com,Agender,208.104.124.166
597,Cecil,Jerams,cjeramsgk@nhs.uk,Polygender,180.140.146.69
598,Gisela,Kerwin,gkerwingl@php.net,Agender,211.225.22.218
599,Miquela,Messager,mmessagergm@live.com,Non-binary,5.106.83.28
600,John,Ride,jridegn@odnoklassniki.ru,Bigender,184.176.250.6
601,Issi,Wilson,iwilsongo@techcrunch.com,Genderfluid,118.225.201.213
602,Trudy,Kershow,tkershowgp@npr.org,Female,190.172.212.10
603,Caspar,Derkes,cderkesgq@technorati.com,Polygender,219.117.153.152
604,Clayborn,Loncaster,cloncastergr@spiegel.de,Non-binary,209.23.217.153
605,Bradley,Godehard.sf,bgodehardsfgs@howstuffworks.com,Male,130.77.55.97
606,Stevana,Govinlock,sgovinlockgt@sciencedirect.com,Bigender,148.223.92.97
607,Saudra,Bowker,sbowkergu@soundcloud.com,Genderfluid,18.92.140.141
608,Harriott,Welchman,hwelchmangv@tamu.edu,Agender,119.185.200.27
609,Kerrie,Cowthart,kcowthartgw@mediafire.com,Female,73.206.217.97
610,Ingaborg,Cleever,icleevergx@tripod.com,Genderqueer,15.139.167.252
611,Alena,Grote,agrotegy@mozilla.org,Female,57.141.127.174
612,Bernhard,Fowley,bfowleygz@etsy.com,Non-binary,162.142.42.121
613,Uriel,Cauldwell,ucauldwellh0@arstechnica.com,Genderqueer,41.129.126.43
614,Dareen,Tiebe,dtiebeh1@sakura.ne.jp,Non-binary,41.77.196.16
615,Sauveur,Aasaf,saasafh2@mac.com,Non-binary,33.22.139.200
616,Dinah,Sire,dsireh3@ca.gov,Polygender,235.95.60.214
617,Corney,Fussen,cfussenh4@businessweek.com,Male,214.189.157.132
618,Sissie,Hammerich,shammerichh5@dedecms.com,Bigender,113.43.7.150
619,Tessi,Husk,thuskh6@plala.or.jp,Genderqueer,247.34.158.6
620,Rudie,Ratcliff,rratcliffh7@tiny.cc,Bigender,60.97.96.11
621,Gerome,Littrik,glittrikh8@hibu.com,Female,100.216.165.242
622,Carny,Corneil,ccorneilh9@creativecommons.org,Female,43.225.88.134
623,Roxi,Farrears,rfarrearsha@elegantthemes.com,Male,136.54.236.248
624,Nola,Dudney,ndudneyhb@amazonaws.com,Female,130.82.212.32
625,Renado,Sherel,rsherelhc@cargocollective.com,Bigender,208.27.8.92
626,Humfrid,Ounsworth,hounsworthhd@engadget.com,Male,20.47.190.139
627,Sharleen,Goodbanne,sgoodbannehe@nydailynews.com,Non-binary,0.94.208.118
628,Amby,Joderli,ajoderlihf@lycos.com,Non-binary,92.186.20.88
629,Irwin,Klainer,iklainerhg@cbsnews.com,Genderfluid,31.10.232.161
630,Evvie,Joisce,ejoiscehh@blogger.com,Polygender,46.240.101.13
631,Arda,Tapsell,atapsellhi@yahoo.com,Polygender,52.233.167.145
632,Allin,Zanni,azannihj@answers.com,Non-binary,51.66.63.220
633,Granny,Wilshire,gwilshirehk@cam.ac.uk,Genderqueer,148.8.147.97
634,Kaitlyn,Wolford,kwolfordhl@jiathis.com,Genderqueer,169.211.198.199
635,Hayward,Silverson,hsilversonhm@apache.org,Genderfluid,145.246.49.78
636,Rebeka,Dussy,rdussyhn@google.es,Agender,64.103.208.109
637,Sollie,Greson,sgresonho@dedecms.com,Non-binary,221.121.224.42
638,Bearnard,Hinsch,bhinschhp@berkeley.edu,Bigender,2.55.54.121
639,Ancell,Ashe,aashehq@home.pl,Male,84.13.241.150
640,Nicko,Derrett,nderretthr@deviantart.com,Agender,8.30.114.31
641,Kory,Lambal,klambalhs@cam.ac.uk,Polygender,151.97.155.129
642,Sanderson,Boddymead,sboddymeadht@mlb.com,Female,205.168.164.109
643,Burty,Haydon,bhaydonhu@cnet.com,Male,52.174.230.171
644,Bear,Verduin,bverduinhv@yandex.ru,Agender,31.212.227.103
645,Shelley,Yaneev,syaneevhw@businessinsider.com,Genderqueer,197.63.180.174
646,Berkie,Jiroudek,bjiroudekhx@nhs.uk,Female,115.230.1.59
647,Corrianne,Thornley,cthornleyhy@biblegateway.com,Non-binary,93.23.199.141
648,Sybilla,Rosenkrantz,srosenkrantzhz@nasa.gov,Non-binary,243.124.148.217
649,Fidelity,Steddall,fsteddalli0@rakuten.co.jp,Bigender,105.57.94.11
650,Stanleigh,Lindup,slindupi1@exblog.jp,Bigender,178.86.82.178
651,Idette,Cathenod,icathenodi2@plala.or.jp,Non-binary,221.79.34.116
652,Brian,Monahan,bmonahani3@marketwatch.com,Genderfluid,132.141.154.157
653,Hilary,Sivyour,hsivyouri4@about.com,Bigender,104.219.124.193
654,Chevy,Blaszczak,cblaszczaki5@vkontakte.ru,Genderfluid,114.111.243.115
655,Cordy,Amori,camorii6@theatlantic.com,Agender,135.7.172.247
656,Penelope,Gorler,pgorleri7@cbsnews.com,Agender,247.74.47.187
657,Elly,Robins,erobinsi8@forbes.com,Genderfluid,96.106.13.12
658,Michal,Kershow,mkershowi9@bloglines.com,Bigender,4.224.213.62
659,Ingeberg,Woller,iwolleria@foxnews.com,Genderqueer,176.190.156.106
660,August,Blase,ablaseib@house.gov,Non-binary,95.46.17.38
661,Christos,Kruschov,ckruschovic@cdbaby.com,Agender,245.249.59.148
662,Nickolaus,Jiru,njiruid@toplist.cz,Male,177.135.51.72
663,Annadiana,Lyness,alynessie@eepurl.com,Agender,53.201.17.41
664,Sybilla,Spellessy,sspellessyif@sun.com,Male,188.81.31.59
665,Abigail,Shaul,ashaulig@4shared.com,Polygender,23.211.156.180
666,Sibylle,Austing,saustingih@comsenz.com,Polygender,73.111.24.133
667,Melisse,Goldes,mgoldesii@npr.org,Non-binary,235.148.25.236
668,Bartel,Mapledoore,bmapledooreij@mashable.com,Female,44.191.99.176
669,Juditha,Keitley,jkeitleyik@apache.org,Agender,94.125.89.74
670,Rodi,Canavan,rcanavanil@ucoz.com,Genderqueer,122.26.160.135
671,Miles,Giddy,mgiddyim@dailymotion.com,Genderqueer,208.123.104.210
672,Abigael,Eplate,aeplatein@lycos.com,Female,131.193.109.199
673,Dottie,Ruckhard,druckhardio@paginegialle.it,Genderfluid,174.16.52.67
674,Petrina,Illwell,pillwellip@cbc.ca,Non-binary,177.131.208.81
675,Alano,Philipsen,aphilipseniq@yahoo.co.jp,Non-binary,75.181.188.218
676,Claretta,Hiom,chiomir@ask.com,Genderfluid,112.0.136.161
677,Gilburt,Elms,gelmsis@foxnews.com,Agender,128.43.102.21
678,Alana,Samways,asamwaysit@ftc.gov,Polygender,0.120.107.57
679,Allyce,Grosvenor,agrosvenoriu@salon.com,Non-binary,152.178.241.9
680,Mahala,Jull,mjulliv@google.com,Male,20.81.215.40
681,Tatum,MacKaig,tmackaigiw@hostgator.com,Polygender,139.166.111.235
682,Ania,Johnsson,ajohnssonix@usgs.gov,Genderqueer,246.222.106.55
683,Elora,Bowshire,ebowshireiy@webnode.com,Female,72.241.23.17
684,Ethan,Egle of Germany,eegleofgermanyiz@phpbb.com,Female,21.100.130.96
685,Donnie,Cattel,dcattelj0@netvibes.com,Genderqueer,43.62.230.111
686,Shelagh,Farlow,sfarlowj1@cbslocal.com,Genderqueer,32.117.5.33
687,Diann,Wardesworth,dwardesworthj2@columbia.edu,Female,141.101.36.121
688,Ernst,Vigrass,evigrassj3@harvard.edu,Genderfluid,119.122.20.190
689,Bryon,Aizikovich,baizikovichj4@mail.ru,Genderfluid,69.139.94.8
690,Hobard,Durnell,hdurnellj5@joomla.org,Bigender,233.179.225.107
691,Andreana,McNeish,amcneishj6@oaic.gov.au,Polygender,42.183.157.71
692,Andria,Halbord,ahalbordj7@pen.io,Female,57.158.22.212
693,Nancee,Baile,nbailej8@chronoengine.com,Genderqueer,127.222.186.133
694,Merwin,Reis,mreisj9@purevolume.com,Genderfluid,4.67.85.57
695,Prince,Gilby,pgilbyja@globo.com,Genderqueer,176.72.159.21
696,Arney,Trattles,atrattlesjb@google.ru,Non-binary,2.59.192.67
697,Franciskus,Grey,fgreyjc@narod.ru,Polygender,226.226.84.108
698,Wilton,Brucker,wbruckerjd@imdb.com,Polygender,134.98.224.172
699,Scarface,Andreichik,sandreichikje@nymag.com,Female,230.155.196.25
700,Correy,Mudd,cmuddjf@si.edu,Polygender,25.109.99.97
701,Laryssa,Rose,lrosejg@google.cn,Non-binary,30.237.13.40
702,Chantal,Gravell,cgravelljh@nhs.uk,Bigender,16.142.165.14
703,Flinn,Lemar,flemarji@cyberchimps.com,Bigender,206.95.22.163
704,Jonathan,Lanfear,jlanfearjj@sciencedirect.com,Non-binary,236.117.144.45
705,Adriaens,Neiland,aneilandjk@abc.net.au,Genderqueer,132.130.30.44
706,Tarrah,Myles,tmylesjl@lycos.com,Agender,10.247.14.226
707,Noel,Saph,nsaphjm@nih.gov,Male,231.161.2.161
708,Bruno,Dealy,bdealyjn@wikia.com,Non-binary,190.28.74.188
709,Noel,Newnham,nnewnhamjo@npr.org,Genderfluid,206.215.142.159
710,Edee,Given,egivenjp@skyrock.com,Agender,107.147.115.217
711,Ora,Martindale,omartindalejq@soup.io,Polygender,186.196.206.163
712,Susann,Haslegrave,shaslegravejr@epa.gov,Agender,2.140.92.54
713,Blake,Aberdeen,baberdeenjs@shop-pro.jp,Female,118.194.67.9
714,Iris,James,ijamesjt@illinois.edu,Non-binary,68.75.244.39
715,Jewel,Swedeland,jswedelandju@weibo.com,Agender,50.214.98.115
716,Petronille,Beamiss,pbeamissjv@nba.com,Bigender,97.142.197.243
717,Kippie,Lias,kliasjw@washingtonpost.com,Non-binary,4.31.140.199
718,Erwin,Dorrington,edorringtonjx@meetup.com,Bigender,77.103.55.249
719,Ginny,Clapton,gclaptonjy@uiuc.edu,Genderfluid,56.148.121.202
720,Ag,Schonfeld,aschonfeldjz@sciencedaily.com,Genderfluid,239.68.122.29
721,Stafani,Cleary,sclearyk0@mac.com,Genderfluid,219.89.4.116
722,Lauryn,Goodbarne,lgoodbarnek1@reverbnation.com,Female,28.41.126.52
723,Lauritz,Spencers,lspencersk2@opera.com,Female,44.94.167.6
724,Paul,Huntingdon,phuntingdonk3@sun.com,Male,182.12.232.186
725,Maridel,Glazier,mglazierk4@storify.com,Female,147.133.29.3
726,Jeno,Vinton,jvintonk5@weather.com,Polygender,18.175.145.143
727,Juan,Chatband,jchatbandk6@multiply.com,Genderfluid,58.42.133.64
728,Harrison,Stiegar,hstiegark7@accuweather.com,Agender,123.53.238.232
729,Egon,Fingleton,efingletonk8@google.es,Genderqueer,33.41.157.54
730,Carolee,Dorie,cdoriek9@amazon.de,Male,114.248.137.155
731,Hersh,Epsley,hepsleyka@pcworld.com,Polygender,20.237.247.53
732,Dorena,Reignolds,dreignoldskb@microsoft.com,Non-binary,40.7.42.27
733,Tye,Cruxton,tcruxtonkc@census.gov,Female,177.122.143.147
734,Carmina,Bernhart,cbernhartkd@shutterfly.com,Male,6.6.82.42
735,Cody,Sayre,csayreke@google.com.hk,Agender,14.238.37.236
736,Dido,Fahrenbach,dfahrenbachkf@smugmug.com,Female,27.37.160.155
737,Howey,Bunney,hbunneykg@nature.com,Agender,37.46.77.200
738,Krysta,Mattia,kmattiakh@home.pl,Female,136.207.142.219
739,Harp,Paylor,hpaylorki@hp.com,Agender,105.98.254.7
740,Nanci,Burrill,nburrillkj@sogou.com,Bigender,203.209.87.216
741,Shannen,Normanville,snormanvillekk@java.com,Genderqueer,100.189.137.211
742,Dwain,Pietrasik,dpietrasikkl@youku.com,Genderqueer,72.41.80.188
743,Steffi,Godehard.sf,sgodehardsfkm@sakura.ne.jp,Polygender,135.157.116.46
744,Sonya,De Meyer,sdemeyerkn@gnu.org,Female,173.2.195.233
745,Noll,Nettleship,nnettleshipko@timesonline.co.uk,Genderfluid,255.145.16.242
746,Marlow,Churcher,mchurcherkp@unc.edu,Polygender,125.234.197.10
747,Stefa,Hallyburton,shallyburtonkq@yandex.ru,Genderqueer,117.82.66.139
748,Kelbee,Hendriks,khendrikskr@bandcamp.com,Genderfluid,205.211.221.146
749,Kelwin,Keningham,kkeninghamks@squarespace.com,Genderqueer,142.168.156.81
750,Nadeen,Hartopp,nhartoppkt@house.gov,Genderqueer,59.29.92.111
751,Teri,Colquyte,tcolquyteku@tripod.com,Polygender,35.249.201.241
752,Hilliard,Woan,hwoankv@diigo.com,Agender,71.241.253.68
753,Ardelle,Gerant,agerantkw@prlog.org,Non-binary,167.216.164.58
754,Christie,Malicki,cmalickikx@kickstarter.com,Genderqueer,251.99.81.206
755,Andriana,Wychard,awychardky@ning.com,Agender,7.153.12.126
756,Denis,Fullstone,dfullstonekz@google.com.hk,Genderqueer,217.191.18.91
757,Oneida,Casserly,ocasserlyl0@usatoday.com,Agender,140.241.223.152
758,Weider,Dawidowitsch,wdawidowitschl1@spotify.com,Polygender,138.74.79.183
759,Costa,Bangham,cbanghaml2@google.com,Non-binary,65.254.145.78
760,Loralee,Kleingrub,lkleingrubl3@thetimes.co.uk,Bigender,11.173.220.73
761,Isacco,Berkeley,iberkeleyl4@elegantthemes.com,Genderqueer,21.178.149.99
762,Talbot,Cammock,tcammockl5@cnn.com,Agender,75.48.100.198
763,Deirdre,Stening,dsteningl6@about.me,Genderqueer,166.255.32.60
764,Xena,Zammitt,xzammittl7@hubpages.com,Male,65.98.66.109
765,Erek,McTrustey,emctrusteyl8@sourceforge.net,Agender,198.17.175.63
766,Liana,Dilnot,ldilnotl9@washingtonpost.com,Male,21.135.144.190
767,Niels,Redferne,nredfernela@bbc.co.uk,Bigender,42.123.154.56
768,Lilyan,Burgon,lburgonlb@oracle.com,Non-binary,16.79.106.108
769,Katerina,Skipper,kskipperlc@noaa.gov,Agender,0.49.170.192
770,Clementine,Canto,ccantold@prlog.org,Bigender,99.246.218.253
771,Emmeline,Pook,epookle@blogspot.com,Genderfluid,214.154.226.192
772,Nanni,Spilsburie,nspilsburielf@si.edu,Genderfluid,60.82.82.236
773,Cathleen,Barnard,cbarnardlg@unesco.org,Female,107.248.29.12
774,Abraham,Vann,avannlh@nasa.gov,Bigender,3.191.154.87
775,Faulkner,Gethouse,fgethouseli@lulu.com,Genderfluid,31.51.203.63
776,Valentino,Novkovic,vnovkoviclj@ca.gov,Bigender,56.101.156.166
777,Wes,Davern,wdavernlk@weibo.com,Male,156.154.103.81
778,Laurella,O'Hannigan,lohanniganll@gravatar.com,Male,133.54.108.173
779,Kristoffer,Scrivinor,kscrivinorlm@fotki.com,Genderfluid,226.156.99.70
780,Francine,Heersema,fheersemaln@scientificamerican.com,Agender,78.40.158.172
781,Alena,Cake,acakelo@naver.com,Bigender,100.210.48.165
782,Francene,Porrett,fporrettlp@patch.com,Non-binary,15.119.118.31
783,Teri,Marking,tmarkinglq@t.co,Genderqueer,127.248.97.23
784,De,de Zamora,ddezamoralr@examiner.com,Female,225.217.117.138
785,Geralda,Fowls,gfowlsls@github.com,Non-binary,189.32.24.24
786,Felizio,Statter,fstatterlt@google.co.uk,Agender,117.149.42.243
787,Hurlee,Sexton,hsextonlu@yandex.ru,Genderqueer,66.235.140.201
788,Scotty,MacGeffen,smacgeffenlv@forbes.com,Non-binary,209.95.182.134
789,David,Bagger,dbaggerlw@constantcontact.com,Genderqueer,52.186.10.12
790,Fee,Treen,ftreenlx@spiegel.de,Bigender,210.235.176.137
791,Ethelbert,Conboy,econboyly@washington.edu,Female,196.134.86.64
792,Woodie,Eliyahu,weliyahulz@artisteer.com,Female,240.149.201.123
793,Janith,Lambersen,jlambersenm0@quantcast.com,Female,172.3.240.155
794,Fianna,MacKaile,fmackailem1@nih.gov,Polygender,250.86.23.74
795,Rosamond,Couch,rcouchm2@google.fr,Female,50.106.130.155
796,Ophelie,Romanetti,oromanettim3@example.com,Agender,11.199.110.174
797,Staford,Simper,ssimperm4@desdev.cn,Agender,100.219.146.111
798,Bertram,Savage,bsavagem5@sina.com.cn,Genderqueer,184.241.207.80
799,Mei,Schrader,mschraderm6@1688.com,Non-binary,162.111.229.200
800,Claretta,Winckles,cwincklesm7@geocities.jp,Bigender,221.0.205.82
801,Gardiner,Itzchaki,gitzchakim8@edublogs.org,Genderfluid,141.145.161.8
802,Antone,Lineham,alinehamm9@spiegel.de,Genderfluid,45.54.117.115
803,Zared,Yonnie,zyonniema@tinyurl.com,Genderfluid,184.129.169.187
804,Mehetabel,Bister,mbistermb@istockphoto.com,Genderqueer,178.182.56.228
805,Lib,Henzley,lhenzleymc@chicagotribune.com,Non-binary,241.202.220.243
806,Madelaine,Gustus,mgustusmd@networkadvertising.org,Male,75.90.236.191
807,Leslie,Gounin,lgouninme@nifty.com,Genderqueer,189.23.35.15
808,Rudy,Shackleton,rshackletonmf@tumblr.com,Bigender,135.112.221.93
809,Sim,Burnitt,sburnittmg@so-net.ne.jp,Female,193.100.74.90
810,Hollyanne,Calderwood,hcalderwoodmh@geocities.jp,Agender,165.54.100.88
811,Kacey,Devonald,kdevonaldmi@sakura.ne.jp,Polygender,204.158.160.193
812,Gamaliel,Innman,ginnmanmj@army.mil,Polygender,15.178.222.24
813,Meade,Sarjant,msarjantmk@istockphoto.com,Genderqueer,203.131.50.127
814,Nike,Resdale,nresdaleml@flavors.me,Male,125.217.102.114
815,Boonie,Berry,bberrymm@flavors.me,Non-binary,134.143.120.164
816,Edna,Drew-Clifton,edrewcliftonmn@msu.edu,Genderqueer,196.59.127.143
817,Marion,Wernham,mwernhammo@mapquest.com,Female,167.25.199.25
818,Amie,Puckinghorne,apuckinghornemp@bizjournals.com,Genderfluid,203.73.251.66
819,Cariotta,Stonhewer,cstonhewermq@twitpic.com,Bigender,237.173.95.231
820,Daniel,Rivlin,drivlinmr@ucoz.com,Bigender,164.203.135.190
821,Halie,Sowle,hsowlems@imdb.com,Bigender,40.41.254.189
822,Brewster,Jump,bjumpmt@multiply.com,Male,54.60.196.106
823,Vonny,Hawton,vhawtonmu@patch.com,Female,232.136.79.169
824,Enid,Angood,eangoodmv@google.es,Genderqueer,85.207.129.34
825,Felicio,Yoakley,fyoakleymw@arstechnica.com,Female,73.181.208.193
826,Ardine,Cure,acuremx@google.co.jp,Agender,204.223.156.241
827,Rolland,Overbury,roverburymy@npr.org,Male,15.5.36.1
828,Geri,Winckle,gwincklemz@trellian.com,Female,104.160.30.55
829,Rodney,Barclay,rbarclayn0@seesaa.net,Male,196.7.68.43
830,Dolph,Brumble,dbrumblen1@diigo.com,Male,135.92.40.124
831,Tom,Beckitt,tbeckittn2@pagesperso-orange.fr,Male,47.179.105.150
832,Edythe,Tabrett,etabrettn3@facebook.com,Polygender,96.157.194.212
833,Muriel,Durtnel,mdurtneln4@meetup.com,Genderqueer,86.247.109.74
834,Pattie,Beaglehole,pbeagleholen5@house.gov,Male,73.243.19.109
835,Dwain,Jemmett,djemmettn6@smugmug.com,Agender,143.31.111.15
836,Janine,Gudger,jgudgern7@miitbeian.gov.cn,Agender,213.152.135.187
837,Jordan,Patience,jpatiencen8@bluehost.com,Non-binary,129.137.3.195
838,Jordan,Rosenblum,jrosenblumn9@narod.ru,Polygender,128.230.66.113
839,Kimberlyn,Cuskery,kcuskeryna@usgs.gov,Non-binary,199.17.147.229
840,Langsdon,Wallicker,lwallickernb@theglobeandmail.com,Genderqueer,167.175.177.52
841,Ania,Croot,acrootnc@wordpress.org,Bigender,138.123.172.158
842,Hurley,Larway,hlarwaynd@fema.gov,Male,1.226.251.233
843,Deni,Kitcat,dkitcatne@jiathis.com,Male,119.235.18.95
844,Jacquenette,Threadgall,jthreadgallnf@howstuffworks.com,Bigender,33.87.248.37
845,Walliw,Macia,wmaciang@instagram.com,Genderqueer,12.85.121.198
846,Dynah,Dykes,ddykesnh@odnoklassniki.ru,Female,42.40.222.33
847,Merwyn,Benbough,mbenboughni@auda.org.au,Non-binary,204.147.111.245
848,Fleming,Scobbie,fscobbienj@gravatar.com,Genderfluid,45.114.37.221
849,Gabby,Wrightson,gwrightsonnk@fema.gov,Bigender,93.11.86.4
850,Lennard,Bursnell,lbursnellnl@rambler.ru,Polygender,195.111.162.32
851,Garrick,Cicullo,gcicullonm@senate.gov,Genderfluid,85.17.244.78
852,Deeann,Credland,dcredlandnn@youtube.com,Non-binary,248.153.76.221
853,Norry,Guillond,nguillondno@apache.org,Genderqueer,30.8.107.59
854,Gay,Arch,garchnp@vimeo.com,Female,247.69.5.46
855,Jasen,Obin,jobinnq@hostgator.com,Female,23.46.19.59
856,Zora,Wanne,zwannenr@businessweek.com,Non-binary,159.236.181.178
857,Verney,Barnfield,vbarnfieldns@google.nl,Bigender,98.13.155.75
858,Jesus,Morris,jmorrisnt@homestead.com,Genderfluid,40.190.204.142
859,Livia,Bisgrove,lbisgrovenu@flickr.com,Bigender,41.157.20.252
860,Lorri,Wermerling,lwermerlingnv@twitpic.com,Non-binary,20.23.34.71
861,Dot,Longthorne,dlongthornenw@360.cn,Polygender,74.85.215.138
862,Jonas,Favell,jfavellnx@g.co,Genderqueer,104.169.223.199
863,Ruby,Gaiford,rgaifordny@state.gov,Male,163.206.89.235
864,Madelaine,Strowlger,mstrowlgernz@friendfeed.com,Bigender,79.232.112.122
865,Gaye,Rolfo,grolfoo0@epa.gov,Polygender,3.125.233.60
866,Lissie,Jelphs,ljelphso1@sbwire.com,Male,115.9.31.67
867,Scotti,Crimmins,scrimminso2@tmall.com,Genderfluid,196.148.215.168
868,Zola,Cridlan,zcridlano3@jimdo.com,Bigender,157.130.5.232
869,Tallie,Hablet,thableto4@wikispaces.com,Non-binary,63.224.44.220
870,Yoshiko,McAreavey,ymcareaveyo5@google.com.au,Genderqueer,113.146.20.70
871,Brena,Foster,bfostero6@yellowbook.com,Non-binary,231.4.203.170
872,Margret,Iskowicz,miskowiczo7@nsw.gov.au,Polygender,1.68.184.254
873,Artemas,Switzer,aswitzero8@nhs.uk,Non-binary,140.142.181.246
874,Cleavland,Camous,ccamouso9@blogs.com,Genderqueer,247.162.105.47
875,Davie,Hartzogs,dhartzogsoa@gizmodo.com,Agender,171.12.95.235
876,Adler,Eggins,aegginsob@csmonitor.com,Female,177.53.131.78
877,Luci,Casarino,lcasarinooc@archive.org,Bigender,101.72.195.165
878,Curt,Tiner,ctinerod@sitemeter.com,Female,206.157.127.252
879,Aksel,Dickons,adickonsoe@yale.edu,Female,237.92.23.67
880,Burty,Heinemann,bheinemannof@skyrock.com,Non-binary,29.183.45.71
881,Abdel,Duggon,aduggonog@webnode.com,Genderfluid,255.217.35.86
882,Tyson,Storck,tstorckoh@ebay.com,Agender,185.239.83.164
883,Katherina,Evitts,kevittsoi@sfgate.com,Genderqueer,3.222.129.20
884,Harley,Cockshutt,hcockshuttoj@discuz.net,Female,157.46.7.125
885,Jareb,Greaterex,jgreaterexok@w3.org,Genderqueer,164.6.161.143
886,Norbie,Reavell,nreavellol@51.la,Bigender,250.32.68.214
887,Hermann,Bole,hboleom@businesswire.com,Genderqueer,120.229.134.166
888,Vikky,Janman,vjanmanon@tinyurl.com,Non-binary,236.186.218.95
889,Cosme,Heber,cheberoo@dropbox.com,Female,18.182.145.90
890,Rossy,Girardot,rgirardotop@free.fr,Male,58.46.249.166
891,Marthe,Alexandre,malexandreoq@purevolume.com,Genderfluid,60.229.210.107
892,Gaultiero,Perren,gperrenor@wisc.edu,Genderqueer,244.135.199.227
893,Brig,Lowdeane,blowdeaneos@hhs.gov,Agender,198.49.48.163
894,Brantley,Kinkade,bkinkadeot@blogs.com,Genderfluid,149.38.154.174
895,Teresina,Olczyk,tolczykou@bloglovin.com,Bigender,211.182.211.181
896,Lilah,Usherwood,lusherwoodov@unc.edu,Female,247.6.38.117
897,Bryce,Ortler,bortlerow@slate.com,Polygender,142.237.160.66
898,Gretel,Haithwaite,ghaithwaiteox@mozilla.org,Female,240.165.135.247
899,Jemimah,Swanborough,jswanboroughoy@admin.ch,Non-binary,248.24.116.171
900,Jacklyn,Elletson,jelletsonoz@fda.gov,Male,155.53.228.229
901,Lindsey,Gotliffe,lgotliffep0@jiathis.com,Agender,187.87.91.17
902,Filberto,Pendrey,fpendreyp1@google.cn,Agender,108.91.49.75
903,Effie,Muckle,emucklep2@weather.com,Polygender,208.12.44.193
904,Jeremie,Ducham,jduchamp3@jigsy.com,Genderqueer,136.161.161.156
905,Bliss,Ivey,biveyp4@cocolog-nifty.com,Agender,218.58.26.231
906,Cornela,Bruinemann,cbruinemannp5@latimes.com,Non-binary,58.57.121.210
907,Grannie,Trineman,gtrinemanp6@wp.com,Non-binary,130.5.27.30
908,Dru,Lambird,dlambirdp7@mediafire.com,Genderqueer,1.25.67.178
909,Daveen,Filchakov,dfilchakovp8@drupal.org,Non-binary,138.4.239.182
910,Karlyn,Sirkett,ksirkettp9@hc360.com,Polygender,161.114.156.54
911,Ivar,Churm,ichurmpa@msu.edu,Female,186.123.183.254
912,Christoph,Mac,cmacpb@mlb.com,Polygender,143.183.80.118
913,Carl,Heball,cheballpc@xinhuanet.com,Polygender,222.121.195.85
914,Dael,Coulsen,dcoulsenpd@mail.ru,Female,158.105.230.40
915,Jordain,Klimek,jklimekpe@nytimes.com,Agender,159.61.11.138
916,Tiebout,Petrollo,tpetrollopf@miitbeian.gov.cn,Agender,254.158.83.13
917,Patrizio,Spellard,pspellardpg@forbes.com,Genderfluid,75.121.213.138
918,Kirbee,Ikins,kikinsph@bigcartel.com,Genderfluid,229.151.104.0
919,Desiree,Falla,dfallapi@house.gov,Bigender,47.228.187.152
920,Aurore,Eddleston,aeddlestonpj@smh.com.au,Genderfluid,153.80.64.253
921,Jemima,Wareham,jwarehampk@cdc.gov,Non-binary,222.163.175.184
922,Kimbra,Huish,khuishpl@google.co.uk,Genderfluid,242.43.124.144
923,Riordan,Burmaster,rburmasterpm@typepad.com,Bigender,132.169.240.220
924,Leslie,Morant,lmorantpn@fotki.com,Polygender,11.11.14.237
925,Mikaela,Dowsett,mdowsettpo@state.tx.us,Agender,215.83.165.198
926,Bennett,Bleakman,bbleakmanpp@apache.org,Genderqueer,52.250.37.240
927,Beitris,Baruch,bbaruchpq@aol.com,Male,24.87.131.81
928,Hastie,Godbehere,hgodbeherepr@cornell.edu,Bigender,125.154.125.191
929,Tamqrah,Chater,tchaterps@wiley.com,Polygender,98.106.242.168
930,Hewitt,Gallier,hgallierpt@meetup.com,Agender,31.131.52.254
931,Kippie,MacHostie,kmachostiepu@economist.com,Genderqueer,42.23.174.185
932,Dukie,Eliet,delietpv@princeton.edu,Agender,158.132.97.98
933,Trip,Ladewig,tladewigpw@symantec.com,Genderqueer,8.117.69.184
934,Fancie,Roper,froperpx@acquirethisname.com,Male,56.226.175.206
935,Pancho,Sushams,psushamspy@kickstarter.com,Agender,62.217.66.146
936,Katti,Bichener,kbichenerpz@arstechnica.com,Agender,12.91.112.67
937,Ronica,Sweetnam,rsweetnamq0@exblog.jp,Agender,98.209.238.116
938,Rebeka,Espadas,respadasq1@usnews.com,Agender,110.117.181.248
939,Jordan,Buesnel,jbuesnelq2@bloomberg.com,Bigender,210.34.61.83
940,Bibby,Shevlan,bshevlanq3@hhs.gov,Genderfluid,101.117.196.70
941,Phillipe,Vaudin,pvaudinq4@myspace.com,Polygender,76.3.133.207
942,Trever,Grigson,tgrigsonq5@parallels.com,Polygender,130.74.58.52
943,Katuscha,Gley,kgleyq6@qq.com,Female,180.75.95.53
944,Egan,Thor,ethorq7@dell.com,Bigender,190.85.229.110
945,Camile,Stanion,cstanionq8@mac.com,Bigender,72.107.85.47
946,Darb,Spinage,dspinageq9@last.fm,Polygender,173.129.234.17
947,Benedicto,McGiff,bmcgiffqa@ow.ly,Genderqueer,213.130.106.196
948,Lolly,Chetter,lchetterqb@reddit.com,Agender,112.49.44.161
949,Devland,Wayon,dwayonqc@goodreads.com,Agender,11.162.169.244
950,Sheeree,Plummer,splummerqd@omniture.com,Non-binary,14.74.12.76
951,Morry,Ambrogioli,mambrogioliqe@shutterfly.com,Bigender,158.40.233.47
952,Grata,Gregr,ggregrqf@samsung.com,Genderqueer,38.61.151.220
953,Nicky,Klaes,nklaesqg@amazon.co.uk,Male,146.54.113.2
954,Julee,Yersin,jyersinqh@amazon.co.jp,Bigender,145.229.222.188
955,Ban,Bartos,bbartosqi@gravatar.com,Male,90.100.101.118
956,Cindra,Coleshill,ccoleshillqj@nps.gov,Bigender,240.72.160.218
957,Denver,Harbach,dharbachqk@merriam-webster.com,Genderfluid,248.40.3.175
958,Grier,Ambrogetti,gambrogettiql@usgs.gov,Genderfluid,36.9.141.92
959,Auguste,Andrioletti,aandriolettiqm@latimes.com,Polygender,177.40.153.17
960,Barty,La Padula,blapadulaqn@mozilla.com,Polygender,213.130.202.203
961,Elmo,Tunna,etunnaqo@posterous.com,Genderfluid,92.140.209.132
962,Astrid,Whieldon,awhieldonqp@photobucket.com,Agender,239.161.201.17
963,Dulci,Steddall,dsteddallqq@yolasite.com,Agender,218.89.197.56
964,Channa,Cootes,ccootesqr@psu.edu,Bigender,120.11.133.209
965,Redford,Navarro,rnavarroqs@hao123.com,Polygender,207.170.53.249
966,Delly,Gorbell,dgorbellqt@springer.com,Agender,177.156.35.205
967,Angelita,Balme,abalmequ@webs.com,Polygender,88.85.173.234
968,Elissa,Duddell,eduddellqv@nationalgeographic.com,Bigender,173.248.69.33
969,Sharline,Morris,smorrisqw@bravesites.com,Bigender,213.170.33.94
970,Sileas,Bulle,sbulleqx@chronoengine.com,Polygender,172.245.236.239
971,Isobel,Eller,iellerqy@mail.ru,Male,247.108.97.44
972,Ameline,Kauble,akaubleqz@washingtonpost.com,Female,77.79.104.225
973,Alexander,Pettipher,apettipherr0@wikia.com,Bigender,91.251.67.161
974,Lyndsey,Doy,ldoyr1@com.com,Female,172.73.86.49
975,Jess,Fluit,jfluitr2@timesonline.co.uk,Polygender,223.49.224.239
976,Joceline,Du Barry,jdubarryr3@mozilla.org,Non-binary,199.243.41.75
977,Hillyer,Hoodless,hhoodlessr4@jimdo.com,Agender,178.220.218.192
978,Eden,Brannan,ebrannanr5@yelp.com,Bigender,39.129.180.186
979,Essy,Dietmar,edietmarr6@livejournal.com,Genderqueer,82.239.2.24
980,Darya,Francescuccio,dfrancescuccior7@arizona.edu,Agender,140.90.5.76
981,Eloisa,Patinkin,epatinkinr8@about.com,Bigender,136.160.222.216
982,Barthel,Bassett,bbassettr9@tuttocitta.it,Bigender,51.63.184.129
983,Felice,Raycroft,fraycroftra@state.tx.us,Genderfluid,112.220.162.110
984,Laurella,Spritt,lsprittrb@altervista.org,Genderqueer,210.153.44.111
985,Freddie,Taffarello,ftaffarellorc@discuz.net,Agender,81.166.91.74
986,Lotti,McKeon,lmckeonrd@time.com,Female,230.128.225.124
987,Zara,Birtwell,zbirtwellre@scribd.com,Polygender,243.27.207.208
988,Winthrop,Secretan,wsecretanrf@nyu.edu,Genderqueer,68.29.27.41
989,Dorotea,Kerry,dkerryrg@angelfire.com,Bigender,65.153.52.156
990,Ardelia,Sauven,asauvenrh@craigslist.org,Genderqueer,255.203.76.213
991,Colby,Crisall,ccrisallri@paginegialle.it,Female,254.202.206.143
992,Nissa,Brookwood,nbrookwoodrj@japanpost.jp,Genderqueer,164.98.42.123
993,Eirena,Byneth,ebynethrk@ameblo.jp,Female,60.225.98.230
994,Raeann,Thompstone,rthompstonerl@phoca.cz,Non-binary,24.103.89.61
995,Aldridge,Prebble,aprebblerm@nsw.gov.au,Bigender,2.51.59.179
996,Kirsteni,Prew,kprewrn@plala.or.jp,Bigender,126.20.174.169
997,Chlo,Govern,cgovernro@trellian.com,Male,201.18.44.22
998,Aloisia,Allnatt,aallnattrp@bbb.org,Non-binary,13.228.180.81
999,Jefferey,Leale,jlealerq@uol.com.br,Genderqueer,68.193.52.135
1000,Effie,Nesbit,enesbitrr@marriott.com,Female,184.163.0.255
