id,first_name,last_name,email,gender,ip_address
1,Georgianna,Grindle,ggrindle0@nih.gov,Female,17.245.147.129
2,Garv,Schuricke,gschuricke1@g.co,Male,105.82.83.16
3,Kanya,Bowick,kbowick2@webs.com,Agender,167.47.244.122
4,Tera,Midgley,tmidgley3@bbb.org,Genderfluid,31.90.255.158
5,Alysa,Lambkin,alambkin4@behance.net,Non-binary,118.236.196.154
6,Ringo,Ventom,rventom5@tinypic.com,Agender,53.30.35.212
7,Rosalyn,Craythorn,rcraythorn6@mediafire.com,Genderfluid,100.196.170.107
8,Vladimir,Alflatt,valflatt7@tinyurl.com,Polygender,161.98.25.209
9,Drusy,Briggs,dbriggs8@youtu.be,Non-binary,96.199.110.76
10,Robby,Maps,rmaps9@dmoz.org,Male,238.155.194.90
11,Sawyer,Livett,slivetta@elpais.com,Genderfluid,251.220.180.30
12,Michele,Leachman,mleachmanb@is.gd,Female,61.40.182.228
13,Edee,Edmeades,eedmeadesc@w3.org,Polygender,51.5.0.186
14,Zelig,Smallsman,zsmallsmand@reddit.com,Genderqueer,163.48.76.138
15,Grenville,Fores,gforese@free.fr,Male,239.176.84.120
16,Briggs,Menlow,bmenlowf@virginia.edu,Polygender,90.125.80.201
17,Alexandre,Veart,aveartg@youku.com,Genderfluid,85.160.102.181
18,Vonni,Shimmin,vshimminh@ucoz.com,Male,51.19.126.67
19,Regan,Rawlins,rrawlinsi@soundcloud.com,Agender,153.191.243.245
20,Avigdor,Matuszyk,amatuszykj@utexas.edu,Non-binary,31.231.138.129
21,Bobina,Hillett,bhillettk@engadget.com,Male,185.215.215.85
22,Onfre,Honisch,ohonischl@goo.gl,Non-binary,250.153.121.140
23,Cliff,Cassie,ccassiem@cornell.edu,Agender,153.201.210.99
24,Kenny,Hutchinson,khutchinsonn@discuz.net,Male,230.103.32.3
25,Tiffanie,Caro,tcaroo@vinaora.com,Non-binary,16.151.170.72
26,Waylon,Gascar,wgascarp@ucoz.ru,Genderfluid,125.217.219.68
27,Andros,Bradborne,abradborneq@hostgator.com,Genderfluid,211.33.28.19
28,Myrlene,MacNeilage,mmacneilager@tmall.com,Male,50.21.67.178
29,Hollis,Kyte,hkytes@com.com,Genderfluid,63.21.24.44
30,Linnell,Stonman,lstonmant@bloglovin.com,Bigender,134.123.49.120
31,Mei,Rubanenko,mrubanenkou@macromedia.com,Bigender,134.61.136.21
32,Perceval,Abazi,pabaziv@dropbox.com,Genderfluid,248.106.191.177
33,Sheba,Angless,sanglessw@blogtalkradio.com,Agender,242.134.4.98
34,Amy,Di Ruggero,adiruggerox@sina.com.cn,Genderfluid,41.69.220.240
35,Eyde,Buxsy,ebuxsyy@nps.gov,Polygender,49.200.197.177
36,Conney,Pedgrift,cpedgriftz@multiply.com,Polygender,13.244.106.106
37,Adda,Escolme,aescolme10@telegraph.co.uk,Non-binary,142.87.248.37
38,Randa,Nuccii,rnuccii11@about.com,Polygender,2.181.61.88
39,Bria,Bocke,bbocke12@noaa.gov,Genderfluid,177.114.5.31
40,Alyssa,Dunkirk,adunkirk13@archive.org,Genderqueer,146.28.175.176
41,Avery,Stedson,astedson14@berkeley.edu,Female,235.200.26.66
42,Gabriell,Moores,gmoores15@jugem.jp,Female,117.85.216.207
43,Liz,Rofe,lrofe16@smh.com.au,Agender,29.245.155.123
44,Alexandro,Dei,adei17@tumblr.com,Bigender,60.23.8.57
45,Jen,Sparkwill,jsparkwill18@illinois.edu,Female,247.28.74.50
46,Gifford,Zavattiero,gzavattiero19@cocolog-nifty.com,Agender,186.54.147.157
47,Aurelie,Pietri,apietri1a@biblegateway.com,Agender,81.45.253.202
48,Rubia,Lattka,rlattka1b@simplemachines.org,Polygender,252.37.162.16
49,Rolland,Somerscales,rsomerscales1c@foxnews.com,Agender,94.5.50.59
50,Emanuele,Sibbering,esibbering1d@skyrock.com,Genderfluid,117.108.178.170
51,Shoshana,Aaron,saaron1e@mtv.com,Agender,222.186.69.126
52,Nelle,Hounihan,nhounihan1f@auda.org.au,Male,63.3.139.162
53,Lurleen,Remmers,lremmers1g@myspace.com,Male,212.25.27.43
54,Robers,Cosford,rcosford1h@huffingtonpost.com,Genderqueer,58.193.230.175
55,Flemming,Morlon,fmorlon1i@nba.com,Bigender,85.196.140.20
56,Tonnie,Colleran,tcolleran1j@imdb.com,Agender,67.168.181.165
57,Arther,Mattsson,amattsson1k@i2i.jp,Genderfluid,237.207.186.57
58,Inglebert,Dowears,idowears1l@w3.org,Genderfluid,83.73.173.124
59,Catina,Welham,cwelham1m@qq.com,Male,150.97.222.168
60,Zerk,Abbott,zabbott1n@wired.com,Female,60.210.151.213
61,Gennifer,Bizzey,gbizzey1o@edublogs.org,Genderqueer,4.217.181.106
62,Paddy,Van den Bosch,pvandenbosch1p@tinypic.com,Non-binary,50.255.161.38
63,Sheffie,Blant,sblant1q@naver.com,Agender,220.207.50.184
64,Cati,Kairns,ckairns1r@de.vu,Polygender,118.211.243.124
65,Delores,McKerton,dmckerton1s@ftc.gov,Genderfluid,170.15.117.228
66,Hobart,Masarrat,hmasarrat1t@virginia.edu,Genderqueer,220.107.101.14
67,Charin,Kinchlea,ckinchlea1u@mozilla.com,Bigender,60.213.251.147
68,Giustino,Corballis,gcorballis1v@diigo.com,Non-binary,67.167.117.73
69,Drusie,Andreini,dandreini1w@github.io,Male,25.117.70.150
70,Filippa,Dockrey,fdockrey1x@hud.gov,Male,122.150.23.68
71,Susan,Lahrs,slahrs1y@foxnews.com,Genderfluid,94.200.198.125
72,Gianna,Buttrey,gbuttrey1z@stanford.edu,Female,112.0.199.230
73,Juditha,Dionisetti,jdionisetti20@usda.gov,Bigender,220.218.91.187
74,Christie,Luckcock,cluckcock21@msu.edu,Polygender,72.140.166.16
75,Larine,McFarland,lmcfarland22@blinklist.com,Agender,145.44.194.59
76,Cam,Guyton,cguyton23@vk.com,Genderfluid,141.240.228.252
77,Jacqueline,Rumble,jrumble24@ezinearticles.com,Non-binary,29.4.195.143
78,Chic,Hampton,champton25@sohu.com,Bigender,31.226.62.227
79,Elmore,Ingliby,eingliby26@163.com,Polygender,36.196.100.184
80,Ferne,Vyse,fvyse27@twitpic.com,Female,131.142.225.116
81,Wendeline,Clever,wclever28@godaddy.com,Bigender,96.46.93.208
82,Alfred,Rops,arops29@gizmodo.com,Male,146.238.152.160
83,Levon,Bertelet,lbertelet2a@toplist.cz,Bigender,232.126.50.203
84,Ingeborg,Easseby,ieasseby2b@surveymonkey.com,Polygender,40.7.171.118
85,Mandel,Rannie,mrannie2c@ehow.com,Genderfluid,35.3.144.143
86,Danit,Trower,dtrower2d@pinterest.com,Agender,194.186.70.79
87,Donovan,Chidwick,dchidwick2e@timesonline.co.uk,Male,48.235.138.234
88,Mercedes,Laydon,mlaydon2f@indiegogo.com,Genderqueer,209.27.235.122
89,Newton,Battaille,nbattaille2g@amazon.co.uk,Polygender,20.181.104.229
90,Hestia,Clinton,hclinton2h@etsy.com,Genderqueer,142.198.159.184
91,Conney,Shacklady,cshacklady2i@howstuffworks.com,Female,31.3.180.163
92,Major,Rojas,mrojas2j@cnet.com,Bigender,9.53.34.62
93,Shanta,Rickardsson,srickardsson2k@examiner.com,Female,18.6.236.239
94,Kenna,Daintrey,kdaintrey2l@tumblr.com,Non-binary,130.51.109.139
95,Ree,Boolsen,rboolsen2m@ovh.net,Genderfluid,241.47.115.178
96,Alayne,Bensley,abensley2n@oakley.com,Male,248.36.18.131
97,Jervis,Gertz,jgertz2o@google.it,Male,85.238.172.109
98,Elinore,Bartlam,ebartlam2p@hubpages.com,Genderfluid,17.120.229.136
99,Diane-marie,Hiscoe,dhiscoe2q@newsvine.com,Male,140.71.240.148
100,Georgianna,Hatfull,ghatfull2r@irs.gov,Polygender,24.229.248.114
101,Erroll,Linsley,elinsley2s@umn.edu,Genderqueer,144.40.112.235
102,Robinson,Grayshon,rgrayshon2t@baidu.com,Non-binary,172.119.255.193
103,Teresa,Alentyev,talentyev2u@networksolutions.com,Genderqueer,196.43.3.108
104,Antony,Semiras,asemiras2v@shinystat.com,Genderqueer,255.62.130.11
105,Cristionna,Danilevich,cdanilevich2w@fastcompany.com,Agender,154.58.30.197
106,Anette,Penwarden,apenwarden2x@mayoclinic.com,Genderqueer,202.245.77.145
107,Denise,McLelland,dmclelland2y@soundcloud.com,Bigender,237.92.179.72
108,Karissa,Varran,kvarran2z@buzzfeed.com,Bigender,174.36.167.114
109,Barn,Ireson,bireson30@flickr.com,Genderfluid,34.133.4.74
110,Cornela,Fidilis,cfidilis31@squarespace.com,Non-binary,174.99.159.147
111,Belvia,McAnulty,bmcanulty32@cbsnews.com,Bigender,170.152.18.57
112,Sadie,Brew,sbrew33@ibm.com,Genderqueer,124.193.152.126
113,Carry,McNerlin,cmcnerlin34@cocolog-nifty.com,Polygender,87.37.136.245
114,D'arcy,Fishpoole,dfishpoole35@europa.eu,Bigender,107.36.252.169
115,Fredra,Thewles,fthewles36@google.es,Bigender,71.140.243.165
116,Genna,Donson,gdonson37@technorati.com,Agender,136.255.107.210
117,Vick,Bangham,vbangham38@scribd.com,Agender,53.127.123.196
118,Aurore,Harlin,aharlin39@phoca.cz,Polygender,81.176.44.142
119,Garrek,Barwick,gbarwick3a@bandcamp.com,Male,15.14.200.238
120,Calv,Gabitis,cgabitis3b@exblog.jp,Polygender,167.219.240.254
121,Carmelle,Ousby,cousby3c@discuz.net,Female,208.198.151.221
122,Cobbie,Mitkcov,cmitkcov3d@si.edu,Bigender,230.128.35.33
123,Marys,Hirsthouse,mhirsthouse3e@ebay.co.uk,Agender,223.12.178.203
124,Mair,Duddy,mduddy3f@reverbnation.com,Polygender,235.99.149.38
125,Thedric,Curtoys,tcurtoys3g@ycombinator.com,Female,159.155.151.206
126,Vivienne,Kneaphsey,vkneaphsey3h@yahoo.co.jp,Female,131.19.154.219
127,Gasper,Durkin,gdurkin3i@princeton.edu,Non-binary,102.195.158.77
128,Ron,Eckert,reckert3j@aboutads.info,Genderqueer,242.113.182.187
129,Fredra,Presser,fpresser3k@indiatimes.com,Polygender,198.78.37.71
130,Katuscha,Walcar,kwalcar3l@ycombinator.com,Genderqueer,76.224.9.129
131,Clare,Fossett,cfossett3m@nps.gov,Bigender,177.107.154.114
132,Stanleigh,Patemore,spatemore3n@slashdot.org,Female,133.222.83.160
133,Kris,Morphew,kmorphew3o@unc.edu,Genderfluid,238.14.147.11
134,Lenka,Mussettini,lmussettini3p@illinois.edu,Polygender,50.232.254.99
135,Erinna,Wiles,ewiles3q@spiegel.de,Genderfluid,106.159.128.68
136,Rickard,Buckland,rbuckland3r@reddit.com,Agender,99.190.155.214
137,Lissie,Pee,lpee3s@mayoclinic.com,Non-binary,8.145.81.150
138,Waly,Camilio,wcamilio3t@google.ca,Bigender,92.7.12.157
139,Roberto,Norvel,rnorvel3u@e-recht24.de,Genderqueer,143.103.8.174
140,Base,Conkay,bconkay3v@flavors.me,Genderfluid,59.251.0.192
141,Alverta,Hagley,ahagley3w@yahoo.co.jp,Non-binary,177.178.71.110
142,Garland,Britcher,gbritcher3x@tmall.com,Female,107.201.186.134
143,Annmarie,O'Donnelly,aodonnelly3y@usgs.gov,Genderqueer,67.193.43.163
144,Joli,Dance,jdance3z@i2i.jp,Genderfluid,153.16.9.148
145,Yardley,Patterfield,ypatterfield40@princeton.edu,Female,205.27.157.103
146,Kristos,Lokier,klokier41@shop-pro.jp,Polygender,87.81.152.28
147,Marney,Jarrel,mjarrel42@microsoft.com,Male,213.99.118.17
148,Irwinn,Varfolomeev,ivarfolomeev43@feedburner.com,Genderfluid,251.53.240.146
149,Cordy,Persence,cpersence44@cam.ac.uk,Female,137.127.73.223
150,Eliot,Duignan,eduignan45@seattletimes.com,Male,29.61.7.215
151,Kaela,Winspire,kwinspire46@ibm.com,Genderfluid,81.148.139.118
152,Carine,Furtado,cfurtado47@bigcartel.com,Female,188.82.28.107
153,Colleen,Lacrouts,clacrouts48@princeton.edu,Non-binary,9.211.132.245
154,Saraann,Tatnell,statnell49@slashdot.org,Female,255.21.223.180
155,Sallie,Sodor,ssodor4a@who.int,Genderfluid,251.164.1.3
156,Franky,Chappell,fchappell4b@newyorker.com,Male,19.211.58.226
157,Luther,Ferreiro,lferreiro4c@cnn.com,Male,193.90.228.209
158,Ranique,Hillen,rhillen4d@redcross.org,Agender,20.104.183.209
159,Ruperto,Suttell,rsuttell4e@fotki.com,Bigender,239.251.12.154
160,Angelica,Steuart,asteuart4f@com.com,Genderfluid,254.233.240.221
161,Lyndell,Giacopello,lgiacopello4g@nymag.com,Bigender,156.191.205.20
162,Honor,Obert,hobert4h@discovery.com,Agender,11.20.242.49
163,Sydelle,Morgue,smorgue4i@privacy.gov.au,Female,44.127.31.245
164,Pamela,Perott,pperott4j@mail.ru,Female,8.95.107.134
165,Arny,Carragher,acarragher4k@indiatimes.com,Male,56.192.207.92
166,Esma,Glave,eglave4l@paginegialle.it,Bigender,247.115.182.44
167,Lorianne,Grebner,lgrebner4m@joomla.org,Polygender,100.6.235.108
168,Abner,Glasgow,aglasgow4n@paginegialle.it,Agender,98.145.56.113
169,Lucho,Perkinson,lperkinson4o@dailymotion.com,Genderqueer,3.129.58.201
170,Burg,Smeall,bsmeall4p@nih.gov,Bigender,52.173.3.129
171,Vergil,Lesslie,vlesslie4q@wufoo.com,Bigender,116.121.68.179
172,Lloyd,Brameld,lbrameld4r@toplist.cz,Agender,56.18.201.242
173,Gonzalo,Blown,gblown4s@simplemachines.org,Male,114.10.224.200
174,Ekaterina,Lyles,elyles4t@pen.io,Polygender,220.128.164.225
175,Betta,Dupoy,bdupoy4u@indiatimes.com,Male,159.127.89.228
176,Charmaine,Leese,cleese4v@weibo.com,Polygender,231.16.148.60
177,Maudie,Debill,mdebill4w@skyrock.com,Agender,6.186.193.213
178,Ingrim,Labro,ilabro4x@hostgator.com,Polygender,220.151.133.90
179,Roldan,Oseman,roseman4y@jugem.jp,Female,62.194.174.161
180,Ryann,Panchen,rpanchen4z@chron.com,Polygender,223.76.248.125
181,Hagan,Tumini,htumini50@google.pl,Genderfluid,159.217.161.191
182,Erinna,Penner,epenner51@wix.com,Non-binary,142.136.44.183
183,Bernadene,Gecks,bgecks52@house.gov,Genderfluid,110.95.195.127
184,Isidor,Gresly,igresly53@angelfire.com,Male,86.171.220.138
185,Henrieta,Whyler,hwhyler54@last.fm,Polygender,29.216.117.41
186,Rayner,Upex,rupex55@cdbaby.com,Bigender,160.23.99.26
187,Charo,Carlon,ccarlon56@wordpress.org,Bigender,221.93.27.75
188,Zeb,Messom,zmessom57@hostgator.com,Male,99.88.207.33
189,Gertie,Lewsley,glewsley58@google.pl,Bigender,115.184.251.157
190,Aron,Kornilov,akornilov59@pcworld.com,Male,199.243.124.246
191,Zonnya,Kristiansen,zkristiansen5a@ustream.tv,Bigender,221.11.133.243
192,Keefe,Kembry,kkembry5b@so-net.ne.jp,Non-binary,216.156.10.228
193,Hadria,Baylie,hbaylie5c@yale.edu,Male,101.235.108.198
194,Chico,McKay,cmckay5d@reuters.com,Non-binary,48.15.6.54
195,Johnathan,Gorini,jgorini5e@sciencedaily.com,Bigender,185.65.174.198
196,Keriann,Haighton,khaighton5f@wordpress.org,Genderfluid,120.98.59.89
197,Adriana,Lindblad,alindblad5g@merriam-webster.com,Agender,139.65.116.47
198,Cesare,Leeson,cleeson5h@sourceforge.net,Genderqueer,141.125.211.140
199,Lorinda,Tubb,ltubb5i@istockphoto.com,Polygender,176.235.8.113
200,Melamie,Warke,mwarke5j@fastcompany.com,Bigender,204.99.144.48
201,Diandra,Revelle,drevelle5k@unc.edu,Polygender,55.237.255.255
202,Marie-ann,Yanele,myanele5l@tamu.edu,Bigender,56.4.193.78
203,Stephen,Duffy,sduffy5m@theatlantic.com,Polygender,48.212.221.165
204,Felicia,Baudou,fbaudou5n@sbwire.com,Polygender,101.195.49.15
205,Stace,McKeighen,smckeighen5o@purevolume.com,Non-binary,6.220.44.106
206,Lurlene,Rudolfer,lrudolfer5p@geocities.com,Male,119.2.213.98
207,Davin,Newns,dnewns5q@bigcartel.com,Non-binary,132.171.255.42
208,Glenden,Godwyn,ggodwyn5r@auda.org.au,Genderfluid,159.138.201.104
209,Anselm,Leathem,aleathem5s@usnews.com,Male,143.103.84.223
210,Tuckie,Shoobridge,tshoobridge5t@who.int,Bigender,110.138.158.166
211,Doro,Cribbott,dcribbott5u@smh.com.au,Genderqueer,70.205.253.25
212,Bogey,Gledhill,bgledhill5v@opera.com,Genderqueer,87.165.98.75
213,Gigi,Pearse,gpearse5w@facebook.com,Polygender,29.145.190.57
214,Ros,Ervine,rervine5x@home.pl,Genderqueer,61.25.198.56
215,Aggie,Karpushkin,akarpushkin5y@boston.com,Polygender,194.123.62.180
216,Denis,Agent,dagent5z@ustream.tv,Genderqueer,26.134.250.56
217,Juliane,Foxworthy,jfoxworthy60@github.com,Female,63.221.100.127
218,Adolph,Jowsey,ajowsey61@earthlink.net,Male,158.108.16.224
219,Silvie,Messiter,smessiter62@yellowpages.com,Polygender,225.91.11.117
220,Laurella,Jenney,ljenney63@ameblo.jp,Female,109.201.58.24
221,Terry,Ivashov,tivashov64@mediafire.com,Agender,203.29.67.243
222,Lester,Scawton,lscawton65@ucla.edu,Female,94.115.195.157
223,Rafaello,Sewter,rsewter66@themeforest.net,Polygender,177.55.103.151
224,Consalve,Addey,caddey67@privacy.gov.au,Polygender,40.248.171.81
225,Wadsworth,Haslock(e),whaslocke68@blogtalkradio.com,Non-binary,115.167.28.233
226,Alexine,Kramer,akramer69@samsung.com,Agender,154.115.215.211
227,Avivah,Grigs,agrigs6a@vistaprint.com,Polygender,73.31.0.205
228,Vallie,Busen,vbusen6b@wsj.com,Genderqueer,29.206.80.3
229,Sandi,Ruberti,sruberti6c@opera.com,Non-binary,154.92.201.190
230,Glenda,Macklam,gmacklam6d@jugem.jp,Polygender,204.233.234.81
231,Starlene,Krout,skrout6e@woothemes.com,Genderqueer,5.159.170.227
232,Alistair,Haime,ahaime6f@admin.ch,Non-binary,184.46.142.213
233,Britta,Simes,bsimes6g@opensource.org,Polygender,214.237.228.226
234,Waylin,Baignard,wbaignard6h@issuu.com,Genderqueer,243.197.66.59
235,Angelo,McGebenay,amcgebenay6i@123-reg.co.uk,Male,6.251.175.184
236,Sheena,Duckerin,sduckerin6j@ftc.gov,Agender,90.180.86.49
237,Danette,Heckner,dheckner6k@wikipedia.org,Non-binary,214.86.41.232
238,Rochelle,Brookshaw,rbrookshaw6l@opera.com,Polygender,168.62.73.34
239,Max,Reinbeck,mreinbeck6m@bloglines.com,Female,50.116.194.229
240,Marlowe,Etheridge,metheridge6n@plala.or.jp,Female,42.0.224.72
241,Wolfie,Peaden,wpeaden6o@sina.com.cn,Male,89.215.201.207
242,Cirilo,Beddin,cbeddin6p@posterous.com,Genderqueer,93.243.179.34
243,Bartram,Freschi,bfreschi6q@cbslocal.com,Genderqueer,158.244.255.232
244,Ellary,Jiran,ejiran6r@wiley.com,Genderqueer,242.194.120.129
245,Tirrell,Benzie,tbenzie6s@illinois.edu,Genderfluid,126.249.207.13
246,Sioux,Fasey,sfasey6t@list-manage.com,Agender,116.153.179.27
247,Rafael,Reckless,rreckless6u@fema.gov,Agender,197.250.43.35
248,Dur,Enoksson,denoksson6v@newyorker.com,Agender,153.203.251.169
249,Norina,Diche,ndiche6w@hatena.ne.jp,Agender,62.208.166.19
250,Jerrome,Slaten,jslaten6x@google.pl,Polygender,76.61.67.19
251,Dasha,Casterton,dcasterton6y@cbslocal.com,Non-binary,77.26.164.171
252,Fonzie,Navarijo,fnavarijo6z@weather.com,Bigender,130.88.167.227
253,Ted,Phillippo,tphillippo70@irs.gov,Polygender,61.160.102.238
254,Felicity,Rhoddie,frhoddie71@quantcast.com,Non-binary,57.147.227.147
255,Englebert,Broughton,ebroughton72@hatena.ne.jp,Non-binary,228.149.155.27
256,Zahara,Vockins,zvockins73@histats.com,Female,57.242.248.1
257,Berton,Iannelli,biannelli74@loc.gov,Non-binary,114.52.14.242
258,Nisse,Dagger,ndagger75@sohu.com,Genderqueer,254.189.78.28
259,Eamon,Laguerre,elaguerre76@dion.ne.jp,Bigender,74.220.78.150
260,Noll,Slipper,nslipper77@businessweek.com,Female,14.215.108.233
261,Brittaney,Harly,bharly78@sciencedirect.com,Non-binary,40.74.148.4
262,Rory,Iskower,riskower79@mediafire.com,Female,43.64.177.144
263,Cos,Broome,cbroome7a@imageshack.us,Female,127.194.36.58
264,Cordell,Foddy,cfoddy7b@clickbank.net,Agender,182.177.117.46
265,Ward,Postle,wpostle7c@fastcompany.com,Genderqueer,176.233.155.22
266,Bruce,Annets,bannets7d@blogtalkradio.com,Female,3.57.80.211
267,Dyana,Cottisford,dcottisford7e@mtv.com,Genderqueer,86.175.160.72
268,Noland,Wylder,nwylder7f@china.com.cn,Bigender,64.110.144.224
269,Brittni,Fallis,bfallis7g@ezinearticles.com,Male,52.223.159.145
270,Lindi,Sighard,lsighard7h@instagram.com,Agender,21.169.211.159
271,Teodorico,Sausman,tsausman7i@jimdo.com,Bigender,26.18.226.112
272,Arlette,Sergeant,asergeant7j@weibo.com,Agender,197.97.197.51
273,Nikolos,Ascough,nascough7k@whitehouse.gov,Bigender,72.169.236.164
274,Torr,Servante,tservante7l@fda.gov,Bigender,88.74.20.158
275,Lind,Haugeh,lhaugeh7m@vk.com,Non-binary,194.171.166.72
276,Beitris,Greenlies,bgreenlies7n@aol.com,Genderqueer,37.171.90.159
277,Patrica,McKeveney,pmckeveney7o@goo.gl,Male,143.134.65.36
278,Torrie,Marland,tmarland7p@xing.com,Genderfluid,223.18.205.95
279,Nicoline,Brinded,nbrinded7q@cam.ac.uk,Polygender,43.192.152.115
280,Orsola,Dixie,odixie7r@spotify.com,Polygender,2.130.49.164
281,Sarah,Norwell,snorwell7s@dedecms.com,Female,212.187.103.219
282,Kathy,Kingsworth,kkingsworth7t@opera.com,Female,80.153.50.221
283,Jerrie,Lyness,jlyness7u@feedburner.com,Polygender,4.109.213.208
284,Elaine,Doohan,edoohan7v@symantec.com,Bigender,225.57.175.10
285,Gaynor,Scoles,gscoles7w@example.com,Genderqueer,33.43.49.118
286,Modesta,Gueste,mgueste7x@cbslocal.com,Polygender,51.156.61.10
287,Tessie,Blesli,tblesli7y@rakuten.co.jp,Agender,229.168.38.226
288,Pearline,Hazael,phazael7z@time.com,Male,56.144.236.102
289,Celestia,Russ,cruss80@accuweather.com,Bigender,5.160.133.165
290,Belita,Karleman,bkarleman81@lycos.com,Female,196.23.14.231
291,Templeton,Bessant,tbessant82@goo.ne.jp,Genderfluid,165.229.1.90
292,Chariot,Seymark,cseymark83@marriott.com,Non-binary,112.85.126.135
293,Guendolen,Durtnell,gdurtnell84@uol.com.br,Female,103.35.124.159
294,Perl,Yurikov,pyurikov85@virginia.edu,Bigender,136.206.175.170
295,Charlena,Machan,cmachan86@reverbnation.com,Male,187.45.95.136
296,Elysia,Casterou,ecasterou87@buzzfeed.com,Male,56.146.59.29
297,Kirstyn,Wrixon,kwrixon88@lycos.com,Polygender,202.210.96.236
298,Brittani,Heineke,bheineke89@mozilla.com,Male,22.156.128.52
299,Susette,Grassin,sgrassin8a@who.int,Genderfluid,150.66.102.4
300,Brinn,Caiger,bcaiger8b@simplemachines.org,Polygender,251.15.103.164
301,Marleah,Scrange,mscrange8c@google.de,Non-binary,34.102.1.226
302,Gertrud,Somerset,gsomerset8d@scientificamerican.com,Female,186.147.172.247
303,Torey,Ashborn,tashborn8e@howstuffworks.com,Female,37.137.153.14
304,Candy,Wyke,cwyke8f@webs.com,Bigender,186.43.60.223
305,Ranee,Wagstaff,rwagstaff8g@twitter.com,Male,244.75.67.196
306,Cookie,Chung,cchung8h@amazon.com,Genderqueer,26.255.72.255
307,Silva,Bengtson,sbengtson8i@phpbb.com,Female,29.134.120.215
308,Kimmi,Bedow,kbedow8j@usa.gov,Male,97.236.5.253
309,Eugine,Fyfield,efyfield8k@webs.com,Bigender,3.150.55.33
310,Gery,Mityakov,gmityakov8l@sphinn.com,Bigender,241.219.35.117
311,Eduard,Nelles,enelles8m@edublogs.org,Genderqueer,248.85.85.175
312,Everard,Krzyzaniak,ekrzyzaniak8n@nature.com,Bigender,158.92.246.83
313,Elene,Swindles,eswindles8o@hatena.ne.jp,Bigender,150.159.98.189
314,Neely,John,njohn8p@ameblo.jp,Non-binary,88.224.156.99
315,Welby,Rustedge,wrustedge8q@360.cn,Genderfluid,226.199.115.47
316,Eilis,Avraham,eavraham8r@ucoz.ru,Agender,46.44.18.145
317,Dan,Finnigan,dfinnigan8s@parallels.com,Polygender,160.23.242.165
318,Gweneth,Heigl,gheigl8t@whitehouse.gov,Bigender,211.25.164.106
319,Horace,Giamo,hgiamo8u@cbsnews.com,Polygender,49.179.27.145
320,Cyrille,Cubbit,ccubbit8v@sciencedirect.com,Non-binary,123.110.27.144
321,Glennie,Harvey,gharvey8w@stumbleupon.com,Genderfluid,194.96.86.148
322,Marj,Abbot,mabbot8x@nytimes.com,Male,225.67.145.36
323,Johanna,Dyble,jdyble8y@devhub.com,Male,104.219.27.25
324,Glynn,Kendal,gkendal8z@ycombinator.com,Genderqueer,181.201.42.117
325,Broderic,Court,bcourt90@github.com,Genderqueer,221.38.173.43
326,Berky,Scamel,bscamel91@linkedin.com,Non-binary,34.165.8.158
327,Dulcea,Maple,dmaple92@amazon.co.jp,Agender,87.201.73.229
328,Sibyl,Kretschmer,skretschmer93@forbes.com,Genderqueer,237.20.246.152
329,Taryn,Crab,tcrab94@linkedin.com,Genderqueer,184.76.145.241
330,Cornelia,Cutteridge,ccutteridge95@dmoz.org,Agender,151.227.141.198
331,Bibi,Crunden,bcrunden96@xinhuanet.com,Agender,30.27.140.76
332,Sasha,Leacock,sleacock97@tuttocitta.it,Agender,22.58.43.17
333,Augustus,Billows,abillows98@eventbrite.com,Male,225.126.146.247
334,Ange,Siseland,asiseland99@columbia.edu,Genderqueer,11.130.249.19
335,Redd,Vedenyapin,rvedenyapin9a@t-online.de,Polygender,213.123.23.175
336,Emiline,De Andisie,edeandisie9b@qq.com,Non-binary,242.134.218.59
337,Joell,Heister,jheister9c@amazon.co.jp,Female,224.201.13.7
338,Saxon,Stalman,sstalman9d@berkeley.edu,Female,180.203.60.130
339,Rosie,Bulcroft,rbulcroft9e@plala.or.jp,Bigender,5.252.207.165
340,Corinne,Dutch,cdutch9f@t-online.de,Genderfluid,9.188.199.101
341,Mariya,Blackley,mblackley9g@e-recht24.de,Genderqueer,9.8.60.246
342,Winni,Meineck,wmeineck9h@illinois.edu,Female,21.36.11.48
343,Ninetta,Seaman,nseaman9i@sogou.com,Non-binary,1.8.215.62
344,Free,Coste,fcoste9j@ftc.gov,Polygender,101.57.207.174
345,Gawain,Bavridge,gbavridge9k@acquirethisname.com,Agender,64.142.134.81
346,Leshia,Lewnden,llewnden9l@live.com,Genderqueer,19.169.26.161
347,Maribelle,McBeath,mmcbeath9m@flavors.me,Bigender,248.13.236.39
348,Kaja,Tollerton,ktollerton9n@friendfeed.com,Genderqueer,172.222.249.34
349,Vinny,Rabbage,vrabbage9o@myspace.com,Bigender,121.222.69.126
350,Emmye,Bier,ebier9p@wordpress.com,Female,38.167.22.141
351,Renelle,Lucy,rlucy9q@unblog.fr,Genderfluid,173.155.121.199
352,Isiahi,Symms,isymms9r@dropbox.com,Bigender,180.207.42.115
353,Ring,Coull,rcoull9s@comcast.net,Non-binary,58.203.137.18
354,Gael,Somner,gsomner9t@miitbeian.gov.cn,Genderqueer,178.33.96.249
355,Jeremias,Dohmer,jdohmer9u@freewebs.com,Female,69.53.148.108
356,Christabel,Lackie,clackie9v@ezinearticles.com,Bigender,251.97.128.66
357,Kristine,Barg,kbarg9w@furl.net,Female,242.194.148.88
358,Sherman,Test,stest9x@cnet.com,Female,139.188.146.139
359,Drusy,O'Loughlin,doloughlin9y@ifeng.com,Genderqueer,45.20.59.109
360,Merilee,Beadles,mbeadles9z@cnn.com,Female,189.33.217.12
361,Mariya,D'Antuoni,mdantuonia0@flavors.me,Genderqueer,18.0.253.87
362,Esmaria,Whewill,ewhewilla1@indiegogo.com,Agender,148.158.215.212
363,Cory,Elias,celiasa2@loc.gov,Non-binary,180.167.152.84
364,Cherish,Overington,coveringtona3@timesonline.co.uk,Genderqueer,195.251.152.86
365,Mari,Stenson,mstensona4@howstuffworks.com,Genderqueer,183.239.122.146
366,Raphaela,Deekes,rdeekesa5@amazon.co.jp,Bigender,205.44.17.37
367,Rubia,Omand,romanda6@netscape.com,Non-binary,3.23.132.189
368,Vida,Margaret,vmargareta7@ebay.com,Genderqueer,59.5.165.89
369,Trudie,Klimas,tklimasa8@guardian.co.uk,Bigender,113.34.218.200
370,Maryl,Swayte,mswaytea9@squidoo.com,Polygender,139.178.234.204
371,Vitoria,Ogborne,vogborneaa@stanford.edu,Agender,164.64.15.203
372,Caspar,Caswell,ccaswellab@eventbrite.com,Male,179.215.199.212
373,Eldon,Gothup,egothupac@yahoo.co.jp,Agender,77.173.16.254
374,Carline,Maruska,cmaruskaad@ox.ac.uk,Male,125.142.45.163
375,Adriane,Handrock,ahandrockae@barnesandnoble.com,Bigender,120.143.250.43
376,Blair,Capps,bcappsaf@huffingtonpost.com,Genderqueer,129.206.84.229
377,Frayda,Senecaut,fsenecautag@dailymail.co.uk,Agender,68.238.254.129
378,De witt,O'Scannill,doscannillah@friendfeed.com,Genderfluid,241.245.143.172
379,Hermon,Gaddes,hgaddesai@wikia.com,Agender,216.42.108.120
380,Karoly,Jopke,kjopkeaj@cbc.ca,Genderfluid,64.10.24.221
381,Doll,Guiducci,dguiducciak@parallels.com,Male,120.91.101.210
382,Carce,Baldwin,cbaldwinal@netscape.com,Polygender,106.36.112.137
383,Constanta,Sirl,csirlam@disqus.com,Male,228.95.39.225
384,Elvera,Dargan,edarganan@nationalgeographic.com,Non-binary,219.60.6.143
385,Barn,Meadley,bmeadleyao@reuters.com,Non-binary,144.233.138.180
386,Brnaby,Jeggo,bjeggoap@skyrock.com,Bigender,141.162.156.135
387,Madelon,Maroney,mmaroneyaq@wordpress.com,Genderqueer,154.106.44.254
388,Antonella,Domerc,adomercar@alexa.com,Agender,98.89.127.137
389,Rolf,Gregersen,rgregersenas@trellian.com,Genderfluid,54.151.2.52
390,Trish,Barniss,tbarnissat@wordpress.com,Polygender,85.18.46.203
391,Joycelin,Baldree,jbaldreeau@bluehost.com,Polygender,26.242.156.112
392,Cecile,Lettsom,clettsomav@wikimedia.org,Agender,47.245.140.114
393,Edvard,Navein,enaveinaw@engadget.com,Bigender,232.242.72.164
394,Raddie,Foulcher,rfoulcherax@cocolog-nifty.com,Bigender,202.251.64.147
395,Jonie,Vallack,jvallackay@sciencedaily.com,Agender,49.80.61.243
396,Adrienne,Muckley,amuckleyaz@pinterest.com,Agender,169.181.129.93
397,Gael,Cluitt,gcluittb0@xinhuanet.com,Female,157.60.205.11
398,Carney,Agget,caggetb1@phpbb.com,Male,155.136.246.188
399,Ky,Humblestone,khumblestoneb2@ft.com,Agender,171.248.204.131
400,Sawyere,Blaymires,sblaymiresb3@huffingtonpost.com,Male,13.79.165.59
401,Harmon,Conyers,hconyersb4@cdbaby.com,Polygender,235.38.143.244
402,Rockie,Maypes,rmaypesb5@tamu.edu,Male,106.22.220.5
403,Reube,Creus,rcreusb6@drupal.org,Bigender,248.229.81.86
404,Cassi,Itzakson,citzaksonb7@reverbnation.com,Bigender,200.237.31.175
405,Ronny,Burrage,rburrageb8@multiply.com,Agender,117.245.191.42
406,Ezmeralda,Leask,eleaskb9@reuters.com,Genderfluid,23.190.204.252
407,Gawen,Worms,gwormsba@huffingtonpost.com,Genderqueer,50.191.38.143
408,Quillan,Scutter,qscutterbb@icq.com,Male,98.82.117.201
409,Serene,Astling,sastlingbc@diigo.com,Bigender,227.62.186.153
410,Jacinthe,Yesinin,jyesininbd@dyndns.org,Polygender,252.0.107.17
411,Bryant,Clair,bclairbe@slideshare.net,Agender,158.108.114.247
412,Chlo,Bertwistle,cbertwistlebf@amazon.co.uk,Bigender,206.206.7.203
413,Maddie,Pleavin,mpleavinbg@vinaora.com,Male,6.5.236.6
414,Andrey,Ausher,aausherbh@cisco.com,Non-binary,16.193.3.1
415,Tod,Charity,tcharitybi@umn.edu,Female,60.92.143.26
416,Constantin,Viegas,cviegasbj@elpais.com,Non-binary,249.18.110.52
417,Bert,Filyashin,bfilyashinbk@bloglines.com,Non-binary,55.95.168.81
418,Sibeal,Ducastel,sducastelbl@google.ca,Agender,138.25.106.194
419,Giulia,Rollings,grollingsbm@nytimes.com,Agender,167.152.193.154
420,Bail,Wheway,bwhewaybn@facebook.com,Polygender,139.179.40.93
421,Grace,Jakoubek,gjakoubekbo@google.ca,Genderfluid,173.240.181.1
422,Josi,Attenbrow,jattenbrowbp@joomla.org,Polygender,14.138.141.173
423,Amandie,Crispe,acrispebq@nifty.com,Non-binary,117.163.76.96
424,Lindsy,Kidd,lkiddbr@trellian.com,Bigender,184.41.74.166
425,Erika,Burless,eburlessbs@yale.edu,Bigender,30.34.234.90
426,Konstanze,Gouldbourn,kgouldbournbt@go.com,Non-binary,77.252.168.8
427,Catriona,Beebe,cbeebebu@nationalgeographic.com,Agender,192.105.37.199
428,Hinze,Punshon,hpunshonbv@uiuc.edu,Genderqueer,16.185.111.102
429,Giovanni,McElane,gmcelanebw@latimes.com,Male,182.210.85.30
430,Forrest,Baudry,fbaudrybx@bloglines.com,Male,7.150.16.184
431,Jeremias,McCrow,jmccrowby@hatena.ne.jp,Female,134.69.40.166
432,Sonia,Bennitt,sbennittbz@tinypic.com,Female,18.134.236.111
433,Madlen,Fahrenbach,mfahrenbachc0@slideshare.net,Genderqueer,120.148.54.128
434,Riordan,Whetnell,rwhetnellc1@hud.gov,Male,229.187.214.42
435,Deloria,Shanklin,dshanklinc2@rediff.com,Male,238.226.226.185
436,Kellen,Helder,khelderc3@cisco.com,Genderqueer,112.175.162.187
437,Forrest,Braham,fbrahamc4@paypal.com,Genderqueer,114.231.204.5
438,Elane,Biaggelli,ebiaggellic5@foxnews.com,Non-binary,132.224.230.196
439,Leta,Kohter,lkohterc6@devhub.com,Agender,182.72.82.180
440,Bealle,Batstone,bbatstonec7@sitemeter.com,Male,194.229.185.16
441,Saudra,Truesdale,struesdalec8@samsung.com,Female,203.216.208.40
442,Wyndham,Markham,wmarkhamc9@fema.gov,Bigender,215.34.167.138
443,Mychal,Rettie,mrettieca@rambler.ru,Agender,231.3.150.200
444,Matty,Ashton,mashtoncb@51.la,Male,72.144.188.195
445,Jeremias,Reskelly,jreskellycc@cnet.com,Non-binary,89.33.118.169
446,Pieter,Myring,pmyringcd@4shared.com,Genderqueer,11.219.64.70
447,Jeanie,Dalling,jdallingce@seattletimes.com,Agender,50.22.20.98
448,Tymon,Priestley,tpriestleycf@ask.com,Polygender,250.235.184.144
449,Muire,Nix,mnixcg@flavors.me,Genderqueer,249.99.0.231
450,Conni,Rawcliff,crawcliffch@cmu.edu,Agender,168.5.60.154
451,Ignacio,Sebring,isebringci@howstuffworks.com,Male,20.149.129.92
452,Brantley,Panichelli,bpanichellicj@gravatar.com,Female,93.15.55.71
453,Woodrow,Dioniso,wdionisock@ameblo.jp,Genderfluid,52.121.129.68
454,Dolly,Atte-Stone,dattestonecl@soup.io,Genderfluid,146.53.199.93
455,Tamara,Tour,ttourcm@whitehouse.gov,Genderfluid,72.227.4.141
456,Alayne,Trembey,atrembeycn@tinypic.com,Male,174.165.3.238
457,Shaughn,Laughlin,slaughlinco@europa.eu,Agender,171.71.57.143
458,Nanine,Sphinxe,nsphinxecp@berkeley.edu,Agender,168.62.56.197
459,Lemuel,MacCole,lmaccolecq@multiply.com,Agender,59.60.190.69
460,Harriett,Karlolczak,hkarlolczakcr@netvibes.com,Male,60.210.173.55
461,Dona,Telfer,dtelfercs@webs.com,Genderqueer,228.170.110.128
462,Blondy,Carrivick,bcarrivickct@g.co,Agender,115.136.255.219
463,Hallie,Berndsen,hberndsencu@seattletimes.com,Non-binary,162.127.145.97
464,Reggi,Jahn,rjahncv@redcross.org,Non-binary,248.88.140.216
465,Ashly,Belcham,abelchamcw@tripod.com,Agender,171.179.117.76
466,Martha,Ormiston,mormistoncx@google.com.br,Bigender,237.164.208.168
467,Ivor,Swafford,iswaffordcy@hc360.com,Non-binary,58.78.128.231
468,Jarret,Kilius,jkiliuscz@jiathis.com,Genderfluid,133.164.87.17
469,Muffin,Batterton,mbattertond0@hao123.com,Non-binary,132.80.116.29
470,Isa,Cherry,icherryd1@wikimedia.org,Genderqueer,150.97.64.40
471,Winifield,Northgraves,wnorthgravesd2@purevolume.com,Genderqueer,95.188.131.65
472,Gaby,Sutherns,gsuthernsd3@huffingtonpost.com,Male,84.159.41.32
473,Zollie,Degan,zdegand4@google.com.br,Genderfluid,108.86.159.238
474,Ogdon,Merioth,omeriothd5@salon.com,Agender,69.252.13.254
475,Kimmi,Vignal,kvignald6@usatoday.com,Genderqueer,24.134.122.185
476,Rebe,Tschirasche,rtschirasched7@cyberchimps.com,Genderfluid,127.221.120.102
477,Merrel,Hrinchishin,mhrinchishind8@foxnews.com,Male,134.37.196.244
478,Lorrin,Benzing,lbenzingd9@umn.edu,Male,180.119.2.182
479,Nessa,Caslin,ncaslinda@geocities.com,Agender,160.149.194.234
480,Augie,Critchlow,acritchlowdb@cisco.com,Agender,47.118.255.218
481,Suellen,Edghinn,sedghinndc@zdnet.com,Bigender,87.99.101.151
482,Gabbi,Goodyer,ggoodyerdd@sciencedaily.com,Non-binary,249.115.163.206
483,Wes,Edgerton,wedgertonde@bigcartel.com,Female,145.202.21.244
484,Bethena,Feasby,bfeasbydf@nasa.gov,Polygender,5.179.26.133
485,Bertine,Ramirez,bramirezdg@utexas.edu,Polygender,236.176.191.75
486,Devy,Charrisson,dcharrissondh@zimbio.com,Bigender,8.208.206.252
487,Cornelia,Savile,csaviledi@merriam-webster.com,Genderqueer,222.104.84.25
488,Vinita,Stowers,vstowersdj@google.co.jp,Genderfluid,111.89.197.164
489,Valina,Wyld,vwylddk@wiley.com,Male,195.120.30.203
490,Malynda,Suckling,msucklingdl@stumbleupon.com,Female,27.78.200.182
491,Albie,Ricioppo,aricioppodm@t.co,Female,125.147.45.96
492,Ambur,Eadie,aeadiedn@ning.com,Bigender,121.87.108.195
493,Norma,Bourchier,nbourchierdo@wikia.com,Agender,109.32.150.79
494,Katy,Deakins,kdeakinsdp@china.com.cn,Non-binary,84.142.35.147
495,Calida,Coen,ccoendq@meetup.com,Genderqueer,141.194.37.181
496,Murdoch,Houchen,mhouchendr@hugedomains.com,Agender,86.22.112.227
497,Esther,Giacomini,egiacominids@oracle.com,Genderfluid,171.247.219.78
498,Rubie,Verden,rverdendt@umich.edu,Non-binary,84.145.181.140
499,Skip,Wadge,swadgedu@smugmug.com,Female,137.244.150.45
500,Coraline,Lovewell,clovewelldv@seattletimes.com,Genderqueer,204.141.78.30
501,Ginnie,Punton,gpuntondw@ebay.com,Male,39.78.142.119
502,Alanna,Henningham,ahenninghamdx@irs.gov,Genderfluid,167.55.251.167
503,Prudi,Dockrill,pdockrilldy@quantcast.com,Polygender,35.62.160.12
504,Janey,Geratasch,jgerataschdz@instagram.com,Non-binary,158.77.209.245
505,Cort,Branni,cbrannie0@opera.com,Genderfluid,127.93.182.127
506,Ernestus,Murfill,emurfille1@mail.ru,Bigender,216.85.35.162
507,Gardner,Graith,ggraithe2@hibu.com,Male,156.255.132.152
508,Hetti,Kinny,hkinnye3@cnbc.com,Polygender,75.19.242.249
509,Maisey,Lowdeane,mlowdeanee4@homestead.com,Female,95.251.138.143
510,Barby,Biermatowicz,bbiermatowicze5@omniture.com,Polygender,193.115.30.115
511,Sigismund,Bigby,sbigbye6@intel.com,Male,16.32.118.192
512,Larina,Leah,lleahe7@harvard.edu,Non-binary,182.140.247.248
513,Martguerita,Chesters,mchesterse8@blogtalkradio.com,Polygender,5.54.112.41
514,Illa,Grason,igrasone9@telegraph.co.uk,Male,134.149.146.1
515,Ginny,Chaimson,gchaimsonea@ft.com,Non-binary,81.127.157.94
516,Devlen,Ives,diveseb@cbc.ca,Polygender,129.208.42.10
517,Ginnie,Delacourt,gdelacourtec@instagram.com,Genderqueer,15.28.55.164
518,Rossy,Betz,rbetzed@rakuten.co.jp,Genderqueer,172.100.109.116
519,Dell,Guenther,dguentheree@google.com.au,Non-binary,223.156.155.30
520,Alikee,Newrick,anewrickef@istockphoto.com,Agender,156.248.79.101
521,Gracia,Ilyukhov,gilyukhoveg@wsj.com,Non-binary,236.197.206.48
522,Coop,Antonchik,cantonchikeh@go.com,Genderfluid,91.248.162.218
523,Willa,Rockwell,wrockwellei@bloglovin.com,Female,82.139.220.116
524,Trumaine,Godber,tgodberej@ucoz.com,Non-binary,133.103.191.190
525,Annis,Seakin,aseakinek@macromedia.com,Female,112.127.51.218
526,Sashenka,Skinley,sskinleyel@nydailynews.com,Male,99.69.144.243
527,Stillman,Segges,sseggesem@amazon.de,Female,215.156.64.16
528,Benny,Teasell,bteasellen@amazon.de,Male,59.222.126.154
529,Ceciley,Millmoe,cmillmoeeo@squidoo.com,Agender,25.86.240.232
530,Riane,Corless,rcorlessep@symantec.com,Genderfluid,18.134.225.115
531,Georgia,Cocker,gcockereq@bandcamp.com,Genderqueer,167.104.168.215
532,Ondrea,Paramore,oparamoreer@yandex.ru,Non-binary,33.163.229.94
533,Anitra,Dennerley,adennerleyes@google.co.uk,Female,177.114.77.91
534,Kassie,Catterick,kcattericket@nydailynews.com,Polygender,11.29.129.129
535,Danice,Vasenin,dvasenineu@geocities.jp,Male,218.99.79.180
536,Nicolai,Gobeau,ngobeauev@stumbleupon.com,Agender,185.64.1.14
537,Caresse,Nelthorpe,cnelthorpeew@uol.com.br,Non-binary,133.65.64.64
538,Zacharie,Pieter,zpieterex@a8.net,Non-binary,179.217.79.55
539,Ephraim,Dyott,edyottey@youku.com,Agender,64.23.151.173
540,Alene,Marritt,amarrittez@hud.gov,Non-binary,76.107.149.177
541,Dav,Holdworth,dholdworthf0@list-manage.com,Male,225.116.213.191
542,Scarlet,Bartolomieu,sbartolomieuf1@booking.com,Polygender,221.162.59.5
543,Jobyna,Irdale,jirdalef2@youku.com,Male,207.43.245.226
544,Monty,Yakushkin,myakushkinf3@addtoany.com,Genderqueer,141.227.244.69
545,Erinna,Brogiotti,ebrogiottif4@devhub.com,Genderfluid,89.221.116.101
546,Freddie,Tuiller,ftuillerf5@cnet.com,Female,34.68.149.37
547,Griffith,Dorsett,gdorsettf6@tripod.com,Genderqueer,153.217.87.167
548,Winfred,Rizon,wrizonf7@oakley.com,Female,202.130.112.12
549,Godwin,Tidy,gtidyf8@uol.com.br,Genderqueer,174.117.118.221
550,Lewie,Adkin,ladkinf9@mit.edu,Polygender,6.56.109.26
551,Dorey,Hazelhurst,dhazelhurstfa@house.gov,Agender,244.121.76.138
552,Eleanore,Yon,eyonfb@cargocollective.com,Bigender,254.124.167.14
553,Boyce,Stoggles,bstogglesfc@jimdo.com,Non-binary,41.22.77.93
554,Clyde,Gerckens,cgerckensfd@php.net,Agender,130.175.45.86
555,Abie,Warne,awarnefe@omniture.com,Polygender,206.190.196.76
556,Quent,McGee,qmcgeeff@state.tx.us,Bigender,253.131.1.220
557,Gayler,Van de Vlies,gvandevliesfg@umich.edu,Agender,48.239.52.251
558,Alessandro,Clowes,aclowesfh@chronoengine.com,Male,16.13.111.234
559,Gerhard,Hunnaball,ghunnaballfi@toplist.cz,Genderfluid,130.137.66.1
560,Cleveland,McGloughlin,cmcgloughlinfj@spotify.com,Bigender,14.242.45.23
561,Jourdain,Giottini,jgiottinifk@si.edu,Genderfluid,38.17.104.168
562,Trina,Gilbart,tgilbartfl@usda.gov,Genderfluid,139.75.104.65
563,Meryl,Cornbill,mcornbillfm@hc360.com,Genderfluid,159.222.89.124
564,Agneta,McNickle,amcnicklefn@comsenz.com,Genderqueer,89.26.68.39
565,Vanya,Gildersleaves,vgildersleavesfo@fastcompany.com,Polygender,250.247.96.111
566,Millard,Drinkale,mdrinkalefp@163.com,Non-binary,48.4.100.84
567,Freddie,Jirzik,fjirzikfq@moonfruit.com,Non-binary,224.40.61.53
568,Emlyn,Sheather,esheatherfr@shinystat.com,Agender,114.95.202.173
569,Kermit,Crompton,kcromptonfs@indiatimes.com,Genderfluid,64.45.25.59
570,Tony,Bilbie,tbilbieft@jugem.jp,Genderfluid,173.141.45.130
571,Alisa,Hadye,ahadyefu@github.io,Genderqueer,215.114.133.28
572,Stace,Dumbrill,sdumbrillfv@usatoday.com,Female,226.95.90.252
573,Frederick,Paxeford,fpaxefordfw@hatena.ne.jp,Genderfluid,195.254.72.115
574,Nadeen,Learned,nlearnedfx@sun.com,Genderfluid,10.71.145.198
575,Emmie,Lansly,elanslyfy@rakuten.co.jp,Agender,237.11.162.122
576,Aleta,Adanet,aadanetfz@opera.com,Genderqueer,114.105.225.190
577,Jacklin,Gheorghie,jgheorghieg0@deliciousdays.com,Bigender,34.37.139.248
578,Tandie,Pietzker,tpietzkerg1@simplemachines.org,Polygender,17.141.218.121
579,Star,Anster,sansterg2@spotify.com,Polygender,219.11.44.207
580,Durant,Mathie,dmathieg3@kickstarter.com,Female,61.120.43.53
581,Allyn,Wyllt,awylltg4@zdnet.com,Agender,25.102.11.159
582,Jolee,Silverson,jsilversong5@behance.net,Agender,101.126.221.214
583,Babs,Tongue,btongueg6@loc.gov,Genderqueer,114.193.120.156
584,Lesya,Bigg,lbiggg7@java.com,Genderqueer,134.113.40.173
585,Rollo,Billows,rbillowsg8@cpanel.net,Polygender,68.40.110.40
586,Scarlett,Toor,stoorg9@dion.ne.jp,Genderfluid,211.183.223.190
587,Suzette,Monson,smonsonga@salon.com,Agender,213.195.109.218
588,Mandy,Pudge,mpudgegb@godaddy.com,Female,47.43.137.43
589,Pietro,Redfern,predferngc@walmart.com,Genderfluid,178.128.87.2
590,Cecelia,Willwood,cwillwoodgd@whitehouse.gov,Genderqueer,124.172.157.90
591,Joshua,Ducker,jduckerge@cbc.ca,Bigender,32.21.169.214
592,Janos,Tzar,jtzargf@guardian.co.uk,Genderqueer,94.236.217.52
593,Avigdor,Rae,araegg@twitter.com,Genderqueer,207.124.128.36
594,Hope,Penkethman,hpenkethmangh@ted.com,Female,106.67.82.95
595,Nadeen,MacTrusty,nmactrustygi@yellowpages.com,Bigender,19.10.159.38
596,Adamo,Strettell,astrettellgj@kickstarter.com,Male,100.43.135.207
597,Hi,Kelly,hkellygk@google.com.au,Bigender,211.106.153.75
598,Brendis,De Giovanni,bdegiovannigl@spiegel.de,Genderfluid,19.72.33.89
599,Claudia,Scurman,cscurmangm@about.com,Genderqueer,241.188.134.57
600,Marcia,Sherer,msherergn@feedburner.com,Female,236.130.156.209
601,Edgardo,Lannon,elannongo@cloudflare.com,Genderqueer,112.88.124.46
602,Danni,Argile,dargilegp@yahoo.co.jp,Genderqueer,85.100.174.93
603,Danna,Lyvon,dlyvongq@salon.com,Female,63.34.239.55
604,Meryl,Dulinty,mdulintygr@businesswire.com,Genderqueer,249.9.163.239
605,Katherina,Wyse,kwysegs@reddit.com,Non-binary,198.89.44.7
606,Manda,Brigstock,mbrigstockgt@dyndns.org,Female,58.14.127.33
607,Aron,Vokins,avokinsgu@opera.com,Male,167.117.203.16
608,Krystle,Gregine,kgreginegv@usnews.com,Male,63.126.32.238
609,Kalvin,Chinge de Hals,kchingedehalsgw@nps.gov,Polygender,61.89.69.65
610,Nona,Endean,nendeangx@godaddy.com,Female,10.210.120.57
611,Hugo,Petrillo,hpetrillogy@webeden.co.uk,Male,165.117.190.112
612,Salmon,Goby,sgobygz@accuweather.com,Male,1.24.89.100
613,Lib,Bullimore,lbullimoreh0@arizona.edu,Non-binary,242.114.234.86
614,Kasper,Hobbert,khobberth1@exblog.jp,Male,240.197.245.81
615,King,Whiten,kwhitenh2@homestead.com,Agender,6.63.111.111
616,Andy,Shenfisch,ashenfischh3@gizmodo.com,Non-binary,62.202.241.222
617,Mahmud,Laban,mlabanh4@vk.com,Agender,251.44.175.222
618,Clair,Vequaud,cvequaudh5@technorati.com,Non-binary,164.68.51.242
619,Elora,Indruch,eindruchh6@creativecommons.org,Polygender,24.164.16.180
620,Sydelle,Vevers,sveversh7@census.gov,Bigender,201.155.15.221
621,Laureen,Jefferies,ljefferiesh8@topsy.com,Female,0.62.78.132
622,Aldo,Butland,abutlandh9@mtv.com,Male,141.231.142.250
623,Phylys,Kalinovich,pkalinovichha@domainmarket.com,Female,132.106.157.151
624,Milt,Hanfrey,mhanfreyhb@t-online.de,Male,253.146.153.103
625,Merle,Ruffy,mruffyhc@vistaprint.com,Polygender,159.117.126.95
626,Sella,Ashforth,sashforthhd@blog.com,Non-binary,251.11.113.97
627,Tracee,Smedmoor,tsmedmoorhe@stanford.edu,Agender,185.48.45.159
628,Aubry,Glynn,aglynnhf@de.vu,Genderfluid,125.61.60.95
629,Allyce,Hallibone,ahallibonehg@theguardian.com,Genderfluid,58.229.25.104
630,Linn,Ley,lleyhh@fda.gov,Non-binary,175.91.138.240
631,Dodie,McHan,dmchanhi@delicious.com,Bigender,98.8.13.64
632,Prinz,Jarred,pjarredhj@bluehost.com,Polygender,12.66.248.161
633,Bonnibelle,Phettiplace,bphettiplacehk@narod.ru,Non-binary,7.114.134.218
634,Wren,Ollier,wollierhl@furl.net,Polygender,183.28.240.88
635,Chase,Bethel,cbethelhm@cloudflare.com,Genderfluid,117.32.201.168
636,Roseann,Toomer,rtoomerhn@umn.edu,Agender,253.121.183.166
637,Alessandra,Burnep,aburnepho@wisc.edu,Agender,167.141.98.203
638,Aristotle,Heaford,aheafordhp@wordpress.com,Bigender,40.84.190.217
639,Sullivan,Gribbell,sgribbellhq@zdnet.com,Bigender,238.119.90.164
640,Lexi,Beche,lbechehr@nationalgeographic.com,Genderfluid,139.122.168.73
641,Lucine,Donnersberg,ldonnersberghs@shutterfly.com,Polygender,230.123.14.172
642,Elly,Ralls,erallsht@foxnews.com,Agender,16.12.188.218
643,Nichol,Fontel,nfontelhu@tuttocitta.it,Female,173.94.203.252
644,Bryna,Leversuch,bleversuchhv@buzzfeed.com,Genderqueer,251.72.45.244
645,Ardella,Dedmam,adedmamhw@icq.com,Agender,245.15.119.72
646,Bevvy,Beese,bbeesehx@spiegel.de,Female,227.201.220.157
647,Chrissy,Selbie,cselbiehy@moonfruit.com,Polygender,126.241.43.255
648,Langston,Blaszczyk,lblaszczykhz@ucoz.com,Genderfluid,128.202.10.244
649,Twyla,Challener,tchalleneri0@people.com.cn,Agender,88.132.11.3
650,Lavina,Fridaye,lfridayei1@uol.com.br,Bigender,232.238.12.211
651,Joni,Rothman,jrothmani2@newyorker.com,Female,165.57.117.116
652,Flo,Hansbury,fhansburyi3@alexa.com,Male,170.73.222.20
653,Dimitry,Sainz,dsainzi4@hubpages.com,Bigender,99.253.52.36
654,Tonie,Lingley,tlingleyi5@biblegateway.com,Polygender,208.217.233.133
655,Marji,Donaghie,mdonaghiei6@amazonaws.com,Female,42.165.40.34
656,Ardath,Tarver,atarveri7@vinaora.com,Genderqueer,179.144.211.10
657,Caspar,Millan,cmillani8@cargocollective.com,Female,161.125.0.92
658,Dinah,Bernakiewicz,dbernakiewiczi9@youtube.com,Polygender,55.227.124.161
659,Harwell,Jereatt,hjereattia@state.gov,Genderqueer,168.176.44.100
660,Harp,Chaimson,hchaimsonib@opensource.org,Male,27.0.226.50
661,Eliot,Wetherhead,ewetherheadic@yale.edu,Polygender,54.226.42.212
662,Margarita,Witul,mwitulid@1688.com,Agender,162.89.64.241
663,Harbert,Feuell,hfeuellie@mtv.com,Bigender,86.46.54.208
664,Thorstein,Chirm,tchirmif@state.tx.us,Female,220.6.160.105
665,Maddy,Gostall,mgostallig@irs.gov,Genderfluid,61.161.42.109
666,Malina,Rouke,mroukeih@oaic.gov.au,Genderfluid,207.145.152.221
667,Fern,Triggol,ftriggolii@shareasale.com,Genderfluid,125.73.36.195
668,Melvyn,Boothebie,mboothebieij@tinypic.com,Genderqueer,15.155.232.216
669,Jaye,Narracott,jnarracottik@va.gov,Genderfluid,137.38.68.81
670,Tristam,Bellinger,tbellingeril@sourceforge.net,Genderfluid,223.56.47.245
671,Maxi,Wisson,mwissonim@webeden.co.uk,Male,44.236.225.225
672,Larry,Semor,lsemorin@unblog.fr,Genderfluid,207.49.45.49
673,Cosme,Rollinshaw,crollinshawio@cnbc.com,Polygender,125.149.99.133
674,Trina,Harding,thardingip@abc.net.au,Agender,138.168.98.115
675,Thea,Colmore,tcolmoreiq@blogspot.com,Polygender,184.160.179.107
676,Lari,Cicerone,lciceroneir@theglobeandmail.com,Male,254.53.138.8
677,Lane,Grisard,lgrisardis@microsoft.com,Female,24.149.93.244
678,Sofie,Say,ssayit@boston.com,Agender,229.191.98.231
679,Willis,Clubley,wclubleyiu@artisteer.com,Bigender,123.80.98.173
680,Kassey,Ogborne,kogborneiv@howstuffworks.com,Female,185.233.10.46
681,Christean,Coatsworth,ccoatsworthiw@alexa.com,Genderfluid,115.160.121.103
682,Roddie,Myderscough,rmyderscoughix@google.ru,Bigender,247.15.159.253
683,Humberto,Bust,hbustiy@myspace.com,Genderqueer,90.11.71.60
684,Delaney,Todaro,dtodaroiz@ezinearticles.com,Agender,16.204.180.207
685,Kriste,Wyborn,kwybornj0@studiopress.com,Agender,149.61.150.113
686,Berta,Trotter,btrotterj1@sphinn.com,Agender,108.115.241.253
687,Leicester,McQuillan,lmcquillanj2@free.fr,Polygender,86.192.119.46
688,Gena,Sjollema,gsjollemaj3@yellowpages.com,Agender,83.200.230.13
689,Gretna,Blaasch,gblaaschj4@ameblo.jp,Male,224.221.73.13
690,Maren,Heustace,mheustacej5@businessweek.com,Polygender,25.232.204.144
691,Donaugh,Duckels,dduckelsj6@yahoo.com,Polygender,47.175.28.55
692,Stefania,Kauscher,skauscherj7@nifty.com,Bigender,242.151.139.109
693,Miranda,Dillintone,mdillintonej8@a8.net,Male,152.170.160.19
694,Erina,Moakson,emoaksonj9@blogs.com,Genderfluid,74.87.52.218
695,Cornelius,Fend,cfendja@themeforest.net,Bigender,70.104.203.220
696,Matthieu,Habbal,mhabbaljb@cocolog-nifty.com,Male,16.22.96.39
697,Washington,Kwietek,wkwietekjc@live.com,Genderqueer,142.62.128.1
698,Jerrie,Ferron,jferronjd@so-net.ne.jp,Bigender,105.82.36.116
699,Emmit,Henriksson,ehenrikssonje@jiathis.com,Non-binary,232.47.167.130
700,Levi,Pawlata,lpawlatajf@vk.com,Non-binary,71.123.55.246
701,Charline,Milverton,cmilvertonjg@phpbb.com,Agender,8.42.128.241
702,Nicolas,Rodway,nrodwayjh@mit.edu,Polygender,13.127.251.89
703,Carolee,Collomosse,ccollomosseji@altervista.org,Polygender,251.245.21.70
704,Jerald,Fowls,jfowlsjj@fc2.com,Polygender,94.135.227.78
705,Lucinda,Morrel,lmorreljk@eepurl.com,Genderqueer,74.121.188.66
706,Tobi,Withers,twithersjl@irs.gov,Genderfluid,119.72.246.35
707,Carissa,Tullett,ctullettjm@dailymotion.com,Bigender,113.131.66.6
708,Phillipp,Oldacres,poldacresjn@ifeng.com,Male,121.166.12.184
709,Leona,Troppmann,ltroppmannjo@myspace.com,Male,217.148.140.254
710,Pansie,Pinnere,ppinnerejp@sbwire.com,Female,119.192.82.73
711,Coralyn,Kirley,ckirleyjq@wp.com,Non-binary,60.163.217.179
712,Devy,Fulker,dfulkerjr@wix.com,Agender,210.223.254.87
713,Lorianne,Dewan,ldewanjs@mediafire.com,Male,62.176.215.187
714,Dionne,Copner,dcopnerjt@eventbrite.com,Genderfluid,37.251.47.154
715,Shelia,Troman,stromanju@sun.com,Bigender,190.149.241.59
716,Marcello,Myring,mmyringjv@live.com,Polygender,34.88.111.12
717,Nobie,Dinis,ndinisjw@macromedia.com,Agender,154.194.5.44
718,Heidi,Manley,hmanleyjx@phoca.cz,Polygender,17.238.97.92
719,Arni,Stonebridge,astonebridgejy@istockphoto.com,Female,249.19.212.113
720,Llewellyn,Crone,lcronejz@disqus.com,Polygender,2.188.253.42
721,Egon,McKinnon,emckinnonk0@wikimedia.org,Agender,188.218.156.0
722,Adriano,Deppe,adeppek1@rambler.ru,Bigender,194.180.47.8
723,Ambros,Coulter,acoulterk2@ebay.com,Non-binary,63.104.217.83
724,Patrizius,Dungay,pdungayk3@ustream.tv,Female,183.163.58.16
725,Morry,Cressy,mcressyk4@shutterfly.com,Polygender,54.235.110.58
726,Velma,Mansour,vmansourk5@linkedin.com,Agender,100.212.81.166
727,Ofelia,Khalid,okhalidk6@ehow.com,Polygender,193.192.2.108
728,Roanne,Matthias,rmatthiask7@xinhuanet.com,Female,86.249.49.199
729,Cathyleen,Casillis,ccasillisk8@indiatimes.com,Female,195.11.163.242
730,Chere,Beeching,cbeechingk9@usatoday.com,Bigender,31.12.162.188
731,Bradan,Dell Casa,bdellcasaka@drupal.org,Female,212.135.172.162
732,Cristionna,Teresse,cteressekb@accuweather.com,Female,122.165.157.253
733,Celinka,Counihan,ccounihankc@nba.com,Non-binary,113.100.127.211
734,Beaufort,Lead,bleadkd@xing.com,Polygender,6.74.135.72
735,Birk,Crennell,bcrennellke@homestead.com,Bigender,205.60.192.71
736,Lotti,Le Provest,lleprovestkf@usda.gov,Agender,156.17.174.217
737,Doris,Barchrameev,dbarchrameevkg@people.com.cn,Genderqueer,218.238.252.238
738,Holly,Twomey,htwomeykh@wikispaces.com,Female,183.144.108.177
739,Fedora,Olden,foldenki@theglobeandmail.com,Genderqueer,136.253.59.194
740,Chloe,Castellone,ccastellonekj@liveinternet.ru,Genderqueer,218.71.42.118
741,Fernanda,Gleadle,fgleadlekk@creativecommons.org,Genderqueer,165.87.35.112
742,Jeno,Speeding,jspeedingkl@chron.com,Bigender,229.160.132.243
743,Amandie,Streader,astreaderkm@telegraph.co.uk,Female,225.153.107.70
744,Margeaux,Baumadier,mbaumadierkn@noaa.gov,Non-binary,191.11.20.68
745,Michaeline,Tuvey,mtuveyko@illinois.edu,Female,160.59.34.98
746,Beale,Purslow,bpurslowkp@flickr.com,Polygender,88.171.182.89
747,Birdie,Capnor,bcapnorkq@merriam-webster.com,Non-binary,41.107.46.210
748,Barty,Tidcomb,btidcombkr@wix.com,Genderfluid,79.242.168.236
749,Maynard,Gladtbach,mgladtbachks@tamu.edu,Male,189.157.141.228
750,Sibbie,Chard,schardkt@ebay.com,Genderqueer,169.45.162.48
751,Charline,Gabitis,cgabitisku@clickbank.net,Polygender,220.93.9.15
752,Say,MacGeaney,smacgeaneykv@xing.com,Agender,13.218.10.42
753,Julia,Hayball,jhayballkw@live.com,Male,57.50.224.24
754,Morris,Newiss,mnewisskx@google.it,Non-binary,175.22.24.13
755,Erda,Rasp,eraspky@dagondesign.com,Agender,56.22.205.88
756,Glynis,Dionisi,gdionisikz@blog.com,Female,39.65.44.59
757,Reider,Minchenton,rminchentonl0@jiathis.com,Non-binary,33.182.230.25
758,Philbert,Ricardot,pricardotl1@free.fr,Non-binary,214.242.160.73
759,Parnell,Aulsford,paulsfordl2@loc.gov,Bigender,208.9.221.94
760,Bridie,MacGorman,bmacgormanl3@accuweather.com,Polygender,107.226.115.34
761,Bink,Esilmon,besilmonl4@goo.gl,Male,193.199.101.215
762,Howey,Lyes,hlyesl5@cdc.gov,Genderqueer,187.34.152.92
763,Babette,Thurling,bthurlingl6@techcrunch.com,Non-binary,219.181.84.186
764,Wilbert,Thornham,wthornhaml7@nih.gov,Bigender,38.31.218.191
765,Cherie,Crampsey,ccrampseyl8@mysql.com,Polygender,127.218.96.121
766,Clarance,Kolczynski,ckolczynskil9@seattletimes.com,Non-binary,220.29.99.227
767,Stormi,Apted,saptedla@scribd.com,Non-binary,215.55.178.67
768,Bengt,Canham,bcanhamlb@blog.com,Genderqueer,131.63.73.96
769,Vi,Berriman,vberrimanlc@youku.com,Genderfluid,210.241.154.244
770,Bernadine,L'Homme,blhommeld@forbes.com,Genderfluid,99.205.98.115
771,Job,Ovid,jovidle@dropbox.com,Female,162.173.221.79
772,Sarita,Attarge,sattargelf@mit.edu,Genderqueer,73.104.151.6
773,Denis,Severn,dsevernlg@desdev.cn,Non-binary,5.236.20.215
774,Catie,Callway,ccallwaylh@pcworld.com,Genderfluid,29.77.20.74
775,Anders,O'Lehane,aolehaneli@jigsy.com,Non-binary,141.169.62.200
776,Cesaro,Shiel,cshiellj@businessinsider.com,Bigender,235.38.128.19
777,Megan,Woodstock,mwoodstocklk@gnu.org,Male,187.239.189.160
778,Christin,Bowell,cbowellll@virginia.edu,Bigender,216.207.158.250
779,Stu,Pumfrett,spumfrettlm@msn.com,Bigender,171.110.121.164
780,Mara,Oganian,moganianln@sfgate.com,Female,36.160.84.80
781,Averill,Stanfield,astanfieldlo@domainmarket.com,Male,37.214.4.12
782,Willa,Pantridge,wpantridgelp@ca.gov,Genderqueer,20.173.107.40
783,Teodoro,Devas,tdevaslq@census.gov,Male,133.205.17.187
784,Mike,Lydiatt,mlydiattlr@furl.net,Non-binary,17.114.17.6
785,Fritz,Murray,fmurrayls@mit.edu,Bigender,54.147.218.200
786,Heather,Waugh,hwaughlt@booking.com,Female,96.101.17.178
787,Dugald,Andrus,dandruslu@va.gov,Agender,166.146.239.228
788,Leonerd,Brear,lbrearlv@vimeo.com,Genderqueer,141.60.243.161
789,Erskine,Croasdale,ecroasdalelw@home.pl,Female,229.130.209.151
790,Brodie,Conradsen,bconradsenlx@unc.edu,Genderqueer,221.39.140.8
791,Emmalynn,Humbee,ehumbeely@reverbnation.com,Agender,53.28.164.41
792,Marcile,Laugherane,mlaugheranelz@discuz.net,Female,22.107.116.72
793,Harri,Lebbern,hlebbernm0@businesswire.com,Male,226.22.66.86
794,Concordia,Lamplugh,clamplughm1@hibu.com,Female,137.23.9.243
795,Shelby,Element,selementm2@people.com.cn,Genderqueer,158.149.17.97
796,Editha,Askin,easkinm3@wp.com,Bigender,5.7.191.19
797,Hedvig,Widmore,hwidmorem4@infoseek.co.jp,Polygender,179.99.53.118
798,Marissa,Springham,mspringhamm5@chron.com,Agender,43.235.221.110
799,Alic,Rosoman,arosomanm6@devhub.com,Male,233.25.123.188
800,Cordey,Larmour,clarmourm7@studiopress.com,Polygender,82.24.183.118
801,Washington,Dyball,wdyballm8@examiner.com,Polygender,233.51.168.215
802,Truda,Coady,tcoadym9@cpanel.net,Bigender,83.162.251.148
803,Skippie,Demageard,sdemageardma@epa.gov,Female,166.39.121.61
804,Robby,MacAiline,rmacailinemb@hostgator.com,Genderqueer,208.49.59.231
805,Doria,Andriveaux,dandriveauxmc@gmpg.org,Genderfluid,53.211.195.34
806,Leonerd,Guiduzzi,lguiduzzimd@shareasale.com,Bigender,144.202.2.60
807,Aguistin,Hagley,ahagleyme@elpais.com,Agender,83.39.55.137
808,Inessa,Geane,igeanemf@homestead.com,Bigender,159.206.56.156
809,Nehemiah,Dearden,ndeardenmg@prnewswire.com,Female,83.189.170.206
810,Glynis,Inggall,ginggallmh@un.org,Polygender,206.20.104.219
811,Kain,Monier,kmoniermi@arstechnica.com,Non-binary,245.130.65.72
812,Andreana,Mager,amagermj@mozilla.com,Genderfluid,126.159.47.11
813,Wilona,Scallan,wscallanmk@house.gov,Agender,163.202.232.190
814,Lothario,Perrott,lperrottml@ameblo.jp,Genderqueer,44.0.51.188
815,Christal,Christopher,cchristophermm@istockphoto.com,Male,32.102.124.61
816,Gan,O'Corrane,gocorranemn@stumbleupon.com,Polygender,56.248.70.33
817,Pace,Watkiss,pwatkissmo@mtv.com,Agender,128.170.68.143
818,Ronny,Olsen,rolsenmp@acquirethisname.com,Genderqueer,231.231.79.252
819,Marcy,Rickasse,mrickassemq@example.com,Agender,9.250.161.91
820,Melly,Merricks,mmerricksmr@themeforest.net,Agender,222.57.239.69
821,Susanne,McGreil,smcgreilms@technorati.com,Genderfluid,15.239.136.138
822,Anne-corinne,Stansell,astansellmt@lycos.com,Bigender,241.250.86.85
823,Gino,Avraam,gavraammu@cbsnews.com,Non-binary,18.77.228.115
824,Delcina,Newing,dnewingmv@icio.us,Bigender,130.93.54.143
825,Brenna,Rawll,brawllmw@lycos.com,Genderqueer,253.131.160.72
826,Kata,Shynn,kshynnmx@ustream.tv,Male,35.20.27.60
827,Cloe,O'Neil,coneilmy@wordpress.com,Male,169.96.224.141
828,Mallorie,Sheber,mshebermz@sakura.ne.jp,Bigender,43.230.129.34
829,Gauthier,Wragg,gwraggn0@booking.com,Polygender,189.138.73.209
830,Percy,Forge,pforgen1@hubpages.com,Polygender,177.214.67.88
831,Alfonso,Childe,achilden2@techcrunch.com,Polygender,244.36.18.114
832,Larina,Bottoner,lbottonern3@hp.com,Agender,92.107.26.248
833,Pryce,Godfree,pgodfreen4@scientificamerican.com,Male,142.148.39.178
834,Gayle,Bromell,gbromelln5@plala.or.jp,Male,48.41.232.240
835,Spence,Redihough,sredihoughn6@shareasale.com,Bigender,146.27.74.235
836,Yuma,Edmenson,yedmensonn7@cam.ac.uk,Genderqueer,225.10.238.140
837,Philipa,Tomovic,ptomovicn8@google.it,Bigender,115.109.193.146
838,Jasmine,Kulicke,jkulicken9@weather.com,Female,109.99.30.192
839,Hewitt,Gaskall,hgaskallna@1688.com,Male,145.213.122.247
840,Sargent,Wellfare,swellfarenb@gmpg.org,Female,133.230.114.8
841,Wileen,Yakunin,wyakuninnc@theglobeandmail.com,Female,151.152.81.150
842,Merrily,Annett,mannettnd@1und1.de,Genderqueer,54.8.25.154
843,Jorie,Quenby,jquenbyne@goo.gl,Agender,230.16.1.236
844,Jimmie,Andor,jandornf@furl.net,Male,139.224.200.40
845,Salomone,Duchant,sduchantng@apple.com,Agender,120.204.47.29
846,Ruperto,Reyne,rreynenh@networksolutions.com,Bigender,235.36.140.143
847,Eli,Ludlem,eludlemni@webmd.com,Genderqueer,253.108.192.132
848,Bessie,Paolicchi,bpaolicchinj@samsung.com,Male,123.88.79.133
849,Abba,McCarrick,amccarricknk@wikipedia.org,Bigender,34.53.206.229
850,Brander,Mizen,bmizennl@skyrock.com,Agender,94.54.160.180
851,Ericka,Tippetts,etippettsnm@howstuffworks.com,Male,170.214.207.217
852,Johnath,Storrah,jstorrahnn@indiatimes.com,Female,244.56.35.93
853,Ursola,McGarvey,umcgarveyno@google.co.jp,Agender,78.206.63.199
854,Antony,Geeson,ageesonnp@t-online.de,Agender,19.187.203.248
855,Terrijo,Glenny,tglennynq@usatoday.com,Genderfluid,213.244.124.101
856,Seana,Weben,swebennr@blog.com,Female,148.237.101.235
857,Nelly,Bantock,nbantockns@wisc.edu,Agender,75.208.32.32
858,Iolande,Leupold,ileupoldnt@businesswire.com,Agender,183.81.204.104
859,Effie,Riccioppo,ericciopponu@msu.edu,Genderfluid,244.10.125.164
860,Jennine,Allot,jallotnv@g.co,Male,147.228.124.149
861,Garner,Duffrie,gduffrienw@comsenz.com,Non-binary,211.194.94.136
862,Torrin,Islip,tislipnx@dell.com,Female,191.81.220.114
863,Floris,Lafrentz,flafrentzny@mozilla.com,Polygender,13.225.127.16
864,Candace,Handmore,chandmorenz@adobe.com,Genderfluid,62.45.97.100
865,Liuka,Dymick,ldymicko0@ning.com,Agender,47.54.199.122
866,Leigha,Peizer,lpeizero1@seattletimes.com,Genderfluid,251.235.240.177
867,Coralie,Raddan,craddano2@auda.org.au,Female,87.202.217.251
868,Sumner,MacLardie,smaclardieo3@comcast.net,Non-binary,209.43.207.42
869,Waldemar,Beaver,wbeavero4@apache.org,Genderfluid,244.168.131.242
870,Mirabella,Worsfield,mworsfieldo5@howstuffworks.com,Male,118.115.102.8
871,Micheline,Peniman,mpenimano6@liveinternet.ru,Agender,250.39.34.54
872,Gaylor,Denyukin,gdenyukino7@biblegateway.com,Male,157.34.143.42
873,Jessamyn,Barttrum,jbarttrumo8@weebly.com,Female,93.126.132.237
874,Alon,Shout,ashouto9@theatlantic.com,Male,30.189.156.202
875,Agnella,Odda,aoddaoa@networksolutions.com,Female,156.108.241.101
876,Evvie,Iiannone,eiiannoneob@google.nl,Genderqueer,62.134.165.7
877,Ardyce,Edgeson,aedgesonoc@washington.edu,Genderqueer,2.191.159.81
878,Solly,Cahey,scaheyod@hatena.ne.jp,Agender,250.233.150.255
879,Ulrica,Hanby,uhanbyoe@topsy.com,Genderfluid,76.199.192.138
880,Bar,Stansbie,bstansbieof@skype.com,Genderfluid,217.49.123.105
881,Stavro,Sreenan,ssreenanog@sogou.com,Polygender,237.46.165.208
882,Rey,Lemmers,rlemmersoh@harvard.edu,Female,43.205.18.10
883,Silvano,Blanchflower,sblanchfloweroi@flickr.com,Agender,55.238.189.185
884,Junina,Elliston,jellistonoj@netscape.com,Male,64.2.250.8
885,Devora,Garrow,dgarrowok@gravatar.com,Male,178.89.65.217
886,Pam,Airton,pairtonol@cam.ac.uk,Female,116.235.47.74
887,Selinda,Yglesias,syglesiasom@si.edu,Male,10.9.147.185
888,Kliment,Boullen,kboullenon@ehow.com,Bigender,168.58.223.178
889,Eleonore,Cuckson,ecucksonoo@cpanel.net,Genderqueer,50.159.181.178
890,Tatiana,Daniellot,tdaniellotop@issuu.com,Non-binary,42.168.92.175
891,Rheba,Ruprich,rruprichoq@spotify.com,Genderfluid,123.241.142.125
892,Letta,Crookshank,lcrookshankor@blogger.com,Bigender,10.105.113.100
893,Bernadene,Nucator,bnucatoros@wp.com,Male,252.81.148.35
894,Fanchette,Blencowe,fblencoweot@dedecms.com,Genderqueer,72.240.76.122
895,Cornela,Clabburn,cclabburnou@soup.io,Female,102.107.101.117
896,Davidson,Dog,ddogov@1und1.de,Bigender,100.153.168.183
897,Rogers,Chapier,rchapierow@yellowbook.com,Agender,118.4.88.16
898,Elizabet,Di Biasi,edibiasiox@opera.com,Polygender,14.235.64.60
899,Georgie,Rowth,growthoy@pagesperso-orange.fr,Genderqueer,1.223.53.63
900,Osborn,Jakubowski,ojakubowskioz@alibaba.com,Male,75.119.119.176
901,Burton,O' Neligan,boneliganp0@admin.ch,Female,185.141.168.247
902,Base,Stother,bstotherp1@craigslist.org,Non-binary,60.27.219.181
903,Keri,Cruise,kcruisep2@intel.com,Non-binary,79.179.166.36
904,Juanita,Harmond,jharmondp3@princeton.edu,Female,223.229.159.209
905,Kinna,Lyngsted,klyngstedp4@multiply.com,Male,187.80.130.144
906,Zack,Gross,zgrossp5@lulu.com,Bigender,30.54.228.79
907,Coreen,Depka,cdepkap6@si.edu,Female,59.138.168.24
908,Waldo,Till,wtillp7@scribd.com,Male,213.15.35.161
909,Belita,Kitchinham,bkitchinhamp8@independent.co.uk,Agender,240.181.213.49
910,Wiatt,Tinn,wtinnp9@dailymail.co.uk,Female,50.89.92.126
911,Rosalinda,Hebble,rhebblepa@nhs.uk,Genderqueer,170.221.62.9
912,Melessa,Kidney,mkidneypb@privacy.gov.au,Polygender,168.246.238.167
913,Erastus,Hadigate,ehadigatepc@wikispaces.com,Genderqueer,233.68.232.35
914,Faunie,Menilove,fmenilovepd@bandcamp.com,Genderqueer,202.67.67.247
915,Brooks,Sturdey,bsturdeype@pbs.org,Non-binary,196.109.89.51
916,Ky,Brugger,kbruggerpf@tmall.com,Bigender,93.12.47.150
917,Rozalie,Fassan,rfassanpg@cisco.com,Polygender,138.66.180.254
918,Emmery,Rama,eramaph@histats.com,Polygender,91.247.240.77
919,Ailey,Robeson,arobesonpi@techcrunch.com,Genderfluid,33.104.71.131
920,Beatrice,Lympany,blympanypj@amazon.de,Genderqueer,78.48.65.142
921,Myrtia,Kildea,mkildeapk@quantcast.com,Non-binary,239.89.171.244
922,Muriel,Ruzek,mruzekpl@typepad.com,Male,150.189.148.17
923,Floyd,Turneaux,fturneauxpm@i2i.jp,Polygender,100.113.217.139
924,Arlene,Cressar,acressarpn@whitehouse.gov,Polygender,145.200.128.0
925,Sonia,Blasetti,sblasettipo@icio.us,Genderfluid,169.169.235.56
926,Lanette,Robeiro,lrobeiropp@mediafire.com,Genderqueer,123.141.170.198
927,Cos,Proffer,cprofferpq@usa.gov,Agender,228.250.246.128
928,Esma,Drivers,edriverspr@china.com.cn,Female,57.151.47.230
929,Reginald,Aylward,raylwardps@i2i.jp,Genderqueer,161.85.93.116
930,Alfons,Swepstone,aswepstonept@homestead.com,Male,73.182.63.21
931,Kalina,Wrassell,kwrassellpu@unicef.org,Genderqueer,185.117.167.207
932,Tomlin,Waddy,twaddypv@feedburner.com,Genderfluid,212.121.53.111
933,Waylin,Harfoot,wharfootpw@wikispaces.com,Bigender,207.209.246.108
934,Ezra,Besantie,ebesantiepx@yolasite.com,Male,22.196.192.191
935,Bart,Weale,bwealepy@pinterest.com,Genderfluid,106.105.94.124
936,Arlyn,Boyington,aboyingtonpz@delicious.com,Bigender,135.152.55.48
937,Bryce,Burehill,bburehillq0@topsy.com,Non-binary,108.54.196.22
938,Callie,Bewley,cbewleyq1@upenn.edu,Non-binary,245.120.180.214
939,Nadean,Goodge,ngoodgeq2@vimeo.com,Bigender,206.15.179.13
940,Ethelind,MacRinn,emacrinnq3@utexas.edu,Male,234.45.136.193
941,Callean,Roaf,croafq4@hatena.ne.jp,Female,220.236.64.183
942,Aksel,Shanks,ashanksq5@ucla.edu,Agender,99.202.55.221
943,Ferd,Griffitt,fgriffittq6@wiley.com,Genderqueer,97.224.204.86
944,Edith,Fursland,efurslandq7@theguardian.com,Polygender,252.93.77.77
945,Carolann,McIlhagga,cmcilhaggaq8@cyberchimps.com,Male,215.198.19.254
946,Vasili,Blacklidge,vblacklidgeq9@msn.com,Genderfluid,141.226.17.94
947,Lola,Aish,laishqa@theatlantic.com,Polygender,212.91.139.157
948,Star,Hounsham,shounshamqb@zdnet.com,Polygender,117.153.32.98
949,Lucky,Turvey,lturveyqc@fotki.com,Male,49.68.214.107
950,Oren,Birkett,obirkettqd@squarespace.com,Bigender,237.71.143.247
951,Jasmin,Wildish,jwildishqe@cdbaby.com,Agender,109.135.25.202
952,Halley,Allatt,hallattqf@twitter.com,Male,46.70.65.240
953,Egan,Aspden,easpdenqg@amazonaws.com,Agender,1.140.155.202
954,Crista,Overpool,coverpoolqh@last.fm,Bigender,18.65.135.21
955,Gordon,Parnall,gparnallqi@yellowpages.com,Agender,158.120.2.15
956,Perceval,Jickells,pjickellsqj@bandcamp.com,Polygender,0.143.50.232
957,Diandra,De Beneditti,ddebenedittiqk@plala.or.jp,Genderfluid,116.1.98.74
958,Gale,Krause,gkrauseql@networkadvertising.org,Female,198.202.229.83
959,Lexine,Crosseland,lcrosselandqm@tripadvisor.com,Genderqueer,39.180.91.83
960,Brok,Durbridge,bdurbridgeqn@europa.eu,Bigender,88.234.180.119
961,Almira,Cruce,acruceqo@moonfruit.com,Agender,121.63.73.20
962,Addia,Baldrey,abaldreyqp@odnoklassniki.ru,Female,5.161.57.217
963,Prue,Rankin,prankinqq@shop-pro.jp,Female,43.167.82.213
964,Ethan,Werrett,ewerrettqr@ted.com,Genderqueer,69.233.9.168
965,Martino,Oles,molesqs@paypal.com,Non-binary,137.26.76.31
966,Talya,Bricklebank,tbricklebankqt@patch.com,Bigender,221.237.190.110
967,Tam,Paoletti,tpaolettiqu@cisco.com,Genderfluid,132.91.151.78
968,Yule,Goalby,ygoalbyqv@google.fr,Polygender,164.109.136.34
969,Bevin,Seczyk,bseczykqw@people.com.cn,Agender,231.102.122.47
970,Gregor,Seleway,gselewayqx@51.la,Polygender,28.87.213.151
971,Salomo,McKinie,smckinieqy@furl.net,Polygender,167.237.41.218
972,Noel,Guys,nguysqz@arizona.edu,Agender,147.12.245.100
973,Josephine,Morando,jmorandor0@chron.com,Male,60.146.62.182
974,Kristoffer,Ninnis,kninnisr1@biglobe.ne.jp,Non-binary,188.127.162.240
975,Darb,Glading,dgladingr2@free.fr,Male,189.178.138.251
976,Ree,Bengle,rbengler3@mlb.com,Genderqueer,214.176.96.20
977,Ernestus,Kiss,ekissr4@bloglines.com,Non-binary,64.244.113.6
978,Merrily,Cornuau,mcornuaur5@spiegel.de,Male,149.128.59.119
979,Sherry,Derington,sderingtonr6@wix.com,Bigender,84.148.235.89
980,Oralle,Hadeke,ohadeker7@phpbb.com,Male,84.174.52.51
981,Randie,Yankin,ryankinr8@drupal.org,Female,212.119.178.192
982,Janel,Cruess,jcruessr9@nydailynews.com,Bigender,244.248.196.56
983,Wes,Brower,wbrowerra@nyu.edu,Female,52.96.5.22
984,Delcine,Shrubshall,dshrubshallrb@sphinn.com,Bigender,4.36.50.7
985,Kellie,Allicock,kallicockrc@histats.com,Genderfluid,154.16.91.33
986,Dasha,Kennham,dkennhamrd@google.co.jp,Bigender,53.6.135.109
987,Lance,Ranklin,lranklinre@squidoo.com,Genderfluid,192.224.95.255
988,Katti,Blevin,kblevinrf@plala.or.jp,Genderfluid,249.241.107.23
989,Leonidas,Skerritt,lskerrittrg@digg.com,Bigender,234.51.68.24
990,Rance,Coverdale,rcoverdalerh@qq.com,Non-binary,37.97.229.70
991,Marcy,Hauch,mhauchri@mozilla.com,Polygender,235.105.101.38
992,Bella,Kettlestring,bkettlestringrj@constantcontact.com,Agender,37.167.119.22
993,Berkeley,Couroy,bcouroyrk@purevolume.com,Bigender,90.220.202.17
994,Marve,Attrill,mattrillrl@mit.edu,Polygender,219.21.117.95
995,Kameko,Dunsmore,kdunsmorerm@newsvine.com,Non-binary,134.59.7.251
996,Inger,Goady,igoadyrn@photobucket.com,Genderqueer,143.156.136.85
997,Currey,Koop,ckoopro@tripadvisor.com,Bigender,154.148.75.58
998,Guillemette,Etter,getterrp@blogger.com,Female,143.185.24.229
999,Danielle,Fermer,dfermerrq@mozilla.com,Non-binary,168.171.117.157
1000,Billie,Hosten,bhostenrr@amazon.co.uk,Bigender,45.206.17.227
