id,first_name,last_name,email,gender,ip_address
1,Tiffy,Aysh,taysh0@telegraph.co.uk,Genderqueer,65.203.87.186
2,Tabby,Hilldrup,thilldrup1@360.cn,Female,89.105.82.142
3,Base,Neve,bneve2@census.gov,Non-binary,172.230.144.58
4,Brandea,Yushmanov,byushmanov3@usatoday.com,Polygender,77.190.26.8
5,Reamonn,De la Feld,rdelafeld4@google.com.au,Male,3.121.53.11
6,Mord,Slym,mslym5@opensource.org,Non-binary,66.45.69.176
7,Giffer,Bernardoni,gbernardoni6@microsoft.com,Female,61.116.12.157
8,Jerry,Keene,jkeene7@diigo.com,Agender,131.39.48.86
9,Diego,Freeborn,dfreeborn8@devhub.com,Agender,17.27.162.40
10,Alyda,Damp,adamp9@hhs.gov,Bigender,49.180.158.67
11,Francesca,Grayshan,fgrayshana@wikipedia.org,Genderqueer,100.79.205.202
12,Rene,Baton,rbatonb@reuters.com,Male,115.188.123.96
13,Zacharie,Lestor,zlestorc@pcworld.com,Male,19.129.5.219
14,Costanza,Poat,cpoatd@odnoklassniki.ru,Genderfluid,136.57.46.151
15,Giorgia,Garriock,ggarriocke@springer.com,Non-binary,207.151.128.194
16,Nathan,Harbron,nharbronf@goodreads.com,Male,95.86.201.53
17,Arvin,Bresnahan,abresnahang@exblog.jp,Genderfluid,155.135.31.22
18,Carolin,Mabson,cmabsonh@tiny.cc,Female,222.166.30.221
19,Stesha,Sorton,ssortoni@e-recht24.de,Female,150.251.114.136
20,Audry,Hannent,ahannentj@dropbox.com,Agender,223.165.163.96
21,Rosita,Pryn,rprynk@gnu.org,Female,178.6.192.123
22,Deeyn,Edgson,dedgsonl@biblegateway.com,Non-binary,160.141.51.154
23,Moses,Joll,mjollm@unesco.org,Non-binary,191.9.151.166
24,Lynde,Ewles,lewlesn@hubpages.com,Genderfluid,36.31.153.49
25,Worth,Parfett,wparfetto@loc.gov,Agender,141.126.229.188
26,Tildy,Ulrik,tulrikp@a8.net,Male,122.214.226.79
27,Nissa,Ebbett,nebbettq@xing.com,Bigender,238.189.181.118
28,Harrie,Schenkel,hschenkelr@narod.ru,Male,148.211.215.64
29,Kai,Stokes,kstokess@slate.com,Non-binary,193.188.130.156
30,Nicola,Teideman,nteidemant@wunderground.com,Non-binary,184.34.207.176
31,Eudora,Dunnett,edunnettu@blog.com,Agender,13.187.123.116
32,Giffer,Peto,gpetov@shutterfly.com,Bigender,28.44.180.99
33,Pia,Cruikshank,pcruikshankw@princeton.edu,Male,224.253.142.84
34,Alden,Shilstone,ashilstonex@statcounter.com,Female,0.218.172.80
35,Sherwood,Organ,sorgany@bbc.co.uk,Polygender,100.55.215.162
36,Deina,Titford,dtitfordz@jalbum.net,Male,201.95.96.152
37,Alice,Osbaldstone,aosbaldstone10@blogspot.com,Non-binary,255.117.128.205
38,Nichols,McGannon,nmcgannon11@mayoclinic.com,Bigender,207.248.239.40
39,Roslyn,Dufaur,rdufaur12@furl.net,Polygender,212.153.131.165
40,Vikky,Christescu,vchristescu13@youtube.com,Bigender,33.144.255.152
41,Albie,Gaber,agaber14@dot.gov,Polygender,153.91.182.126
42,Byran,Sheard,bsheard15@rambler.ru,Polygender,191.59.10.228
43,Micaela,Elcock,melcock16@accuweather.com,Non-binary,12.175.60.19
44,Gracie,Scholar,gscholar17@phoca.cz,Male,210.174.33.189
45,Thorn,Livezey,tlivezey18@newyorker.com,Genderfluid,210.168.199.10
46,Catriona,Skelding,cskelding19@bluehost.com,Male,78.238.181.29
47,Kerry,Dy,kdy1a@gmpg.org,Polygender,125.172.132.186
48,Jessy,Pelchat,jpelchat1b@unblog.fr,Non-binary,113.193.224.17
49,Redd,Cleeton,rcleeton1c@ow.ly,Non-binary,10.197.154.237
50,Jacinta,Aven,javen1d@netlog.com,Genderqueer,173.209.171.32
51,Stesha,Manes,smanes1e@ebay.com,Genderqueer,82.96.180.199
52,Corbet,Soane,csoane1f@mashable.com,Female,157.62.140.247
53,Georas,Ticksall,gticksall1g@stumbleupon.com,Agender,137.31.123.211
54,Ulysses,Gruczka,ugruczka1h@examiner.com,Agender,171.23.226.122
55,Othilie,Thorrold,othorrold1i@multiply.com,Polygender,210.109.101.15
56,Prent,Ballinger,pballinger1j@vk.com,Genderfluid,54.250.190.74
57,Vikki,Polglaze,vpolglaze1k@technorati.com,Bigender,24.134.78.183
58,Brande,Streak,bstreak1l@dailymail.co.uk,Female,129.116.234.65
59,Tana,Youles,tyoules1m@bravesites.com,Genderqueer,126.234.161.214
60,Gardie,Fosbraey,gfosbraey1n@edublogs.org,Agender,243.140.131.19
61,Janek,Baughen,jbaughen1o@livejournal.com,Bigender,107.179.96.112
62,Dasi,Goodspeed,dgoodspeed1p@nyu.edu,Agender,148.109.220.178
63,Dacey,Readmire,dreadmire1q@bbc.co.uk,Agender,153.13.9.79
64,Arley,Foxten,afoxten1r@privacy.gov.au,Polygender,174.61.227.40
65,Luke,McIlmorie,lmcilmorie1s@dropbox.com,Genderqueer,12.72.23.242
66,Cedric,Evered,cevered1t@com.com,Genderfluid,79.23.191.229
67,Rik,Cammiemile,rcammiemile1u@economist.com,Agender,5.76.191.62
68,Elsie,Ragate,eragate1v@state.tx.us,Male,207.231.169.134
69,Ginevra,Bridle,gbridle1w@quantcast.com,Male,176.26.112.158
70,Beth,Ramey,bramey1x@pagesperso-orange.fr,Bigender,210.16.136.68
71,Sylas,Brien,sbrien1y@cam.ac.uk,Female,9.89.187.0
72,Hedi,Brazear,hbrazear1z@creativecommons.org,Genderqueer,244.76.78.13
73,Hillary,Pickton,hpickton20@jalbum.net,Bigender,175.155.242.183
74,Mandy,Meharry,mmeharry21@flickr.com,Male,96.138.172.56
75,Bride,Andryushin,bandryushin22@utexas.edu,Genderfluid,128.221.166.58
76,Alethea,Putley,aputley23@scribd.com,Male,61.191.254.18
77,Giulio,Winterbottom,gwinterbottom24@jiathis.com,Genderfluid,49.110.136.40
78,Idalia,Hurran,ihurran25@redcross.org,Male,251.35.222.152
79,Thomas,Gartan,tgartan26@ibm.com,Bigender,171.180.221.33
80,Cyndy,Seman,cseman27@pcworld.com,Male,50.135.254.210
81,Sheeree,Lacroux,slacroux28@csmonitor.com,Female,152.211.4.142
82,Hugibert,Noquet,hnoquet29@csmonitor.com,Polygender,239.16.68.67
83,Claudianus,Tiplady,ctiplady2a@yolasite.com,Bigender,222.248.71.24
84,Jacynth,Farmiloe,jfarmiloe2b@rakuten.co.jp,Genderfluid,11.179.117.202
85,Webb,Bayford,wbayford2c@craigslist.org,Polygender,76.168.20.31
86,Bren,Dally,bdally2d@baidu.com,Polygender,56.169.231.162
87,Wallie,Ashfold,washfold2e@ed.gov,Male,160.211.50.190
88,Cloe,Frunks,cfrunks2f@diigo.com,Bigender,28.114.227.22
89,Aveline,Parkes,aparkes2g@arstechnica.com,Bigender,56.16.204.74
90,Carmel,Yegorovnin,cyegorovnin2h@cam.ac.uk,Bigender,248.84.153.99
91,Francoise,Alker,falker2i@whitehouse.gov,Female,47.154.191.116
92,Livvie,Blagdon,lblagdon2j@w3.org,Genderfluid,197.0.191.3
93,Frasquito,Morefield,fmorefield2k@adobe.com,Bigender,171.70.203.57
94,Ashia,Galbraith,agalbraith2l@cornell.edu,Genderfluid,218.42.243.172
95,Adina,Rydzynski,arydzynski2m@reverbnation.com,Genderqueer,102.146.97.11
96,Karon,Gwioneth,kgwioneth2n@businessweek.com,Genderqueer,104.157.15.116
97,Elora,McMylor,emcmylor2o@yandex.ru,Genderfluid,159.101.62.105
98,Abran,Nafziger,anafziger2p@i2i.jp,Agender,144.14.246.216
99,Ambrose,Ivermee,aivermee2q@artisteer.com,Non-binary,53.148.159.215
100,Shandee,Story,sstory2r@newsvine.com,Bigender,191.170.101.235
101,Raphael,O'Cridigan,rocridigan2s@geocities.com,Male,124.125.62.39
102,Sanson,Glasscoo,sglasscoo2t@seattletimes.com,Polygender,40.110.47.149
103,Consuela,Screas,cscreas2u@telegraph.co.uk,Genderfluid,187.19.118.227
104,Joela,Dinsmore,jdinsmore2v@eventbrite.com,Agender,21.174.181.34
105,Reuben,Goff,rgoff2w@joomla.org,Female,154.226.32.170
106,Celinda,Eastby,ceastby2x@omniture.com,Non-binary,169.10.190.172
107,Trisha,Hazzard,thazzard2y@instagram.com,Genderfluid,82.70.98.210
108,Elonore,Lambin,elambin2z@etsy.com,Female,117.32.168.75
109,Martha,Le Conte,mleconte30@pen.io,Bigender,31.192.22.60
110,Ingrim,Latham,ilatham31@ibm.com,Genderfluid,255.142.0.8
111,Doll,Dorow,ddorow32@newyorker.com,Bigender,182.231.185.99
112,Sal,Possa,spossa33@sphinn.com,Female,143.68.77.52
113,Roslyn,Pottle,rpottle34@hatena.ne.jp,Genderfluid,159.176.247.140
114,Edlin,Oliphant,eoliphant35@rediff.com,Bigender,151.83.225.180
115,Theresina,Widdowes,twiddowes36@businessweek.com,Male,10.228.175.199
116,Aurora,Stenners,astenners37@stanford.edu,Genderfluid,144.201.235.62
117,Moss,Cunningham,mcunningham38@apple.com,Polygender,36.181.177.223
118,Kean,Dafydd,kdafydd39@issuu.com,Female,247.202.143.237
119,Walton,Apfelmann,wapfelmann3a@ocn.ne.jp,Genderfluid,238.3.224.126
120,Fifine,Tysack,ftysack3b@weibo.com,Genderfluid,171.207.36.120
121,Teddi,Cleynman,tcleynman3c@parallels.com,Male,195.102.161.114
122,Cathryn,Martyn,cmartyn3d@linkedin.com,Bigender,165.86.63.139
123,Garland,Bassano,gbassano3e@pagesperso-orange.fr,Genderqueer,181.36.213.118
124,Burg,Pariso,bpariso3f@cdbaby.com,Polygender,23.127.192.243
125,Zacharia,Girodon,zgirodon3g@seesaa.net,Genderqueer,159.82.168.48
126,Linoel,Sumption,lsumption3h@privacy.gov.au,Agender,157.250.189.244
127,Dione,Kneeland,dkneeland3i@addthis.com,Non-binary,226.20.102.158
128,Tani,Ciciura,tciciura3j@msu.edu,Agender,178.19.49.250
129,Ailee,Gutowski,agutowski3k@jiathis.com,Agender,62.77.181.254
130,Leodora,Harflete,lharflete3l@ask.com,Bigender,42.247.131.24
131,Ham,Ilbert,hilbert3m@engadget.com,Agender,195.208.100.245
132,Zita,Donhardt,zdonhardt3n@gmpg.org,Bigender,76.76.86.238
133,Decca,Bulfield,dbulfield3o@webnode.com,Agender,205.252.210.239
134,Neddie,Mongin,nmongin3p@paginegialle.it,Genderqueer,60.166.44.252
135,Arturo,Povey,apovey3q@a8.net,Agender,167.246.123.84
136,Dodie,Kewzick,dkewzick3r@netscape.com,Female,23.137.187.248
137,Denna,Strugnell,dstrugnell3s@vinaora.com,Agender,77.47.75.230
138,Margot,Colleton,mcolleton3t@sina.com.cn,Agender,32.124.93.235
139,Henriette,Siseland,hsiseland3u@miibeian.gov.cn,Female,11.110.43.111
140,Clayborne,Brimm,cbrimm3v@issuu.com,Non-binary,14.209.251.52
141,Carrol,Frondt,cfrondt3w@state.tx.us,Bigender,84.166.225.66
142,Cecilia,Darycott,cdarycott3x@unesco.org,Non-binary,198.186.3.131
143,Ansell,Yarnall,ayarnall3y@fema.gov,Polygender,73.84.195.187
144,Nealon,Megarry,nmegarry3z@census.gov,Agender,200.156.137.118
145,Carleen,Lavrick,clavrick40@histats.com,Female,80.146.61.174
146,Rochelle,Shapcote,rshapcote41@addtoany.com,Male,1.177.130.127
147,Esma,Inkpen,einkpen42@who.int,Female,87.81.219.131
148,Chandal,Ridesdale,cridesdale43@oakley.com,Non-binary,247.237.162.134
149,Jaquelin,Lain,jlain44@cbc.ca,Female,184.232.65.220
150,Mattheus,Rustan,mrustan45@mozilla.org,Bigender,174.79.152.68
151,Klarrisa,Duggen,kduggen46@angelfire.com,Female,43.129.75.120
152,Chad,Houndson,choundson47@geocities.jp,Genderqueer,228.121.205.150
153,Hartley,Kernan,hkernan48@utexas.edu,Female,250.6.9.215
154,Rhianna,Marcham,rmarcham49@devhub.com,Male,177.77.16.216
155,Giovanna,Comley,gcomley4a@bbc.co.uk,Male,250.211.55.218
156,Ami,Manuelli,amanuelli4b@ihg.com,Agender,134.130.229.52
157,Hatty,Baulcombe,hbaulcombe4c@live.com,Genderfluid,95.206.100.105
158,Daryle,Smiz,dsmiz4d@phpbb.com,Non-binary,81.139.54.174
159,Charo,Tillman,ctillman4e@epa.gov,Genderfluid,234.98.14.120
160,Gerti,Wimlet,gwimlet4f@w3.org,Genderqueer,140.131.243.4
161,Wrennie,Blower,wblower4g@cornell.edu,Agender,87.127.140.136
162,Tiena,Dumbrall,tdumbrall4h@discuz.net,Non-binary,53.187.61.203
163,Fey,Josephy,fjosephy4i@surveymonkey.com,Agender,238.8.8.127
164,Ariana,Fulker,afulker4j@globo.com,Non-binary,2.83.238.114
165,Lolita,Richie,lrichie4k@lycos.com,Genderqueer,36.123.48.92
166,Tamera,Twitchings,ttwitchings4l@telegraph.co.uk,Female,217.182.53.15
167,Josy,Boutcher,jboutcher4m@indiegogo.com,Male,191.124.218.201
168,Kelly,Kelwaybamber,kkelwaybamber4n@nps.gov,Polygender,167.241.185.251
169,Elsworth,Lippiatt,elippiatt4o@gizmodo.com,Bigender,229.174.186.96
170,Corrianne,Banasik,cbanasik4p@bloomberg.com,Polygender,169.215.202.213
171,Jeth,Blakely,jblakely4q@cloudflare.com,Agender,23.87.111.104
172,Hamlin,Meadows,hmeadows4r@patch.com,Agender,188.157.239.91
173,Dorie,Madgin,dmadgin4s@blinklist.com,Male,200.160.153.227
174,Alister,Alexandersson,aalexandersson4t@slate.com,Agender,219.233.177.57
175,Martguerita,Ivanisov,mivanisov4u@twitter.com,Male,182.10.242.54
176,Krystalle,Petrolli,kpetrolli4v@tripadvisor.com,Genderqueer,145.163.141.153
177,Delaney,Hilhouse,dhilhouse4w@twitter.com,Female,45.18.94.77
178,Rollie,McGeaney,rmcgeaney4x@freewebs.com,Female,211.21.229.121
179,Rowena,Labat,rlabat4y@blinklist.com,Bigender,145.125.152.21
180,Gabrielle,Ashingden,gashingden4z@elegantthemes.com,Genderqueer,4.119.40.247
181,Baudoin,Troy,btroy50@e-recht24.de,Genderqueer,204.159.35.24
182,Benji,Redmell,bredmell51@tumblr.com,Bigender,250.33.228.134
183,Haskel,Jedraszczyk,hjedraszczyk52@techcrunch.com,Non-binary,237.137.55.234
184,Kaila,Quilter,kquilter53@bing.com,Polygender,152.22.236.179
185,Bessie,Kearle,bkearle54@etsy.com,Genderqueer,164.24.55.192
186,Burr,Hardson,bhardson55@pen.io,Non-binary,46.52.222.51
187,Edgard,Sorrie,esorrie56@cpanel.net,Polygender,112.153.53.39
188,Creigh,Becks,cbecks57@a8.net,Genderqueer,42.109.139.0
189,Karolina,Ferraraccio,kferraraccio58@nps.gov,Agender,145.110.106.89
190,Blanch,Poutress,bpoutress59@shutterfly.com,Polygender,141.91.168.32
191,Farly,Ofen,fofen5a@goo.gl,Male,221.25.239.15
192,Olav,Wheelton,owheelton5b@spotify.com,Male,90.125.111.236
193,Cary,Thom,cthom5c@google.de,Bigender,33.49.123.191
194,Cora,Ridgeway,cridgeway5d@indiatimes.com,Male,36.238.230.19
195,Garner,Dagg,gdagg5e@amazon.de,Genderqueer,243.140.188.25
196,Sterling,Bartlomiej,sbartlomiej5f@mozilla.com,Polygender,100.151.49.0
197,Bethanne,Nestle,bnestle5g@taobao.com,Polygender,34.162.75.147
198,Emiline,Kornilyev,ekornilyev5h@wired.com,Female,63.181.149.71
199,Sonni,Rizziello,srizziello5i@columbia.edu,Female,39.101.129.7
200,Hanny,Bakster,hbakster5j@accuweather.com,Non-binary,222.77.73.255
201,Darby,Ellinor,dellinor5k@wix.com,Polygender,244.127.42.250
202,Sonnnie,Hargrove,shargrove5l@statcounter.com,Polygender,129.83.89.91
203,Lexy,Boyland,lboyland5m@trellian.com,Non-binary,203.211.245.41
204,Taber,Gopsell,tgopsell5n@nydailynews.com,Genderfluid,53.177.236.172
205,Kingston,Garces,kgarces5o@wired.com,Polygender,141.44.20.113
206,Irene,Riste,iriste5p@github.com,Non-binary,72.148.57.219
207,Reagan,Colbran,rcolbran5q@seesaa.net,Male,187.95.57.200
208,Evangeline,Paten,epaten5r@fastcompany.com,Agender,98.217.137.221
209,Luigi,O'Corrane,locorrane5s@thetimes.co.uk,Non-binary,33.92.102.149
210,Lil,Beere,lbeere5t@cisco.com,Agender,101.57.0.197
211,Madlen,Slinger,mslinger5u@mac.com,Polygender,236.164.245.40
212,Marjie,Buddles,mbuddles5v@amazon.com,Polygender,172.162.56.184
213,Flint,Millichap,fmillichap5w@loc.gov,Genderqueer,77.251.42.132
214,Bili,Stebbing,bstebbing5x@slashdot.org,Female,157.89.117.205
215,Prescott,Copin,pcopin5y@thetimes.co.uk,Female,166.57.111.147
216,Rollo,Towlson,rtowlson5z@admin.ch,Non-binary,190.180.224.218
217,Lonnie,Puleston,lpuleston60@blogspot.com,Genderfluid,153.135.78.108
218,Henryetta,Drain,hdrain61@twitter.com,Bigender,132.57.193.73
219,Kass,Piele,kpiele62@irs.gov,Non-binary,111.52.125.214
220,Den,Corlett,dcorlett63@prweb.com,Polygender,234.86.118.23
221,Josi,Orehead,jorehead64@aol.com,Genderfluid,80.234.5.63
222,Neila,McCard,nmccard65@nba.com,Genderqueer,212.144.81.84
223,Jacenta,Bobasch,jbobasch66@hugedomains.com,Genderqueer,223.76.245.166
224,Kipp,Sadler,ksadler67@tmall.com,Genderqueer,190.60.42.182
225,Lindy,Marchelli,lmarchelli68@ftc.gov,Male,109.114.33.132
226,Hercules,Satford,hsatford69@weather.com,Female,196.112.143.24
227,Hermione,Lapworth,hlapworth6a@seesaa.net,Genderqueer,229.163.97.75
228,Laurent,Harrap,lharrap6b@w3.org,Polygender,24.45.234.55
229,Jenn,Cuming,jcuming6c@eventbrite.com,Genderqueer,197.173.232.49
230,Hi,Ewles,hewles6d@etsy.com,Bigender,202.10.235.81
231,Lethia,Giffen,lgiffen6e@about.com,Genderfluid,30.1.119.35
232,Thomas,Kiffe,tkiffe6f@howstuffworks.com,Genderfluid,108.234.31.79
233,Catlee,Copas,ccopas6g@infoseek.co.jp,Genderqueer,8.215.63.236
234,Davis,Greenhead,dgreenhead6h@icq.com,Agender,141.210.229.19
235,Whit,Dudliston,wdudliston6i@zdnet.com,Female,75.30.75.51
236,Meridith,Claricoats,mclaricoats6j@dagondesign.com,Genderqueer,161.187.167.218
237,Dino,Geistbeck,dgeistbeck6k@woothemes.com,Male,90.98.141.57
238,Harley,Conti,hconti6l@163.com,Agender,227.184.59.156
239,Linette,McNalley,lmcnalley6m@ca.gov,Female,108.63.67.211
240,Way,Rizzini,wrizzini6n@dailymail.co.uk,Agender,174.168.56.202
241,Ronni,Gooday,rgooday6o@time.com,Male,51.59.153.75
242,Gifford,McCurtain,gmccurtain6p@webmd.com,Bigender,30.13.200.243
243,Jaye,Hekkert,jhekkert6q@yellowpages.com,Genderfluid,100.88.201.79
244,Mordy,Edghinn,medghinn6r@newsvine.com,Female,89.211.84.17
245,Corrie,Denny,cdenny6s@w3.org,Agender,125.157.105.253
246,Lem,Catterick,lcatterick6t@ucoz.ru,Male,236.33.130.181
247,Rodney,Husk,rhusk6u@nasa.gov,Bigender,228.234.113.236
248,Rochette,Dowers,rdowers6v@multiply.com,Genderfluid,31.116.40.108
249,Piotr,Storres,pstorres6w@angelfire.com,Non-binary,44.128.49.246
250,Delora,Eyden,deyden6x@shop-pro.jp,Genderfluid,122.121.191.222
251,Nannette,Badrick,nbadrick6y@yahoo.co.jp,Agender,237.214.37.142
252,Elbertine,Branchflower,ebranchflower6z@about.com,Agender,141.68.44.60
253,Willem,Brandsma,wbrandsma70@google.ca,Genderfluid,152.110.10.46
254,Anabel,Phifer,aphifer71@unesco.org,Female,14.210.108.212
255,Fields,Tinham,ftinham72@telegraph.co.uk,Polygender,173.195.58.209
256,Roi,Calcraft,rcalcraft73@cbc.ca,Agender,255.121.183.214
257,Jennica,Crosi,jcrosi74@free.fr,Non-binary,93.32.90.52
258,Mavra,Letchford,mletchford75@accuweather.com,Bigender,78.240.61.238
259,Berni,Orrice,borrice76@fc2.com,Polygender,141.131.239.121
260,Lind,Acosta,lacosta77@umn.edu,Genderqueer,214.138.188.36
261,Marris,Humblestone,mhumblestone78@nationalgeographic.com,Bigender,115.117.221.141
262,Betty,Busain,bbusain79@tuttocitta.it,Agender,116.185.183.143
263,Tiebold,Robinett,trobinett7a@si.edu,Non-binary,111.2.215.239
264,Jobie,Latour,jlatour7b@arstechnica.com,Genderfluid,136.214.42.27
265,Nerty,Gun,ngun7c@disqus.com,Non-binary,96.110.1.105
266,Georgena,Fairholme,gfairholme7d@ucsd.edu,Female,235.212.198.240
267,Baudoin,Wellbeloved,bwellbeloved7e@narod.ru,Male,251.24.210.131
268,Andrew,Wheatley,awheatley7f@salon.com,Genderfluid,252.228.92.79
269,Lucilia,Varcoe,lvarcoe7g@china.com.cn,Genderfluid,195.124.248.26
270,Birgitta,Prestedge,bprestedge7h@state.gov,Male,239.201.132.63
271,Nathanial,Covotti,ncovotti7i@jimdo.com,Bigender,83.206.15.211
272,Haydon,Boak,hboak7j@cargocollective.com,Agender,88.251.142.39
273,Kimberli,Snook,ksnook7k@nhs.uk,Female,132.43.238.240
274,Wanda,Bothe,wbothe7l@studiopress.com,Male,134.32.144.187
275,Pepita,Boulton,pboulton7m@smugmug.com,Non-binary,107.171.191.120
276,Gun,Fuller,gfuller7n@shutterfly.com,Male,0.247.37.22
277,Jamie,Carrane,jcarrane7o@sakura.ne.jp,Genderfluid,182.33.28.83
278,Homere,Toor,htoor7p@1und1.de,Bigender,47.13.184.241
279,Trixie,Kesteven,tkesteven7q@icq.com,Non-binary,152.100.80.144
280,Alla,Shakesbye,ashakesbye7r@imgur.com,Agender,117.11.78.124
281,Maury,Bruggen,mbruggen7s@indiatimes.com,Genderqueer,232.77.31.58
282,Celestina,Sorey,csorey7t@devhub.com,Male,233.76.96.205
283,Kerry,Wardle,kwardle7u@blogs.com,Non-binary,162.141.124.178
284,Blancha,Surmeir,bsurmeir7v@vinaora.com,Non-binary,122.148.103.3
285,Ulysses,McPhee,umcphee7w@about.com,Agender,185.250.106.219
286,Emmit,Hodjetts,ehodjetts7x@over-blog.com,Bigender,134.70.30.43
287,Carmita,Echallie,cechallie7y@technorati.com,Genderqueer,219.63.143.178
288,Arlan,Woodlands,awoodlands7z@mapy.cz,Agender,98.153.166.167
289,Lotty,Motte,lmotte80@stanford.edu,Agender,26.52.225.15
290,Mei,Upham,mupham81@wikispaces.com,Male,165.117.119.246
291,Alden,Munnings,amunnings82@lycos.com,Genderqueer,249.138.156.181
292,Evie,Carslake,ecarslake83@vistaprint.com,Bigender,29.168.44.105
293,Madalena,Wray,mwray84@shop-pro.jp,Female,29.137.40.76
294,Ethyl,Iohananof,eiohananof85@tripod.com,Genderqueer,42.115.145.5
295,Dicky,Mewitt,dmewitt86@dion.ne.jp,Bigender,28.171.186.20
296,Byram,Barnfather,bbarnfather87@tmall.com,Genderfluid,215.232.118.143
297,Idaline,Kermott,ikermott88@usnews.com,Agender,154.209.220.162
298,Biron,Valens-Smith,bvalenssmith89@wikia.com,Male,136.208.176.10
299,Arabela,Humbie,ahumbie8a@oracle.com,Male,64.10.128.135
300,Libbey,Pammenter,lpammenter8b@livejournal.com,Non-binary,227.223.55.34
301,Valene,Marron,vmarron8c@opera.com,Agender,234.82.175.74
302,Gavan,Gobolos,ggobolos8d@huffingtonpost.com,Female,77.13.34.53
303,Demetria,Sieghard,dsieghard8e@pagesperso-orange.fr,Female,175.154.230.208
304,Cookie,Ferrini,cferrini8f@virginia.edu,Agender,51.126.65.172
305,Brook,Atkirk,batkirk8g@illinois.edu,Genderqueer,72.194.140.24
306,Lauree,Muffin,lmuffin8h@jugem.jp,Non-binary,33.167.95.82
307,Theda,Rivard,trivard8i@spotify.com,Male,99.5.164.164
308,Stacie,Gurry,sgurry8j@w3.org,Genderfluid,154.43.202.2
309,Whitby,Tollow,wtollow8k@linkedin.com,Female,60.103.35.210
310,Sandra,Knutton,sknutton8l@buzzfeed.com,Bigender,201.23.24.100
311,Leola,Swyne,lswyne8m@skyrock.com,Bigender,230.104.159.190
312,Therine,Studdert,tstuddert8n@google.nl,Agender,77.10.235.249
313,Smith,Snewin,ssnewin8o@psu.edu,Male,94.0.198.220
314,Glynda,Koenen,gkoenen8p@jalbum.net,Genderfluid,187.233.152.10
315,Clareta,Sancho,csancho8q@youtu.be,Female,241.130.97.92
316,Eugine,Bentjens,ebentjens8r@friendfeed.com,Polygender,88.150.82.25
317,Alidia,Selesnick,aselesnick8s@cornell.edu,Male,92.226.0.120
318,Prudence,Anselmi,panselmi8t@sphinn.com,Genderfluid,196.12.12.232
319,Giorgia,Poundford,gpoundford8u@scientificamerican.com,Bigender,178.238.57.230
320,Uriel,Dumphrey,udumphrey8v@google.de,Agender,101.194.179.94
321,Asa,Tyler,atyler8w@sakura.ne.jp,Genderfluid,99.154.38.76
322,Hamil,Brigham,hbrigham8x@thetimes.co.uk,Female,30.100.96.175
323,Orin,Plumb,oplumb8y@cdc.gov,Agender,48.243.180.132
324,Darlene,Swanborrow,dswanborrow8z@baidu.com,Agender,8.246.230.182
325,Freddy,Hillitt,fhillitt90@vimeo.com,Genderfluid,77.7.97.106
326,Claudius,Camous,ccamous91@yellowpages.com,Non-binary,228.180.160.214
327,Obie,Got,ogot92@bandcamp.com,Male,34.3.78.44
328,Rosco,Ebbutt,rebbutt93@cam.ac.uk,Agender,224.139.60.33
329,Rubi,Marshfield,rmarshfield94@merriam-webster.com,Agender,80.250.218.229
330,Pier,Wife,pwife95@walmart.com,Genderqueer,175.7.219.199
331,Nefen,Pietrowski,npietrowski96@google.de,Genderqueer,52.178.27.34
332,Rourke,Praundlin,rpraundlin97@samsung.com,Female,248.164.115.203
333,Rodina,Grombridge,rgrombridge98@stanford.edu,Genderfluid,168.173.140.67
334,Clarine,Robarts,crobarts99@independent.co.uk,Agender,70.191.15.180
335,Teena,Mussetti,tmussetti9a@amazon.co.uk,Polygender,216.124.117.22
336,Selena,Patchett,spatchett9b@home.pl,Male,54.165.57.181
337,Brigid,Pawelski,bpawelski9c@fema.gov,Bigender,51.75.224.38
338,Fae,Swyer-Sexey,fswyersexey9d@usnews.com,Genderfluid,170.180.19.194
339,Demetra,Pinner,dpinner9e@dagondesign.com,Bigender,12.46.245.198
340,Irvine,Screase,iscrease9f@oaic.gov.au,Female,112.13.27.11
341,Yetty,Symon,ysymon9g@eepurl.com,Female,47.97.78.82
342,Sallee,Vahey,svahey9h@desdev.cn,Non-binary,16.83.114.30
343,Caprice,Breddy,cbreddy9i@intel.com,Female,219.144.60.71
344,Reiko,Gadie,rgadie9j@wsj.com,Bigender,134.142.168.143
345,Ingra,Ionnidis,iionnidis9k@psu.edu,Genderqueer,80.88.4.166
346,Allyson,Legges,alegges9l@squarespace.com,Non-binary,44.186.91.147
347,Alyosha,Chifney,achifney9m@google.it,Bigender,0.214.42.127
348,Essa,Pears,epears9n@forbes.com,Genderfluid,233.204.182.160
349,Rozalie,Pott,rpott9o@51.la,Agender,82.145.76.229
350,Lynne,Coppenhall,lcoppenhall9p@webnode.com,Non-binary,209.246.185.111
351,Elayne,Bungey,ebungey9q@wiley.com,Polygender,49.56.21.56
352,Graig,Bendtsen,gbendtsen9r@kickstarter.com,Non-binary,155.133.63.19
353,Donnajean,Creak,dcreak9s@npr.org,Bigender,115.63.41.178
354,Teresita,Feathersby,tfeathersby9t@behance.net,Non-binary,190.68.174.6
355,Melodee,Blundan,mblundan9u@bizjournals.com,Genderfluid,122.142.153.22
356,Redd,Humerstone,rhumerstone9v@who.int,Genderfluid,51.153.96.79
357,Kikelia,Giovannacci,kgiovannacci9w@noaa.gov,Polygender,127.66.154.168
358,Katherine,Eakins,keakins9x@histats.com,Polygender,204.151.55.171
359,Tarra,McSweeney,tmcsweeney9y@aol.com,Polygender,140.45.243.152
360,Claiborne,Dozdill,cdozdill9z@godaddy.com,Female,115.115.227.174
361,Buiron,Corrado,bcorradoa0@geocities.com,Genderfluid,206.98.37.70
362,Denna,Forrington,dforringtona1@chron.com,Genderqueer,111.45.50.155
363,Blondelle,Rodnight,brodnighta2@dmoz.org,Agender,34.131.47.239
364,Carolynn,Sulley,csulleya3@ning.com,Non-binary,46.35.4.158
365,Teddie,Gravenell,tgravenella4@cnn.com,Female,26.122.78.150
366,Ragnar,Jarrold,rjarrolda5@mozilla.com,Bigender,153.168.18.192
367,Kingsley,Baden,kbadena6@businessinsider.com,Female,137.172.211.153
368,Abran,Stockley,astockleya7@state.gov,Genderqueer,153.239.27.120
369,Damiano,Swatheridge,dswatheridgea8@ocn.ne.jp,Genderqueer,207.58.51.212
370,Candis,Goodhay,cgoodhaya9@opera.com,Agender,74.18.211.216
371,Tailor,Fladgate,tfladgateaa@harvard.edu,Female,121.34.212.4
372,Thayne,Berzons,tberzonsab@4shared.com,Genderfluid,102.6.137.114
373,Maryanna,Goadsby,mgoadsbyac@a8.net,Bigender,105.222.213.232
374,Banky,Jorin,bjorinad@engadget.com,Female,221.2.189.203
375,Gretal,Levermore,glevermoreae@nyu.edu,Genderqueer,158.174.200.116
376,Zitella,Roeby,zroebyaf@eepurl.com,Genderqueer,120.64.11.118
377,Eric,Adshead,eadsheadag@sciencedaily.com,Polygender,90.20.126.189
378,Nichol,Caffin,ncaffinah@yandex.ru,Agender,15.240.198.30
379,Annelise,Cater,acaterai@stumbleupon.com,Genderqueer,139.107.192.6
380,Case,Barbisch,cbarbischaj@cnn.com,Agender,228.169.72.173
381,Giana,Rafferty,graffertyak@patch.com,Polygender,27.30.223.241
382,Dick,McRannell,dmcrannellal@newsvine.com,Polygender,85.248.216.18
383,West,Lovegrove,wlovegroveam@businesswire.com,Non-binary,55.166.250.76
384,Marty,Crewdson,mcrewdsonan@google.es,Bigender,100.55.159.125
385,Catharine,Turpey,cturpeyao@economist.com,Male,50.114.47.171
386,Sallyann,Tague,stagueap@chronoengine.com,Non-binary,221.209.231.27
387,Templeton,Le Friec,tlefriecaq@vinaora.com,Non-binary,245.224.38.66
388,Sanderson,Greep,sgreepar@newsvine.com,Polygender,211.122.103.70
389,Sylvester,Dauby,sdaubyas@cdbaby.com,Agender,90.143.253.196
390,Fawnia,Whitsey,fwhitseyat@washingtonpost.com,Polygender,219.118.3.183
391,Georgy,Hurburt,ghurburtau@mapquest.com,Genderqueer,224.89.252.135
392,Etty,Raitt,eraittav@salon.com,Genderqueer,119.149.155.119
393,Jelene,Brandacci,jbrandacciaw@newyorker.com,Genderqueer,161.10.227.133
394,Eva,Collister,ecollisterax@ezinearticles.com,Genderqueer,120.246.144.76
395,Andrea,Calliss,acallissay@freewebs.com,Non-binary,246.178.80.89
396,Mariquilla,Dowsett,mdowsettaz@fotki.com,Polygender,222.176.163.29
397,Goldarina,Gusney,ggusneyb0@kickstarter.com,Agender,128.25.2.133
398,Pauline,Bakey,pbakeyb1@cam.ac.uk,Bigender,172.49.178.33
399,Gifford,Orrick,gorrickb2@wordpress.org,Agender,101.118.63.121
400,Jaquenette,Chaulk,jchaulkb3@bloomberg.com,Non-binary,81.221.75.220
401,Elvina,Kondrat,ekondratb4@sbwire.com,Agender,163.221.158.128
402,Nataline,Sauvain,nsauvainb5@arstechnica.com,Bigender,164.160.56.230
403,Sarena,Kennett,skennettb6@phpbb.com,Genderfluid,108.12.235.125
404,Rois,Cumes,rcumesb7@ihg.com,Polygender,135.124.178.14
405,Efrem,Deesly,edeeslyb8@time.com,Bigender,180.152.77.218
406,Isa,Bertl,ibertlb9@wordpress.org,Non-binary,3.96.117.23
407,Ora,House,ohouseba@noaa.gov,Polygender,113.103.21.189
408,Jakie,Alforde,jalfordebb@va.gov,Genderqueer,76.62.136.20
409,Orion,Tabert,otabertbc@ifeng.com,Genderfluid,74.238.161.229
410,Kimbell,Caslane,kcaslanebd@patch.com,Male,175.185.127.255
411,Giselbert,Cino,gcinobe@arizona.edu,Female,142.9.167.173
412,Mufinella,Embery,memberybf@nature.com,Genderqueer,195.137.192.239
413,Hewe,Stanfield,hstanfieldbg@newyorker.com,Genderqueer,163.195.198.236
414,Ralf,Addenbrooke,raddenbrookebh@goo.ne.jp,Bigender,18.80.189.234
415,Denyse,Gosart,dgosartbi@cbsnews.com,Genderfluid,188.218.197.119
416,Feodor,Artz,fartzbj@boston.com,Female,148.147.108.210
417,Sherm,Klassmann,sklassmannbk@census.gov,Agender,107.20.99.142
418,Elissa,Stuckes,estuckesbl@cornell.edu,Genderqueer,231.200.207.218
419,Maddy,Claffey,mclaffeybm@angelfire.com,Male,41.90.171.66
420,Joachim,Minto,jmintobn@histats.com,Male,0.145.1.46
421,Linnell,Willers,lwillersbo@freewebs.com,Male,175.249.235.203
422,Arnold,O'Devey,aodeveybp@auda.org.au,Agender,7.11.77.188
423,Wilmette,Torri,wtorribq@prweb.com,Agender,109.109.178.109
424,Livia,Philippart,lphilippartbr@constantcontact.com,Polygender,35.51.247.54
425,Alyda,Shellibeer,ashellibeerbs@vinaora.com,Polygender,74.144.243.110
426,Rheta,Walwood,rwalwoodbt@state.gov,Polygender,131.208.73.68
427,Gal,Balazs,gbalazsbu@google.co.jp,Genderfluid,226.255.64.198
428,Kristopher,Dressell,kdressellbv@craigslist.org,Male,123.100.13.240
429,Hakim,Covet,hcovetbw@ft.com,Polygender,80.77.189.213
430,Axel,Sanbrooke,asanbrookebx@desdev.cn,Non-binary,62.233.90.174
431,Caterina,Towll,ctowllby@pbs.org,Female,76.148.229.13
432,Tan,Gilmartin,tgilmartinbz@vistaprint.com,Female,228.79.119.51
433,Gus,Kirimaa,gkirimaac0@cornell.edu,Genderfluid,232.236.218.209
434,Elisabetta,O' Sullivan,eosullivanc1@imgur.com,Female,233.50.197.187
435,Mildrid,Downham,mdownhamc2@ezinearticles.com,Non-binary,223.249.209.140
436,Hyacinthe,Kyteley,hkyteleyc3@webeden.co.uk,Female,88.207.97.82
437,Bird,Jordi,bjordic4@answers.com,Agender,44.231.48.152
438,Ginger,McKellen,gmckellenc5@examiner.com,Non-binary,214.84.182.68
439,Michel,Giacomuzzi,mgiacomuzzic6@japanpost.jp,Polygender,86.162.228.20
440,Monica,Gales,mgalesc7@imageshack.us,Genderqueer,240.226.89.194
441,Rozamond,Isaacs,risaacsc8@vimeo.com,Polygender,251.114.56.137
442,Heriberto,Spellesy,hspellesyc9@multiply.com,Genderqueer,213.177.145.216
443,Mikol,Losebie,mlosebieca@cbslocal.com,Non-binary,245.110.249.78
444,Inger,Toy,itoycb@shinystat.com,Polygender,122.182.214.246
445,Charmane,Carlisi,ccarlisicc@multiply.com,Bigender,124.240.90.155
446,Perrine,Aloshechkin,paloshechkincd@behance.net,Male,200.68.154.253
447,Dyanne,Waddilow,dwaddilowce@google.com,Non-binary,242.88.147.62
448,Agathe,Derks,aderkscf@sphinn.com,Genderfluid,23.144.115.65
449,Nelia,Corkhill,ncorkhillcg@printfriendly.com,Agender,162.28.187.125
450,Lynn,Carcas,lcarcasch@youtube.com,Bigender,235.49.100.221
451,Rickie,Stonier,rstonierci@jalbum.net,Agender,202.11.155.197
452,Clarette,Grisenthwaite,cgrisenthwaitecj@disqus.com,Agender,242.252.180.30
453,Hollis,Bau,hbauck@paginegialle.it,Agender,255.237.144.38
454,Amalie,Ganiclef,aganiclefcl@is.gd,Genderfluid,219.208.158.129
455,Cesare,Conway,cconwaycm@sogou.com,Male,207.177.29.172
456,Nollie,Shallcross,nshallcrosscn@comcast.net,Agender,163.182.185.80
457,Arnold,Poleye,apoleyeco@constantcontact.com,Genderfluid,154.24.54.185
458,Else,Geertz,egeertzcp@gov.uk,Genderfluid,185.16.125.122
459,Skipper,Mawer,smawercq@phpbb.com,Male,99.29.246.74
460,Gaynor,Dulen,gdulencr@blinklist.com,Polygender,38.193.99.172
461,Jorgan,Di Giorgio,jdigiorgiocs@disqus.com,Polygender,233.58.216.203
462,Winni,Lintot,wlintotct@vkontakte.ru,Non-binary,187.133.196.93
463,Ewell,Hurworth,ehurworthcu@patch.com,Agender,149.19.99.106
464,Jess,Delleschi,jdelleschicv@linkedin.com,Bigender,55.46.249.121
465,Clarance,Harbron,charbroncw@unblog.fr,Agender,96.0.184.134
466,Galven,Germaine,ggermainecx@webeden.co.uk,Male,151.49.152.118
467,Maisie,Dudenie,mdudeniecy@ehow.com,Bigender,3.114.182.38
468,Lona,Sulley,lsulleycz@hexun.com,Agender,88.23.207.165
469,Gleda,Spurgin,gspurgind0@nasa.gov,Genderfluid,85.185.4.168
470,Denyse,Iacovazzi,diacovazzid1@ucoz.com,Genderfluid,146.56.141.157
471,Clair,Obee,cobeed2@ucla.edu,Agender,223.251.202.138
472,Rhona,Tunnicliff,rtunnicliffd3@1688.com,Polygender,150.27.166.104
473,Jeth,Hallows,jhallowsd4@fc2.com,Agender,245.178.193.233
474,Elwyn,Bernt,eberntd5@state.tx.us,Male,160.122.21.189
475,Frederick,Poppleston,fpopplestond6@webs.com,Non-binary,18.107.87.63
476,Rahal,MacMichael,rmacmichaeld7@latimes.com,Polygender,66.8.189.195
477,Ninnette,Iskow,niskowd8@baidu.com,Polygender,209.144.139.60
478,D'arcy,Reims,dreimsd9@bbc.co.uk,Agender,133.175.97.72
479,Valentia,Risborough,vrisboroughda@stanford.edu,Female,210.255.84.133
480,Andrew,Almon,aalmondb@nps.gov,Genderqueer,217.194.97.90
481,Sela,Leijs,sleijsdc@livejournal.com,Genderfluid,190.252.176.253
482,Udale,Boobyer,uboobyerdd@canalblog.com,Polygender,8.6.41.102
483,Crista,Craft,ccraftde@de.vu,Female,255.200.199.66
484,Lisle,Brealey,lbrealeydf@facebook.com,Non-binary,103.116.26.3
485,Kalinda,Richford,krichforddg@irs.gov,Genderqueer,211.81.70.123
486,Mercie,Raiston,mraistondh@economist.com,Female,221.230.173.45
487,Gerianna,Escalera,gescaleradi@theguardian.com,Non-binary,134.22.21.98
488,Chiquia,Polini,cpolinidj@creativecommons.org,Polygender,210.106.113.96
489,Moise,Baxendale,mbaxendaledk@seattletimes.com,Genderqueer,177.200.221.169
490,Marley,Eaken,meakendl@woothemes.com,Non-binary,205.11.47.246
491,Lainey,Brumham,lbrumhamdm@csmonitor.com,Female,45.176.76.101
492,Chrystel,Withers,cwithersdn@dagondesign.com,Non-binary,101.71.55.6
493,Di,Jorden,djordendo@youku.com,Bigender,133.145.217.94
494,Ruthie,Ryle,rryledp@istockphoto.com,Genderqueer,83.172.158.108
495,Porty,Shapera,pshaperadq@hc360.com,Bigender,103.250.47.63
496,Darius,Jemmett,djemmettdr@bbc.co.uk,Non-binary,129.116.237.127
497,Glynn,Izon,gizonds@vk.com,Female,92.193.162.73
498,Ilise,Atwater,iatwaterdt@skype.com,Male,125.90.73.45
499,Free,De Lisle,fdelisledu@cargocollective.com,Polygender,79.133.217.171
500,Maryellen,Skelington,mskelingtondv@cargocollective.com,Agender,223.248.198.222
501,Clari,Cawthery,ccawtherydw@bluehost.com,Non-binary,19.85.64.170
502,Sonny,MacCaughan,smaccaughandx@chron.com,Bigender,81.139.91.244
503,Reyna,Szabo,rszabody@qq.com,Polygender,227.212.56.235
504,Genny,Mallion,gmalliondz@drupal.org,Male,85.145.191.59
505,Alon,Callard,acallarde0@merriam-webster.com,Bigender,29.161.212.128
506,Dave,Lloyds,dlloydse1@mapy.cz,Non-binary,71.50.148.111
507,Jorgan,St. Paul,jstpaule2@abc.net.au,Non-binary,98.152.158.252
508,Myca,Teaze,mteazee3@deliciousdays.com,Polygender,150.231.38.219
509,Kaitlin,Bucktharp,kbucktharpe4@springer.com,Male,254.24.43.185
510,Gerhardt,Averies,gaveriese5@smugmug.com,Female,110.79.80.77
511,Leeland,Rook,lrooke6@odnoklassniki.ru,Genderfluid,6.52.138.234
512,Nonie,Liddon,nliddone7@ted.com,Polygender,60.232.243.132
513,Mata,Wickes,mwickese8@chicagotribune.com,Polygender,10.18.46.1
514,Holly,Jacombs,hjacombse9@shinystat.com,Agender,9.164.126.150
515,Aliza,Bridgwood,abridgwoodea@eventbrite.com,Female,216.18.7.72
516,Erick,Guerriero,eguerrieroeb@wsj.com,Non-binary,128.41.53.79
517,Ivett,Morais,imoraisec@forbes.com,Genderqueer,157.90.97.111
518,Nomi,Willshire,nwillshireed@sakura.ne.jp,Non-binary,195.66.221.13
519,Felice,Myton,fmytonee@cbc.ca,Bigender,161.14.159.212
520,Heida,Hargraves,hhargravesef@noaa.gov,Female,194.90.62.60
521,Muffin,Hyndley,mhyndleyeg@cyberchimps.com,Genderfluid,155.97.211.192
522,Stirling,Illsley,sillsleyeh@php.net,Bigender,1.94.197.92
523,Dur,John,djohnei@europa.eu,Male,34.63.79.113
524,Winnie,Kordt,wkordtej@hp.com,Bigender,21.30.72.164
525,Zeb,Bagby,zbagbyek@foxnews.com,Non-binary,205.186.46.183
526,Bellanca,Ramsdale,bramsdaleel@hc360.com,Genderqueer,90.179.202.77
527,Vaughan,Jull,vjullem@topsy.com,Non-binary,229.59.185.92
528,Anthe,Giacoppoli,agiacoppolien@angelfire.com,Male,121.87.35.137
529,Moises,Trebble,mtrebbleeo@imgur.com,Non-binary,223.93.235.122
530,Aldwin,Fawdery,afawderyep@apache.org,Non-binary,23.184.192.76
531,Jareb,Melbury,jmelburyeq@gmpg.org,Bigender,98.252.198.23
532,Kristy,MacCafferky,kmaccafferkyer@google.com.br,Bigender,195.45.57.64
533,Renee,Blackie,rblackiees@tamu.edu,Male,71.97.89.186
534,Florri,Lube,flubeet@histats.com,Polygender,67.146.246.115
535,Moise,Nelsey,mnelseyeu@taobao.com,Genderfluid,29.195.115.104
536,Hugo,Findon,hfindonev@is.gd,Genderfluid,247.246.246.33
537,Beret,Lynthal,blynthalew@huffingtonpost.com,Genderfluid,195.5.115.49
538,Hamnet,Ree,hreeex@whitehouse.gov,Male,34.54.107.199
539,Lydie,Shiel,lshieley@ucoz.ru,Female,148.246.19.43
540,Haskell,Churn,hchurnez@nasa.gov,Male,17.226.157.32
541,Saundra,Powderham,spowderhamf0@wunderground.com,Genderqueer,76.51.203.128
542,Peyton,Routledge,proutledgef1@google.de,Genderqueer,129.208.147.152
543,Cassie,Brakewell,cbrakewellf2@people.com.cn,Bigender,167.96.219.60
544,Luciana,Blanche,lblanchef3@google.fr,Genderfluid,96.71.159.116
545,Pincus,Mahady,pmahadyf4@networksolutions.com,Male,48.137.32.43
546,Leland,Neilson,lneilsonf5@51.la,Agender,98.41.198.250
547,Tabbitha,Kynton,tkyntonf6@printfriendly.com,Genderqueer,165.111.124.210
548,Cassey,Jamison,cjamisonf7@cocolog-nifty.com,Non-binary,42.76.236.62
549,Fara,Le Cornu,flecornuf8@zimbio.com,Non-binary,228.28.164.151
550,Fairfax,Kneel,fkneelf9@twitpic.com,Non-binary,86.22.67.91
551,Dyana,Culleford,dcullefordfa@sbwire.com,Agender,7.126.120.73
552,Luz,Rambaut,lrambautfb@thetimes.co.uk,Male,8.34.29.250
553,Celinka,Dinkin,cdinkinfc@unesco.org,Polygender,198.99.109.77
554,Elsy,Bollini,ebollinifd@hexun.com,Male,59.210.102.245
555,Findley,Tite,ftitefe@wikispaces.com,Polygender,89.79.131.34
556,Rosemonde,Elldred,relldredff@theguardian.com,Polygender,243.154.82.215
557,Mace,Doley,mdoleyfg@dyndns.org,Genderqueer,19.58.130.214
558,Kev,Hawyes,khawyesfh@example.com,Bigender,14.101.145.193
559,Arleyne,Kareman,akaremanfi@icq.com,Genderfluid,132.155.189.185
560,Kristel,Wattinham,kwattinhamfj@soup.io,Genderqueer,6.167.201.144
561,Ermanno,Dumphry,edumphryfk@alibaba.com,Bigender,198.224.142.138
562,Nedi,McKinlay,nmckinlayfl@vimeo.com,Genderfluid,64.167.248.28
563,Ddene,Raithby,draithbyfm@vistaprint.com,Genderqueer,62.236.165.234
564,Bendicty,Braine,bbrainefn@github.com,Male,75.64.172.73
565,Jaclin,Eschalette,jeschalettefo@sourceforge.net,Genderfluid,41.228.22.130
566,Duky,Doornbos,ddoornbosfp@theglobeandmail.com,Female,212.211.149.235
567,Hyman,Carvell,hcarvellfq@weather.com,Male,37.174.105.215
568,Delaney,Tremble,dtremblefr@digg.com,Polygender,146.136.31.22
569,Horst,Collett,hcollettfs@discovery.com,Genderqueer,112.64.17.204
570,Rozalie,Petrowsky,rpetrowskyft@dmoz.org,Polygender,99.16.83.238
571,Mab,Bilbey,mbilbeyfu@dmoz.org,Male,201.201.232.111
572,Josie,Greguol,jgreguolfv@wisc.edu,Genderqueer,205.104.123.216
573,Roselia,Wicher,rwicherfw@scientificamerican.com,Genderqueer,54.88.208.99
574,Brennen,Paraman,bparamanfx@cbc.ca,Polygender,45.88.118.182
575,Shalna,Duckerin,sduckerinfy@msn.com,Female,32.89.96.170
576,Caryl,Gail,cgailfz@tripod.com,Female,163.236.152.235
577,Miguela,Zwicker,mzwickerg0@imgur.com,Bigender,159.182.142.242
578,Kylila,Howcroft,khowcroftg1@feedburner.com,Agender,186.188.36.48
579,Stephana,Chapiro,schapirog2@odnoklassniki.ru,Bigender,67.95.77.148
580,Haywood,Endersby,hendersbyg3@geocities.com,Polygender,133.34.128.2
581,Eward,Larmouth,elarmouthg4@marketwatch.com,Polygender,220.241.105.138
582,Westleigh,Ossenna,wossennag5@google.es,Polygender,0.134.41.128
583,Giavani,Wiffler,gwifflerg6@google.it,Bigender,84.170.167.94
584,Dotti,Winscomb,dwinscombg7@goo.ne.jp,Agender,38.168.36.41
585,Barbra,Shucksmith,bshucksmithg8@unblog.fr,Male,105.71.54.114
586,Efren,Becks,ebecksg9@jugem.jp,Male,39.30.107.151
587,Malissia,Astbury,mastburyga@tmall.com,Genderqueer,160.150.208.19
588,Bartlet,Kimberley,bkimberleygb@engadget.com,Polygender,197.213.228.233
589,Kinny,Fuster,kfustergc@edublogs.org,Bigender,149.73.24.243
590,Ruby,Bellow,rbellowgd@creativecommons.org,Non-binary,78.135.2.7
591,Alexa,Ayto,aaytoge@businessweek.com,Genderqueer,206.163.34.138
592,Gale,Rops,gropsgf@arstechnica.com,Female,211.55.138.152
593,Forrest,Gainsford,fgainsfordgg@theatlantic.com,Genderqueer,142.190.205.197
594,Gianni,Dibden,gdibdengh@answers.com,Genderfluid,68.206.213.221
595,Regan,Clemenzi,rclemenzigi@oakley.com,Female,221.129.127.66
596,Emyle,Beadel,ebeadelgj@wunderground.com,Genderfluid,98.189.0.181
597,Ros,Bilyard,rbilyardgk@google.co.uk,Bigender,189.13.13.4
598,Dwight,Knoller,dknollergl@nyu.edu,Bigender,53.18.115.43
599,Judy,Faircloth,jfairclothgm@people.com.cn,Non-binary,33.214.215.131
600,Eloisa,Pre,epregn@clickbank.net,Polygender,182.197.18.13
601,Clyve,Buxsey,cbuxseygo@state.gov,Genderqueer,1.1.104.253
602,Giavani,Tidman,gtidmangp@dyndns.org,Polygender,178.14.254.73
603,Brandea,Mandell,bmandellgq@etsy.com,Female,14.246.74.32
604,Bidget,Farran,bfarrangr@google.co.uk,Polygender,92.24.91.129
605,Padgett,Bartosiak,pbartosiakgs@drupal.org,Female,145.156.221.76
606,Malvin,L'Hommee,mlhommeegt@dion.ne.jp,Male,55.139.54.48
607,Jamison,Tailby,jtailbygu@freewebs.com,Non-binary,74.251.239.179
608,Neille,Gobell,ngobellgv@elegantthemes.com,Non-binary,90.15.88.100
609,Thia,Bidwell,tbidwellgw@home.pl,Female,129.139.95.241
610,Glendon,Loutheane,gloutheanegx@adobe.com,Agender,35.251.154.219
611,Fernando,Ivey,fiveygy@abc.net.au,Bigender,143.211.100.192
612,Celinka,Bloor,cbloorgz@craigslist.org,Non-binary,47.199.78.102
613,Fields,Samsworth,fsamsworthh0@printfriendly.com,Bigender,133.140.90.160
614,Cecil,Margetts,cmargettsh1@baidu.com,Genderfluid,91.76.155.123
615,Janka,Cosins,jcosinsh2@bing.com,Genderfluid,38.132.86.72
616,Lanie,Cotterill,lcotterillh3@phpbb.com,Male,64.104.198.24
617,Reece,Bowkett,rbowketth4@yolasite.com,Genderfluid,196.183.229.120
618,Arni,Easton,aeastonh5@ft.com,Genderqueer,103.205.131.50
619,Art,Reuter,areuterh6@shinystat.com,Female,3.18.103.112
620,Witty,Keates,wkeatesh7@reverbnation.com,Agender,248.16.130.201
621,Mickey,Alvarado,malvaradoh8@last.fm,Genderqueer,215.111.163.165
622,Meryl,Halladey,mhalladeyh9@w3.org,Non-binary,153.14.172.143
623,Roderigo,Mosey,rmoseyha@shop-pro.jp,Genderfluid,189.27.170.204
624,Hillard,Concannon,hconcannonhb@livejournal.com,Agender,77.204.170.194
625,Margarethe,Gilford,mgilfordhc@ox.ac.uk,Agender,38.61.180.7
626,Killian,Le Provest,kleprovesthd@rambler.ru,Bigender,56.78.145.61
627,Adrien,Scampion,ascampionhe@epa.gov,Female,139.27.180.78
628,Yuma,Bernhardt,ybernhardthf@cnet.com,Genderfluid,187.120.106.88
629,Donny,Venediktov,dvenediktovhg@mit.edu,Genderfluid,159.191.232.42
630,Ganny,Filer,gfilerhh@loc.gov,Bigender,142.216.182.158
631,Kerwinn,Bedwell,kbedwellhi@nasa.gov,Polygender,159.142.107.87
632,Paolo,Syphus,psyphushj@bluehost.com,Non-binary,213.29.75.101
633,Marjie,Bartoszek,mbartoszekhk@canalblog.com,Genderfluid,238.203.197.204
634,Carole,Crowcroft,ccrowcrofthl@homestead.com,Genderfluid,54.108.40.4
635,Valdemar,Challiss,vchallisshm@blogs.com,Agender,113.72.78.60
636,Letty,Silversmidt,lsilversmidthn@rediff.com,Genderqueer,93.24.170.227
637,Toinette,Treeby,ttreebyho@abc.net.au,Polygender,97.79.212.186
638,Syman,Stockton,sstocktonhp@dot.gov,Agender,20.70.15.7
639,Nathanael,Berkeley,nberkeleyhq@cdbaby.com,Non-binary,82.31.186.123
640,Fernande,Colborn,fcolbornhr@psu.edu,Polygender,33.196.203.245
641,Leanor,Hindmore,lhindmorehs@diigo.com,Female,209.238.79.240
642,Poul,Hebborn,phebbornht@reference.com,Male,98.201.176.244
643,Reece,Gilstoun,rgilstounhu@meetup.com,Genderfluid,58.40.1.108
644,Desi,Battye,dbattyehv@java.com,Male,118.15.57.79
645,Jillene,Considine,jconsidinehw@economist.com,Genderqueer,19.210.119.55
646,Ysabel,Sailor,ysailorhx@linkedin.com,Genderfluid,222.226.252.85
647,Lizabeth,Benzi,lbenzihy@abc.net.au,Genderqueer,48.71.243.33
648,Helsa,Denty,hdentyhz@jalbum.net,Agender,195.182.179.38
649,Crichton,Enrico,cenricoi0@multiply.com,Genderqueer,29.254.113.203
650,Alwyn,Oxenham,aoxenhami1@tumblr.com,Genderqueer,235.71.144.138
651,Jeannie,Jaume,jjaumei2@elpais.com,Bigender,244.244.142.216
652,Tremayne,Graveney,tgraveneyi3@soundcloud.com,Agender,218.125.6.157
653,Roselle,Brokenshire,rbrokenshirei4@mlb.com,Male,253.103.168.5
654,Frieda,Odd,foddi5@zimbio.com,Bigender,98.89.100.40
655,Elvina,Albert,ealberti6@163.com,Non-binary,216.154.185.11
656,Sumner,Antonellini,santonellinii7@mozilla.org,Female,46.96.190.25
657,Elene,Micklewicz,emicklewiczi8@e-recht24.de,Genderqueer,91.19.102.193
658,Roseanna,Damsell,rdamselli9@ycombinator.com,Non-binary,18.60.122.237
659,Colan,Pigden,cpigdenia@zimbio.com,Female,95.57.2.202
660,Berti,Lancaster,blancasterib@craigslist.org,Genderfluid,173.14.228.1
661,Margie,Readman,mreadmanic@sciencedaily.com,Genderqueer,17.23.1.101
662,Pedro,Lally,plallyid@google.com,Bigender,173.146.195.109
663,Hieronymus,Sherrell,hsherrellie@elegantthemes.com,Male,212.128.108.0
664,Xenia,Priddey,xpriddeyif@php.net,Genderfluid,63.229.46.125
665,Say,Inch,sinchig@jiathis.com,Polygender,192.232.178.62
666,Kellina,Burland,kburlandih@youtu.be,Bigender,104.222.102.250
667,Seana,MacCartan,smaccartanii@nymag.com,Polygender,102.94.227.16
668,Terrance,Wilcox,twilcoxij@homestead.com,Male,255.162.12.56
669,West,Gerald,wgeraldik@surveymonkey.com,Male,143.176.161.69
670,Hertha,Fessby,hfessbyil@patch.com,Polygender,28.11.224.230
671,Colleen,Summerly,csummerlyim@vkontakte.ru,Genderfluid,16.93.148.184
672,Malynda,Armes,marmesin@oaic.gov.au,Genderqueer,163.161.123.122
673,Abran,Lydiard,alydiardio@independent.co.uk,Polygender,54.216.63.101
674,Mathilde,Prahl,mprahlip@4shared.com,Non-binary,90.135.113.148
675,Tabby,Stock,tstockiq@reference.com,Polygender,105.209.3.45
676,Clayborne,Tyndall,ctyndallir@google.ca,Genderfluid,163.208.50.49
677,Randal,Dufall,rdufallis@hc360.com,Male,16.94.140.37
678,Nealon,Selwyn,nselwynit@usa.gov,Polygender,197.20.85.5
679,Veda,Margram,vmargramiu@icio.us,Non-binary,76.94.1.63
680,Gaylor,Baguley,gbaguleyiv@rakuten.co.jp,Female,197.223.11.84
681,Clay,Mutimer,cmutimeriw@indiatimes.com,Bigender,21.175.214.146
682,Durante,Hendonson,dhendonsonix@t.co,Male,88.247.254.62
683,Chen,Tarbath,ctarbathiy@1und1.de,Genderfluid,0.188.3.169
684,Ruben,Harlett,rharlettiz@indiegogo.com,Polygender,161.209.12.78
685,Chandal,Raisher,craisherj0@scientificamerican.com,Genderqueer,144.87.52.22
686,Emmit,Josephsen,ejosephsenj1@godaddy.com,Polygender,86.67.184.19
687,Eleanor,Di Maria,edimariaj2@storify.com,Genderqueer,119.188.119.18
688,Adolphe,Quarrie,aquarriej3@ox.ac.uk,Bigender,2.175.145.215
689,Pete,Pele,ppelej4@usa.gov,Bigender,0.223.70.77
690,Daniela,Mayston,dmaystonj5@virginia.edu,Female,135.51.203.104
691,Urbain,Springtorpe,uspringtorpej6@google.de,Male,144.84.55.249
692,Baldwin,Otton,bottonj7@surveymonkey.com,Bigender,114.68.200.92
693,Vivia,Lintill,vlintillj8@oakley.com,Non-binary,82.11.74.131
694,Christoph,Dalgarnocht,cdalgarnochtj9@cyberchimps.com,Male,166.33.133.207
695,Herminia,Sellan,hsellanja@seesaa.net,Non-binary,57.170.97.63
696,Dorie,Nemchinov,dnemchinovjb@1und1.de,Bigender,23.164.205.125
697,Florry,Hanscom,fhanscomjc@europa.eu,Genderfluid,88.204.79.206
698,Imojean,Broschke,ibroschkejd@miibeian.gov.cn,Female,38.45.205.143
699,Job,Behrens,jbehrensje@redcross.org,Non-binary,36.134.177.83
700,Hunt,Shackle,hshacklejf@sakura.ne.jp,Bigender,151.188.245.243
701,Ingrid,Rawson,irawsonjg@mayoclinic.com,Agender,206.40.104.122
702,Kesley,Liggens,kliggensjh@com.com,Male,53.201.143.54
703,Betteann,Gedling,bgedlingji@adobe.com,Female,170.74.174.187
704,Gabbi,Barrar,gbarrarjj@boston.com,Bigender,224.157.212.182
705,Roseann,Picken,rpickenjk@hexun.com,Male,251.184.230.79
706,Saul,Rutt,sruttjl@mozilla.com,Genderfluid,4.182.224.67
707,Vally,Aldred,valdredjm@pinterest.com,Non-binary,109.150.151.49
708,Lucian,Parnall,lparnalljn@bizjournals.com,Agender,151.161.130.145
709,Cecil,Green,cgreenjo@live.com,Polygender,148.133.210.239
710,Elke,Wheatland,ewheatlandjp@independent.co.uk,Bigender,97.41.167.228
711,Will,Radband,wradbandjq@instagram.com,Non-binary,85.163.115.40
712,Lois,Brawley,lbrawleyjr@berkeley.edu,Genderfluid,76.109.184.219
713,Stefania,Di Carli,sdicarlijs@clickbank.net,Genderfluid,16.125.198.216
714,Anet,Tortis,atortisjt@oakley.com,Male,200.206.188.115
715,Elvira,Broinlich,ebroinlichju@comsenz.com,Genderqueer,35.187.254.151
716,Ike,Stanlock,istanlockjv@sbwire.com,Genderfluid,210.216.102.184
717,Jody,McGrane,jmcgranejw@oaic.gov.au,Non-binary,85.68.59.97
718,Erminie,Doers,edoersjx@hubpages.com,Polygender,25.242.17.107
719,Rosina,Keling,rkelingjy@netvibes.com,Polygender,85.18.193.52
720,Franky,Cranshaw,fcranshawjz@tinyurl.com,Genderfluid,150.105.237.35
721,Patrizius,Grushin,pgrushink0@hatena.ne.jp,Genderqueer,56.79.29.84
722,Barby,McQuorkell,bmcquorkellk1@shutterfly.com,Bigender,119.250.12.249
723,Ario,Haithwaite,ahaithwaitek2@nsw.gov.au,Male,106.85.98.226
724,Klarrisa,Elcock,kelcockk3@prweb.com,Female,157.161.221.166
725,Cece,Heel,cheelk4@1688.com,Agender,22.146.74.217
726,Geordie,Kimmitt,gkimmittk5@4shared.com,Male,130.215.58.22
727,Krista,Balasini,kbalasinik6@ted.com,Bigender,234.61.53.241
728,Merrily,Boyall,mboyallk7@squidoo.com,Male,202.163.225.242
729,Hercules,Stoneley,hstoneleyk8@yahoo.com,Genderfluid,54.38.166.242
730,Reiko,O'Hollegan,rohollegank9@rediff.com,Genderfluid,32.12.34.2
731,Leela,Wigley,lwigleyka@wired.com,Bigender,99.39.171.121
732,Richy,Dicke,rdickekb@printfriendly.com,Non-binary,20.8.166.143
733,Locke,Blease,lbleasekc@blogtalkradio.com,Genderqueer,42.103.192.171
734,Job,Bittleson,jbittlesonkd@uol.com.br,Male,172.67.10.254
735,Larissa,Warhurst,lwarhurstke@jugem.jp,Bigender,42.168.174.242
736,Rolph,Anlay,ranlaykf@time.com,Genderfluid,117.240.48.65
737,Christean,Smyley,csmyleykg@dagondesign.com,Agender,245.18.9.158
738,Desiri,Randleson,drandlesonkh@themeforest.net,Bigender,194.4.88.133
739,Shaylyn,Igounet,sigounetki@bloomberg.com,Non-binary,209.138.88.126
740,Shandy,Mattam,smattamkj@sogou.com,Polygender,73.144.57.183
741,Lacee,Whetnall,lwhetnallkk@blog.com,Agender,106.141.77.125
742,Brinna,Grelka,bgrelkakl@cmu.edu,Agender,170.17.167.233
743,Alic,Wiggam,awiggamkm@goodreads.com,Agender,171.73.204.158
744,Florencia,Gaw,fgawkn@huffingtonpost.com,Female,90.194.158.138
745,Daisie,Tomlett,dtomlettko@mediafire.com,Non-binary,215.133.218.219
746,Wilbert,Hellcat,whellcatkp@addtoany.com,Male,205.136.44.173
747,Joyan,Shulem,jshulemkq@printfriendly.com,Polygender,254.18.160.63
748,Car,McJerrow,cmcjerrowkr@newsvine.com,Non-binary,244.233.89.150
749,Chrisy,Chastanet,cchastanetks@aboutads.info,Genderqueer,121.136.98.194
750,Kelly,Purtell,kpurtellkt@dropbox.com,Agender,115.133.168.5
751,Zilvia,Smallacombe,zsmallacombeku@ebay.co.uk,Non-binary,127.140.226.44
752,Cammi,Venturoli,cventurolikv@patch.com,Bigender,139.127.192.197
753,Terencio,Eytel,teytelkw@nifty.com,Male,170.44.213.202
754,Jerrome,Georger,jgeorgerkx@walmart.com,Genderfluid,217.125.41.57
755,Raphaela,Beardmore,rbeardmoreky@google.ru,Genderfluid,208.30.213.42
756,Thomasina,Szymonwicz,tszymonwiczkz@delicious.com,Non-binary,247.169.196.171
757,Sky,Quilligan,squilliganl0@mit.edu,Non-binary,157.193.36.180
758,Appolonia,Gyurkovics,agyurkovicsl1@berkeley.edu,Polygender,16.150.56.22
759,Cullen,Wigsell,cwigselll2@unicef.org,Agender,231.94.250.163
760,Port,Anyene,panyenel3@sphinn.com,Genderfluid,246.163.117.231
761,Tristam,Tinkler,ttinklerl4@hostgator.com,Genderfluid,102.178.118.23
762,Mireielle,Usmar,musmarl5@globo.com,Male,206.4.197.39
763,Putnam,Wyllcocks,pwyllcocksl6@newsvine.com,Agender,57.209.4.40
764,Marcy,Arnoult,marnoultl7@goo.gl,Agender,211.170.185.160
765,Guglielmo,Lonnon,glonnonl8@cocolog-nifty.com,Male,147.193.88.159
766,Abbye,McKeever,amckeeverl9@scribd.com,Male,38.74.108.1
767,Aubrette,Cervantes,acervantesla@mediafire.com,Genderqueer,122.11.98.88
768,Ulric,Halso,uhalsolb@vk.com,Male,48.253.203.245
769,Janaya,Gabbetis,jgabbetislc@archive.org,Bigender,107.107.249.164
770,Ruperto,Dankov,rdankovld@hexun.com,Agender,90.67.52.7
771,Josefina,Hendrikse,jhendriksele@sciencedirect.com,Agender,101.161.148.25
772,Talbot,Galtone,tgaltonelf@cnbc.com,Agender,92.52.7.79
773,Marcie,Polak,mpolaklg@acquirethisname.com,Bigender,229.196.185.103
774,Carine,Blumire,cblumirelh@discovery.com,Non-binary,253.121.214.105
775,Corty,Tolputt,ctolputtli@ibm.com,Bigender,201.225.199.201
776,Cherlyn,Coom,ccoomlj@ted.com,Bigender,239.58.16.85
777,Minnnie,Wines,mwineslk@cargocollective.com,Polygender,81.174.91.14
778,Nero,Dirkin,ndirkinll@spiegel.de,Genderqueer,206.8.228.175
779,Leland,Hamlet,lhamletlm@nymag.com,Genderqueer,213.112.141.66
780,Kristyn,MacKeller,kmackellerln@berkeley.edu,Female,39.21.87.92
781,Aimee,De-Ville,adevillelo@google.co.uk,Genderfluid,200.202.180.250
782,Joby,Piercy,jpiercylp@virginia.edu,Agender,237.243.25.73
783,Mil,Comrie,mcomrielq@time.com,Genderqueer,115.139.231.233
784,Marsiella,Gordon-Giles,mgordongileslr@newyorker.com,Male,85.39.13.61
785,Eldredge,Tupp,etuppls@businesswire.com,Bigender,180.89.179.74
786,Alberik,Lowen,alowenlt@alibaba.com,Agender,219.1.221.223
787,Alys,Duckerin,aduckerinlu@ucoz.com,Non-binary,59.226.233.139
788,Natalie,MacParland,nmacparlandlv@woothemes.com,Genderfluid,147.182.56.113
789,Emmaline,Braghini,ebraghinilw@naver.com,Polygender,217.226.162.160
790,Carl,Wimp,cwimplx@go.com,Non-binary,72.130.24.14
791,Daisi,Cunnah,dcunnahly@odnoklassniki.ru,Non-binary,209.5.205.92
792,Fabe,O'Heneghan,foheneghanlz@weibo.com,Male,222.251.144.184
793,Adler,Cassley,acassleym0@123-reg.co.uk,Female,172.135.55.23
794,Joyous,Lanegran,jlanegranm1@meetup.com,Female,229.32.110.214
795,Jackquelin,Matovic,jmatovicm2@creativecommons.org,Bigender,129.57.170.162
796,Angel,Harburtson,aharburtsonm3@gizmodo.com,Male,63.184.80.105
797,Sallyanne,Benesevich,sbenesevichm4@reverbnation.com,Genderfluid,142.203.39.110
798,Cos,Petteford,cpettefordm5@webnode.com,Agender,76.115.0.25
799,Rodina,Tortoise,rtortoisem6@yandex.ru,Genderfluid,236.85.81.199
800,Kathleen,Peaker,kpeakerm7@jimdo.com,Female,240.6.211.114
801,Lucille,Stagg,lstaggm8@hc360.com,Male,139.150.223.61
802,Desirae,Dampier,ddampierm9@squidoo.com,Agender,230.175.170.99
803,Putnem,Shirt,pshirtma@va.gov,Genderfluid,242.230.208.31
804,Mariette,Tamburi,mtamburimb@wunderground.com,Polygender,44.97.56.113
805,Petunia,Wegenen,pwegenenmc@about.me,Non-binary,250.16.235.47
806,Karoline,Behne,kbehnemd@patch.com,Non-binary,21.114.157.5
807,Faunie,Silverwood,fsilverwoodme@bloomberg.com,Genderqueer,78.6.60.241
808,Gardiner,MacAree,gmacareemf@umich.edu,Female,171.18.93.239
809,Perren,Curm,pcurmmg@wp.com,Agender,45.39.134.117
810,Gayleen,Iskowitz,giskowitzmh@ow.ly,Agender,111.91.79.246
811,Elisha,Sallans,esallansmi@csmonitor.com,Male,234.197.148.219
812,Christen,Cornbell,ccornbellmj@1und1.de,Non-binary,235.16.37.61
813,Delia,Dungate,ddungatemk@tumblr.com,Female,160.112.243.189
814,Lanae,Mar,lmarml@prnewswire.com,Female,238.92.138.94
815,Huntington,Sarchwell,hsarchwellmm@forbes.com,Male,135.18.138.97
816,Franny,Higounet,fhigounetmn@sun.com,Non-binary,174.47.83.113
817,Cole,Grover,cgrovermo@newyorker.com,Male,13.149.26.49
818,Nicolina,Sandars,nsandarsmp@hp.com,Agender,112.29.155.237
819,Dennis,Sallier,dsalliermq@squarespace.com,Female,11.44.84.11
820,Leodora,BURWIN,lburwinmr@disqus.com,Agender,98.117.232.113
821,Marijo,Ternent,mternentms@reference.com,Genderqueer,235.23.97.139
822,Livia,Finch,lfinchmt@auda.org.au,Bigender,253.219.151.20
823,Barnabe,Noto,bnotomu@cargocollective.com,Polygender,124.202.77.137
824,Hesther,Worsell,hworsellmv@about.com,Genderqueer,252.64.121.89
825,Goraud,Hamberston,ghamberstonmw@bandcamp.com,Female,214.71.76.198
826,Agace,Longcaster,alongcastermx@ibm.com,Polygender,179.206.212.166
827,Merl,Lattos,mlattosmy@digg.com,Genderfluid,44.133.255.51
828,Iosep,Tolcharde,itolchardemz@princeton.edu,Female,99.1.131.236
829,Eddy,O'Dunneen,eodunneenn0@tiny.cc,Bigender,233.73.130.95
830,Kamillah,Dani,kdanin1@dell.com,Female,251.165.233.213
831,Ollie,Wisham,owishamn2@prlog.org,Non-binary,179.130.57.138
832,Zonnya,Grosvener,zgrosvenern3@sohu.com,Bigender,128.189.57.155
833,Estell,Ianetti,eianettin4@goodreads.com,Polygender,65.137.135.188
834,Emmaline,Gabites,egabitesn5@cbsnews.com,Genderqueer,44.7.39.182
835,Wilfrid,Bortolozzi,wbortolozzin6@aboutads.info,Bigender,119.178.93.254
836,Danielle,Lenaghen,dlenaghenn7@cbc.ca,Agender,93.119.49.237
837,Stephi,Maxweell,smaxweelln8@t-online.de,Genderqueer,242.100.205.160
838,Carlina,Redfern,credfernn9@desdev.cn,Female,85.84.204.17
839,Hedvige,Crutchley,hcrutchleyna@independent.co.uk,Non-binary,94.241.153.61
840,Pierson,Stapele,pstapelenb@google.it,Female,148.61.30.37
841,Fabiano,Lead,fleadnc@t-online.de,Non-binary,200.94.62.177
842,Rosamond,Mountlow,rmountlownd@engadget.com,Agender,18.44.83.47
843,Jillian,Woodus,jwoodusne@slate.com,Polygender,87.19.222.161
844,Bren,Hodgen,bhodgennf@mediafire.com,Polygender,40.143.91.205
845,Konrad,Cranney,kcranneyng@technorati.com,Female,84.106.60.175
846,Wilbur,Peyntue,wpeyntuenh@vistaprint.com,Agender,111.165.10.114
847,Patrizio,Prestage,pprestageni@google.ca,Agender,52.122.164.105
848,Auroora,Gascar,agascarnj@digg.com,Genderfluid,42.237.184.233
849,Kelsey,Rollingson,krollingsonnk@telegraph.co.uk,Genderfluid,124.38.192.146
850,Thekla,Abrahm,tabrahmnl@amazonaws.com,Male,215.187.71.83
851,Hy,O'Hagirtie,hohagirtienm@discuz.net,Female,195.159.91.167
852,Pauletta,Shearman,pshearmannn@woothemes.com,Genderfluid,111.212.251.155
853,Maurizio,Speachley,mspeachleyno@slate.com,Non-binary,68.167.216.137
854,Marcella,Dunridge,mdunridgenp@histats.com,Agender,224.55.115.86
855,Conny,Geldart,cgeldartnq@dell.com,Female,252.212.34.159
856,Dennie,Yanyushkin,dyanyushkinnr@whitehouse.gov,Agender,161.249.26.193
857,Clayborn,Gewer,cgewerns@paginegialle.it,Non-binary,5.198.219.114
858,Elton,Titt,etittnt@sogou.com,Polygender,62.23.33.113
859,Joana,Lethbury,jlethburynu@utexas.edu,Polygender,76.152.250.217
860,Ambur,Glassborow,aglassborownv@gmpg.org,Genderqueer,78.57.165.216
861,Forrest,Hansmann,fhansmannnw@usgs.gov,Bigender,98.58.67.174
862,Agace,Bukac,abukacnx@tiny.cc,Polygender,41.170.235.191
863,Gus,Daniells,gdaniellsny@github.com,Non-binary,188.197.85.236
864,Stefanie,Cantwell,scantwellnz@dropbox.com,Bigender,210.26.9.140
865,Roddie,Pretswell,rpretswello0@cyberchimps.com,Male,33.35.40.39
866,Shannon,Iddison,siddisono1@buzzfeed.com,Genderqueer,56.143.48.194
867,Andriette,Leeder,aleedero2@sfgate.com,Non-binary,122.90.223.219
868,Fernando,Toppin,ftoppino3@wix.com,Agender,44.252.97.61
869,Giordano,Jearum,gjearumo4@nsw.gov.au,Agender,102.170.223.122
870,Free,Gian,fgiano5@skype.com,Genderfluid,0.221.46.217
871,Paige,Macro,pmacroo6@privacy.gov.au,Polygender,56.58.253.203
872,Maurizia,Hodinton,mhodintono7@walmart.com,Polygender,90.22.34.173
873,Fredric,Chasemore,fchasemoreo8@1688.com,Non-binary,66.254.69.241
874,Cart,McTrustie,cmctrustieo9@walmart.com,Agender,7.235.146.186
875,Pamella,Giottoi,pgiottoioa@hibu.com,Non-binary,187.178.128.159
876,Bridgette,Bagley,bbagleyob@ebay.com,Genderqueer,172.153.213.221
877,Ranique,Roseblade,rrosebladeoc@about.me,Genderqueer,163.124.104.190
878,Sean,Khomich,skhomichod@time.com,Polygender,96.123.132.113
879,Kermit,Mostin,kmostinoe@barnesandnoble.com,Female,65.241.197.64
880,Raf,MacCourt,rmaccourtof@sciencedaily.com,Female,35.81.17.3
881,Dalston,Dearnley,ddearnleyog@canalblog.com,Male,126.8.161.155
882,Fidela,Emmison,femmisonoh@trellian.com,Genderqueer,178.246.179.9
883,Jillie,Simecek,jsimecekoi@answers.com,Non-binary,140.8.151.216
884,Hestia,Ghiron,hghironoj@slate.com,Genderqueer,160.176.37.234
885,Jessee,Balme,jbalmeok@usgs.gov,Agender,174.68.155.245
886,Mariejeanne,Duiguid,mduiguidol@woothemes.com,Bigender,218.136.210.184
887,Catharine,Scotland,cscotlandom@51.la,Genderqueer,78.194.62.134
888,Isabella,Duncklee,idunckleeon@jugem.jp,Genderqueer,83.72.77.61
889,Edita,Bellson,ebellsonoo@exblog.jp,Female,128.220.177.206
890,De,Carlet,dcarletop@npr.org,Polygender,190.193.194.229
891,Briano,Caulier,bcaulieroq@rakuten.co.jp,Male,222.223.27.235
892,Birch,Griggs,bgriggsor@hc360.com,Agender,220.246.43.106
893,Zenia,Trevithick,ztrevithickos@stumbleupon.com,Polygender,166.251.180.178
894,Lorrayne,Treadgall,ltreadgallot@nationalgeographic.com,Genderqueer,101.39.117.119
895,Delmore,Chilton,dchiltonou@sfgate.com,Bigender,186.170.173.158
896,Alysia,Splevin,asplevinov@edublogs.org,Genderfluid,69.145.125.188
897,Sylvester,Leyfield,sleyfieldow@unicef.org,Genderqueer,128.253.244.57
898,Krishna,Banstead,kbansteadox@wiley.com,Genderfluid,179.100.76.13
899,Rog,Saywell,rsaywelloy@nhs.uk,Genderfluid,248.245.255.170
900,Launce,McCrum,lmccrumoz@pinterest.com,Genderqueer,52.109.52.209
901,Jerrold,Mayall,jmayallp0@drupal.org,Female,54.226.32.252
902,Kareem,Le feaver,klefeaverp1@reference.com,Polygender,176.111.83.51
903,Sebastian,Rutledge,srutledgep2@phpbb.com,Male,178.17.150.92
904,Tommie,Braithwaite,tbraithwaitep3@fastcompany.com,Female,41.89.45.173
905,Cassy,Aldwich,caldwichp4@ox.ac.uk,Genderfluid,170.95.169.4
906,Adolf,Orchart,aorchartp5@istockphoto.com,Agender,255.133.115.171
907,Inge,Nobes,inobesp6@discuz.net,Genderqueer,10.22.172.120
908,Kassi,Curror,kcurrorp7@examiner.com,Genderfluid,9.55.71.142
909,Debora,Srawley,dsrawleyp8@twitpic.com,Genderqueer,33.235.146.48
910,Estele,Chelsom,echelsomp9@about.com,Bigender,226.109.146.26
911,Rollin,Putland,rputlandpa@purevolume.com,Female,91.34.24.169
912,Lenard,Docwra,ldocwrapb@miibeian.gov.cn,Non-binary,146.10.192.129
913,Sibella,Ramsdell,sramsdellpc@tripod.com,Polygender,233.34.96.184
914,Bil,Chessun,bchessunpd@cocolog-nifty.com,Male,251.244.203.44
915,Melloney,Richford,mrichfordpe@ted.com,Polygender,102.119.85.68
916,Clim,Gravenall,cgravenallpf@fc2.com,Genderqueer,67.100.12.62
917,Prinz,Gall,pgallpg@buzzfeed.com,Female,227.149.241.200
918,Faye,Waddilow,fwaddilowph@cafepress.com,Male,219.249.155.85
919,Cedric,Fabbri,cfabbripi@businessinsider.com,Female,136.42.75.192
920,Avictor,Danes,adanespj@twitter.com,Genderfluid,98.107.59.112
921,Shelia,Neill,sneillpk@imgur.com,Bigender,247.121.7.82
922,Jemimah,Folkerts,jfolkertspl@ustream.tv,Non-binary,160.91.40.158
923,Noel,Newens,nnewenspm@newsvine.com,Genderfluid,246.19.222.6
924,Mara,Roussel,mrousselpn@blogger.com,Genderfluid,33.217.224.159
925,Leela,Goldster,lgoldsterpo@phpbb.com,Female,189.147.20.247
926,Nil,Tremayle,ntremaylepp@constantcontact.com,Male,23.173.14.56
927,Gualterio,Pautard,gpautardpq@naver.com,Non-binary,253.215.86.53
928,Lavena,Cocks,lcockspr@sohu.com,Genderqueer,206.114.34.242
929,Karim,Batting,kbattingps@ycombinator.com,Female,252.172.72.149
930,Heddie,Anelay,hanelaypt@vistaprint.com,Non-binary,192.149.156.160
931,Faber,Fairbank,ffairbankpu@intel.com,Polygender,167.66.98.86
932,Gusti,Shreve,gshrevepv@stumbleupon.com,Female,229.68.190.186
933,Terrye,Southey,tsoutheypw@mysql.com,Genderqueer,112.156.41.251
934,Wakefield,Sandle,wsandlepx@i2i.jp,Male,15.45.172.80
935,Beryl,Burkett,bburkettpy@bandcamp.com,Agender,185.131.73.149
936,Tobit,Weond,tweondpz@cloudflare.com,Genderfluid,83.20.115.198
937,Cami,Forbear,cforbearq0@hugedomains.com,Male,16.197.46.155
938,Egbert,Stilly,estillyq1@admin.ch,Female,199.65.233.169
939,Raymond,Maybey,rmaybeyq2@prweb.com,Genderqueer,41.114.178.248
940,Waylan,Shepherd,wshepherdq3@tinypic.com,Polygender,106.11.181.28
941,Helena,Rudkin,hrudkinq4@zimbio.com,Agender,57.175.82.0
942,Brit,Etter,betterq5@studiopress.com,Male,3.147.187.91
943,Bren,Borges,bborgesq6@list-manage.com,Genderfluid,20.67.173.238
944,Orlan,Finding,ofindingq7@ow.ly,Polygender,31.85.180.177
945,Tracee,Sinfield,tsinfieldq8@storify.com,Genderqueer,193.47.235.140
946,Ines,Canet,icanetq9@qq.com,Female,27.11.133.192
947,Toby,Birth,tbirthqa@barnesandnoble.com,Genderqueer,5.88.65.245
948,Mariquilla,Hylton,mhyltonqb@washingtonpost.com,Genderqueer,16.144.153.148
949,Clary,Trevithick,ctrevithickqc@networksolutions.com,Male,42.211.59.98
950,Hildegarde,Najera,hnajeraqd@wikimedia.org,Female,120.193.27.146
951,Germain,Lound,gloundqe@buzzfeed.com,Bigender,210.186.72.164
952,Rivalee,Duchart,rduchartqf@eventbrite.com,Genderfluid,93.162.201.125
953,Hettie,Spikeings,hspikeingsqg@fc2.com,Female,19.9.154.15
954,Hermy,Gradwell,hgradwellqh@eepurl.com,Genderqueer,242.8.114.230
955,Westleigh,Ganders,wgandersqi@wiley.com,Female,91.204.106.46
956,Vincents,Ruegg,vrueggqj@nymag.com,Agender,171.9.103.183
957,Joy,Harriss,jharrissqk@myspace.com,Male,173.201.110.133
958,Heath,Cannaway,hcannawayql@yelp.com,Male,119.126.161.77
959,Malcolm,Hanstock,mhanstockqm@youku.com,Genderfluid,92.76.148.176
960,Hanni,Adenet,hadenetqn@geocities.jp,Genderfluid,8.241.53.75
961,Sol,Collecott,scollecottqo@multiply.com,Bigender,248.99.250.158
962,Shandra,Corsar,scorsarqp@simplemachines.org,Polygender,56.110.48.41
963,Stuart,Tanby,stanbyqq@t-online.de,Genderqueer,67.181.54.121
964,Celinda,Tressler,ctresslerqr@indiatimes.com,Male,210.174.73.105
965,Neddie,Smoughton,nsmoughtonqs@4shared.com,Male,80.56.153.137
966,Georgeta,Tennant,gtennantqt@twitter.com,Genderqueer,234.253.33.157
967,Con,Shieldon,cshieldonqu@addtoany.com,Male,18.95.37.88
968,Jodi,Franc,jfrancqv@opera.com,Male,105.32.74.121
969,Berty,Alten,baltenqw@hud.gov,Female,130.100.51.34
970,Zolly,Paulo,zpauloqx@google.de,Genderfluid,16.187.7.75
971,Kassie,Marrion,kmarrionqy@comcast.net,Non-binary,155.134.223.184
972,Gannie,Silverson,gsilversonqz@mozilla.org,Female,18.19.51.39
973,Casie,Currington,ccurringtonr0@jimdo.com,Polygender,224.140.128.44
974,Mattie,Batalle,mbataller1@goo.gl,Genderqueer,192.206.122.142
975,Deborah,Nelthropp,dnelthroppr2@fc2.com,Bigender,120.230.46.213
976,Brewer,Fearnley,bfearnleyr3@slate.com,Polygender,89.173.46.0
977,Stan,Bolter,sbolterr4@wordpress.com,Polygender,166.11.15.127
978,Myranda,Caulfield,mcaulfieldr5@nydailynews.com,Polygender,2.54.14.54
979,Ashli,Rihanek,arihanekr6@theatlantic.com,Bigender,184.223.74.23
980,Camile,Ewers,cewersr7@columbia.edu,Female,65.17.112.66
981,Laurena,Bodiam,lbodiamr8@printfriendly.com,Agender,221.238.212.22
982,Dallas,Lamball,dlamballr9@lycos.com,Polygender,31.153.46.120
983,Aurie,Reuben,areubenra@imdb.com,Genderqueer,105.181.91.234
984,Catlee,Tift,ctiftrb@fastcompany.com,Agender,34.177.52.38
985,Kelli,Macklin,kmacklinrc@shutterfly.com,Genderqueer,58.113.44.148
986,Belle,Gritsaev,bgritsaevrd@blogger.com,Male,2.170.205.109
987,Valenka,Bedminster,vbedminsterre@time.com,Non-binary,188.66.109.31
988,Raddie,Southern,rsouthernrf@nydailynews.com,Bigender,235.123.23.213
989,Wainwright,Fleet,wfleetrg@examiner.com,Bigender,211.154.203.38
990,Penny,Pelosi,ppelosirh@opensource.org,Bigender,100.121.201.88
991,Ralph,Marshall,rmarshallri@clickbank.net,Polygender,17.137.147.217
992,Lester,Tisun,ltisunrj@sphinn.com,Polygender,210.67.96.194
993,Sisile,Moralis,smoralisrk@wikia.com,Male,41.57.112.178
994,Delmer,Botte,dbotterl@quantcast.com,Genderqueer,21.72.76.75
995,Alisa,Barthelme,abarthelmerm@storify.com,Male,32.183.232.171
996,Alexei,Lepper,alepperrn@wordpress.com,Genderqueer,248.163.193.7
997,Somerset,Fulun,sfulunro@usatoday.com,Non-binary,152.129.1.40
998,Merell,Boor,mboorrp@bing.com,Bigender,20.202.111.50
999,Dieter,Echelle,dechellerq@patch.com,Male,11.250.111.144
1000,Carey,Conn,cconnrr@webs.com,Bigender,160.90.215.11
