id,first_name,last_name,email,gender,ip_address
1,Jesse,Blankhorn,jblankhorn0@delicious.com,Male,112.150.112.106
2,Simonette,Hughesdon,shughesdon1@aol.com,Genderfluid,63.109.21.161
3,Quent,Butson,qbutson2@tinyurl.com,Female,63.206.40.40
4,Dalton,Winsor,dwinsor3@1688.com,Genderfluid,66.241.152.250
5,Brena,Flaune,bflaune4@moonfruit.com,Female,141.82.124.166
6,Maryellen,Spaven,mspaven5@archive.org,Genderfluid,159.147.147.18
7,Camilla,Rosengart,crosengart6@npr.org,Non-binary,140.37.204.219
8,Carmelina,Axelby,caxelby7@telegraph.co.uk,Genderfluid,234.36.165.122
9,Mikaela,Kirvell,mkirvell8@paypal.com,Genderqueer,247.114.109.249
10,Alaric,Butterfield,abutterfield9@jigsy.com,Non-binary,31.193.113.215
11,Sinclair,Raffeorty,sraffeortya@ca.gov,Genderfluid,72.64.14.16
12,Kelwin,Perigeaux,kperigeauxb@so-net.ne.jp,Female,21.182.170.237
13,Brocky,Hayhow,bhayhowc@angelfire.com,Non-binary,104.19.146.102
14,Bran,Ingamells,bingamellsd@about.com,Bigender,178.167.130.167
15,Consuelo,McNickle,cmcnicklee@about.com,Bigender,175.255.35.208
16,Odelle,Rickertsen,orickertsenf@livejournal.com,Genderqueer,145.115.39.104
17,Denny,Bransby,dbransbyg@paginegialle.it,Agender,170.18.236.44
18,Demetra,Howood,dhowoodh@ning.com,Genderfluid,185.50.237.246
19,Polly,Aynold,paynoldi@twitpic.com,Non-binary,104.54.231.54
20,Andrej,Charlin,acharlinj@reddit.com,Bigender,209.119.118.202
21,Adolf,Abbatucci,aabbatuccik@themeforest.net,Genderfluid,202.176.23.146
22,Audrye,Engledow,aengledowl@aboutads.info,Genderfluid,164.124.217.116
23,Kaylee,Athridge,kathridgem@ox.ac.uk,Genderqueer,75.104.21.184
24,Nari,Lindmark,nlindmarkn@blinklist.com,Non-binary,225.216.174.46
25,Calvin,De la Yglesia,cdelayglesiao@acquirethisname.com,Genderqueer,57.92.207.238
26,Renaud,Handover,rhandoverp@scribd.com,Bigender,109.106.227.129
27,Palmer,Burkman,pburkmanq@weibo.com,Polygender,217.16.0.115
28,Cyril,Kadar,ckadarr@homestead.com,Female,255.6.238.190
29,Alisha,Houchen,ahouchens@networksolutions.com,Female,44.61.10.214
30,Kayle,Feirn,kfeirnt@ask.com,Genderfluid,88.181.129.245
31,Sissy,Donohoe,sdonohoeu@latimes.com,Polygender,34.183.45.162
32,Howey,Dressell,hdressellv@bigcartel.com,Genderqueer,5.235.147.248
33,Wallis,Halson,whalsonw@macromedia.com,Male,39.151.191.142
34,Leroy,Webley,lwebleyx@technorati.com,Genderfluid,209.57.96.110
35,Alexander,Jenoure,ajenourey@drupal.org,Non-binary,143.209.198.238
36,Travis,de Merida,tdemeridaz@reverbnation.com,Female,252.137.139.140
37,Fidel,Spuner,fspuner10@economist.com,Agender,145.125.2.202
38,Elvira,Blunsom,eblunsom11@theglobeandmail.com,Genderfluid,47.148.74.88
39,Barny,Longworthy,blongworthy12@ameblo.jp,Genderqueer,145.7.245.20
40,Russell,Gowen,rgowen13@twitpic.com,Male,68.88.199.172
41,Edgard,Lummis,elummis14@bloomberg.com,Male,231.38.68.204
42,Ilse,Rickert,irickert15@vistaprint.com,Non-binary,137.47.161.111
43,Gabie,Caroll,gcaroll16@storify.com,Non-binary,42.9.252.132
44,Ailsun,Dalston,adalston17@multiply.com,Non-binary,46.183.149.1
45,Odie,Boffey,oboffey18@cdbaby.com,Non-binary,16.118.240.67
46,Evelin,Fevier,efevier19@jimdo.com,Bigender,129.25.8.5
47,Wallie,Sikorsky,wsikorsky1a@chronoengine.com,Polygender,62.229.3.150
48,Tori,Wark,twark1b@github.io,Polygender,248.222.179.254
49,Nickolai,Merrgan,nmerrgan1c@sina.com.cn,Non-binary,149.64.127.235
50,Rosina,Chatburn,rchatburn1d@360.cn,Genderfluid,94.22.101.146
51,Allianora,Mumbray,amumbray1e@rakuten.co.jp,Male,138.86.208.63
52,Carny,Gowman,cgowman1f@discovery.com,Genderqueer,244.200.30.74
53,Syd,Bardill,sbardill1g@mayoclinic.com,Genderfluid,44.170.110.92
54,Cherry,Clackson,cclackson1h@exblog.jp,Bigender,121.219.161.178
55,Raven,Sturmey,rsturmey1i@springer.com,Male,35.102.205.103
56,Desiri,Mignot,dmignot1j@theatlantic.com,Bigender,199.6.135.159
57,Lucien,Delle,ldelle1k@google.co.jp,Polygender,87.46.42.86
58,Bogey,Dodwell,bdodwell1l@over-blog.com,Male,244.162.123.203
59,Pia,Nisen,pnisen1m@whitehouse.gov,Polygender,249.157.172.94
60,Jarret,Harland,jharland1n@dyndns.org,Genderqueer,142.52.25.17
61,Dora,Radage,dradage1o@dell.com,Male,26.85.78.255
62,Gilburt,Roisen,groisen1p@dropbox.com,Polygender,230.17.153.97
63,Emogene,Queyos,equeyos1q@apache.org,Genderqueer,230.175.124.65
64,Jory,O'Shavlan,joshavlan1r@hibu.com,Polygender,158.174.167.57
65,Laryssa,Petschelt,lpetschelt1s@infoseek.co.jp,Polygender,210.116.242.239
66,Roxine,Orgel,rorgel1t@opera.com,Non-binary,253.152.173.254
67,Arvie,Lansbury,alansbury1u@yellowpages.com,Female,248.207.40.77
68,Guy,Gallico,ggallico1v@jigsy.com,Genderfluid,246.218.44.95
69,Elianore,Lindborg,elindborg1w@chicagotribune.com,Female,193.230.220.67
70,Tiebold,Dearlove,tdearlove1x@nps.gov,Female,73.190.49.118
71,Cristina,Husselbee,chusselbee1y@mashable.com,Male,138.73.225.22
72,Lebbie,McRobbie,lmcrobbie1z@microsoft.com,Genderfluid,70.146.250.34
73,Freida,Gamon,fgamon20@goodreads.com,Agender,190.66.222.76
74,Cordelia,Woodbridge,cwoodbridge21@bizjournals.com,Bigender,249.0.35.104
75,Darcey,Croughan,dcroughan22@fastcompany.com,Polygender,22.135.73.22
76,Hedvige,Tenniswood,htenniswood23@51.la,Genderqueer,153.57.252.183
77,Sinclare,Genery,sgenery24@chronoengine.com,Male,159.172.108.37
78,Burty,MacKimm,bmackimm25@timesonline.co.uk,Polygender,36.212.20.253
79,Amelie,Mosey,amosey26@1688.com,Bigender,114.140.164.170
80,Milly,Bannell,mbannell27@wisc.edu,Female,12.46.25.41
81,Cleopatra,Amis,camis28@toplist.cz,Genderfluid,53.100.1.75
82,Ripley,Joskowicz,rjoskowicz29@privacy.gov.au,Agender,88.42.197.193
83,Aimee,Madgewick,amadgewick2a@weebly.com,Male,102.181.189.154
84,Alanah,Leiden,aleiden2b@deliciousdays.com,Female,150.217.175.96
85,Clement,Varfalameev,cvarfalameev2c@fema.gov,Bigender,188.127.250.24
86,Clarance,Litster,clitster2d@homestead.com,Genderqueer,162.238.25.4
87,Korie,Elwyn,kelwyn2e@comcast.net,Bigender,114.244.236.245
88,Louisette,Merigon,lmerigon2f@purevolume.com,Female,203.178.70.253
89,Inge,Jeffcoate,ijeffcoate2g@diigo.com,Bigender,220.31.42.118
90,Mallory,Paddingdon,mpaddingdon2h@google.com,Bigender,80.195.87.123
91,Reinhard,Kingswell,rkingswell2i@hhs.gov,Polygender,0.194.30.34
92,Nance,Tunniclisse,ntunniclisse2j@netscape.com,Non-binary,135.133.54.212
93,Julie,Pickerell,jpickerell2k@joomla.org,Male,190.146.54.184
94,Ulric,McGeoch,umcgeoch2l@squarespace.com,Genderfluid,22.81.65.198
95,Ted,Bough,tbough2m@gov.uk,Polygender,219.142.82.122
96,Germaine,Wennam,gwennam2n@godaddy.com,Genderfluid,207.194.35.75
97,Rodi,Spedding,rspedding2o@ask.com,Genderqueer,252.91.239.89
98,Jesus,Malenfant,jmalenfant2p@guardian.co.uk,Female,247.230.156.80
99,Ninette,MacSwayde,nmacswayde2q@opera.com,Polygender,212.179.1.134
100,Verine,Waddilow,vwaddilow2r@ucoz.ru,Female,198.101.175.152
101,Franzen,Vaudin,fvaudin2s@sfgate.com,Polygender,23.9.27.80
102,Noble,Ivanshintsev,nivanshintsev2t@craigslist.org,Genderqueer,189.223.180.74
103,Trish,Dodamead,tdodamead2u@sogou.com,Genderfluid,230.239.110.109
104,Dede,MacCracken,dmaccracken2v@drupal.org,Agender,220.165.159.235
105,Mordecai,Elsmere,melsmere2w@macromedia.com,Non-binary,186.180.159.106
106,Felicia,Culbard,fculbard2x@mysql.com,Genderqueer,157.93.167.51
107,Cherri,Goolding,cgoolding2y@blog.com,Male,63.229.56.140
108,Rees,Tredget,rtredget2z@woothemes.com,Male,211.86.161.8
109,Allene,Theobald,atheobald30@github.com,Genderfluid,171.64.23.200
110,Crysta,Giorgini,cgiorgini31@trellian.com,Agender,168.116.186.217
111,Shaughn,Ben-Aharon,sbenaharon32@scientificamerican.com,Agender,61.22.249.21
112,Agneta,Monan,amonan33@apple.com,Female,178.219.227.104
113,Roobbie,Gowlett,rgowlett34@theglobeandmail.com,Non-binary,119.104.92.103
114,Erda,Shave,eshave35@pagesperso-orange.fr,Genderqueer,100.156.83.187
115,Verena,Bentje,vbentje36@msn.com,Genderfluid,99.137.133.148
116,Kora,Kilfether,kkilfether37@washington.edu,Agender,132.99.36.108
117,Florella,Purviss,fpurviss38@latimes.com,Genderfluid,226.73.101.157
118,Aryn,Benning,abenning39@wikimedia.org,Genderqueer,160.51.100.111
119,Minny,Baack,mbaack3a@fema.gov,Female,91.217.7.143
120,Galvin,Rennick,grennick3b@tinypic.com,Polygender,6.190.56.101
121,Esther,Orneles,eorneles3c@shareasale.com,Polygender,152.247.71.31
122,Holmes,Lyddiatt,hlyddiatt3d@adobe.com,Male,63.193.35.139
123,Madelyn,Topes,mtopes3e@cloudflare.com,Agender,46.10.90.49
124,Dougie,Stollmeier,dstollmeier3f@reddit.com,Genderfluid,60.108.141.195
125,Feliks,Coopland,fcoopland3g@chron.com,Female,133.170.86.164
126,Lucie,Guilder,lguilder3h@cbc.ca,Bigender,60.181.90.184
127,Jehu,Rathmell,jrathmell3i@bbb.org,Genderfluid,175.1.100.12
128,Barnabas,Longbothom,blongbothom3j@imgur.com,Genderfluid,189.107.229.131
129,Patten,Barke,pbarke3k@netvibes.com,Polygender,51.51.64.250
130,Frasquito,Newcombe,fnewcombe3l@google.ru,Polygender,43.54.136.111
131,Madelon,Davidai,mdavidai3m@ask.com,Non-binary,161.248.125.225
132,Otho,Dantesia,odantesia3n@storify.com,Female,234.147.131.106
133,Scott,Scotfurth,sscotfurth3o@usatoday.com,Genderfluid,113.42.110.139
134,Martguerita,Raddenbury,mraddenbury3p@adobe.com,Polygender,172.207.209.232
135,Ezri,Grosier,egrosier3q@china.com.cn,Bigender,136.27.174.82
136,Damien,Scorrer,dscorrer3r@flavors.me,Genderqueer,137.93.151.147
137,Fairleigh,Rillstone,frillstone3s@friendfeed.com,Genderqueer,173.49.61.106
138,Nariko,Iashvili,niashvili3t@about.com,Female,147.144.92.31
139,Dirk,Abbett,dabbett3u@joomla.org,Male,56.21.167.94
140,Karil,Lode,klode3v@drupal.org,Genderqueer,210.28.100.17
141,Pattie,Ferrarotti,pferrarotti3w@friendfeed.com,Genderfluid,0.232.22.107
142,Nealson,Menier,nmenier3x@blogspot.com,Male,33.197.213.132
143,Selena,Maling,smaling3y@deliciousdays.com,Male,39.135.254.165
144,Casar,Liebrecht,cliebrecht3z@nytimes.com,Genderqueer,48.1.20.149
145,David,Issac,dissac40@nba.com,Male,213.112.99.229
146,Herold,Aspinell,haspinell41@amazon.com,Genderqueer,99.96.50.37
147,Hester,Nuscha,hnuscha42@nifty.com,Genderqueer,58.190.163.137
148,Julianne,Bardsley,jbardsley43@blogspot.com,Male,167.108.36.16
149,Rose,Casarili,rcasarili44@photobucket.com,Agender,250.141.84.204
150,Ximenes,Dalzell,xdalzell45@ovh.net,Male,157.102.79.117
151,Berny,Belfield,bbelfield46@booking.com,Female,94.17.7.148
152,Brier,Bohlin,bbohlin47@ucsd.edu,Female,57.215.72.248
153,Gussie,Roma,groma48@sciencedirect.com,Genderfluid,116.154.91.179
154,Montgomery,Rosier,mrosier49@hostgator.com,Genderqueer,197.101.1.202
155,Darill,Gayden,dgayden4a@goo.gl,Polygender,60.243.176.116
156,Yolanthe,Batha,ybatha4b@wikia.com,Male,10.244.97.130
157,Sisely,Lornsen,slornsen4c@answers.com,Bigender,195.227.126.212
158,Dianna,Yellowlea,dyellowlea4d@squarespace.com,Non-binary,186.8.102.74
159,Obadiah,Frowing,ofrowing4e@ovh.net,Genderqueer,40.76.199.6
160,Benjy,Fearnyough,bfearnyough4f@epa.gov,Agender,180.42.136.38
161,Benoite,Costy,bcosty4g@archive.org,Male,131.168.194.111
162,Frankie,Dilliston,fdilliston4h@jimdo.com,Non-binary,173.12.198.54
163,Quinn,Dorey,qdorey4i@joomla.org,Genderqueer,225.67.101.103
164,Dodie,Marjoribanks,dmarjoribanks4j@google.de,Genderfluid,86.227.100.166
165,Garwin,Chilver,gchilver4k@cyberchimps.com,Genderqueer,224.195.226.222
166,Weber,Marklew,wmarklew4l@microsoft.com,Male,125.147.124.79
167,Zandra,Goodspeed,zgoodspeed4m@businessinsider.com,Agender,29.73.22.52
168,Nathaniel,Louden,nlouden4n@bloomberg.com,Genderqueer,18.144.9.113
169,Franzen,O'Hagirtie,fohagirtie4o@businessweek.com,Genderfluid,206.44.101.245
170,Allistir,Ravenscraft,aravenscraft4p@columbia.edu,Female,138.126.40.57
171,Stormi,Skilbeck,sskilbeck4q@microsoft.com,Genderqueer,27.89.236.21
172,Maxwell,Rayburn,mrayburn4r@indiegogo.com,Genderqueer,198.166.218.137
173,Dusty,Glenn,dglenn4s@google.nl,Genderfluid,225.186.130.90
174,Court,Dalton,cdalton4t@ning.com,Bigender,8.180.203.13
175,Kleon,Timoney,ktimoney4u@archive.org,Male,221.26.209.178
176,Terrel,Josebury,tjosebury4v@vimeo.com,Genderqueer,7.107.158.6
177,Merola,Arnaudin,marnaudin4w@behance.net,Female,8.58.110.83
178,Bevin,Trillo,btrillo4x@alibaba.com,Genderfluid,173.174.236.76
179,Serene,Dore,sdore4y@wired.com,Genderqueer,104.110.208.214
180,Reidar,Jewiss,rjewiss4z@spiegel.de,Agender,76.8.46.155
181,Lombard,Zanardii,lzanardii50@chronoengine.com,Genderqueer,161.224.7.79
182,Jacquetta,Tuting,jtuting51@stumbleupon.com,Genderfluid,112.37.16.194
183,Svend,Boog,sboog52@cbc.ca,Polygender,125.93.98.26
184,Jack,Lies,jlies53@amazon.co.uk,Non-binary,149.65.116.227
185,Gil,Woolley,gwoolley54@digg.com,Genderfluid,206.66.61.181
186,Joaquin,Filson,jfilson55@cisco.com,Bigender,35.236.98.205
187,Chicky,Ottley,cottley56@cornell.edu,Male,174.73.131.34
188,Kirstyn,Wrey,kwrey57@mozilla.org,Genderfluid,241.173.212.45
189,Stevena,Ofener,sofener58@timesonline.co.uk,Female,191.198.43.33
190,Derward,Shotbolt,dshotbolt59@webeden.co.uk,Male,109.138.214.153
191,Seward,Georg,sgeorg5a@sakura.ne.jp,Agender,241.12.156.42
192,Barbra,Artharg,bartharg5b@oracle.com,Genderqueer,34.171.125.180
193,Aubrie,Yemm,ayemm5c@i2i.jp,Male,131.124.35.204
194,Even,Bulley,ebulley5d@mysql.com,Female,101.83.8.234
195,Mick,Bowich,mbowich5e@ibm.com,Genderqueer,123.45.0.31
196,Alejoa,Ffrench,affrench5f@techcrunch.com,Female,62.225.133.3
197,Evin,Yantsurev,eyantsurev5g@icio.us,Bigender,43.186.221.135
198,Frank,Nail,fnail5h@163.com,Bigender,30.223.151.205
199,Bear,McCarlich,bmccarlich5i@reddit.com,Female,161.65.164.32
200,Tyson,Brisson,tbrisson5j@scientificamerican.com,Non-binary,141.74.26.206
201,Hazel,Mountjoy,hmountjoy5k@ox.ac.uk,Genderfluid,251.224.76.223
202,Ced,Leadbeater,cleadbeater5l@surveymonkey.com,Bigender,43.59.181.10
203,Halimeda,Goscomb,hgoscomb5m@flavors.me,Genderfluid,149.226.125.68
204,Paloma,Pollington,ppollington5n@vk.com,Genderfluid,10.181.140.114
205,Wilbert,McCurdy,wmccurdy5o@mozilla.org,Polygender,30.129.171.101
206,Shandy,McCallam,smccallam5p@skype.com,Polygender,159.73.113.117
207,Yanaton,Antonioni,yantonioni5q@hp.com,Bigender,56.55.53.254
208,Seline,Heineke,sheineke5r@altervista.org,Agender,200.216.222.32
209,Orbadiah,Burn,oburn5s@dmoz.org,Polygender,65.29.150.158
210,Zebadiah,Daveridge,zdaveridge5t@homestead.com,Agender,74.195.212.110
211,Clemente,Bodycomb,cbodycomb5u@fc2.com,Polygender,255.222.226.77
212,Dore,Mattheissen,dmattheissen5v@loc.gov,Agender,83.111.29.236
213,Leese,Lyard,llyard5w@nytimes.com,Female,24.239.203.39
214,Christoph,Gallehawk,cgallehawk5x@weebly.com,Polygender,106.188.83.228
215,Aleece,Skitt,askitt5y@wunderground.com,Agender,199.52.55.244
216,Filbert,Patullo,fpatullo5z@nsw.gov.au,Non-binary,5.54.120.173
217,Nolie,Ledingham,nledingham60@opensource.org,Female,92.128.93.12
218,Harlie,Pilley,hpilley61@irs.gov,Male,8.35.53.98
219,Krissy,Gillespie,kgillespie62@list-manage.com,Non-binary,138.24.23.191
220,Thedric,Cleeves,tcleeves63@addthis.com,Polygender,85.252.25.151
221,Juline,Bownde,jbownde64@baidu.com,Genderqueer,242.75.69.189
222,Philippe,Chipp,pchipp65@wsj.com,Bigender,147.118.7.160
223,Pierette,Manjot,pmanjot66@wix.com,Female,163.215.166.70
224,Charin,Dowears,cdowears67@tripadvisor.com,Genderfluid,80.158.89.228
225,Corby,Iverson,civerson68@vistaprint.com,Polygender,10.73.250.247
226,Adham,Cicchinelli,acicchinelli69@yolasite.com,Genderqueer,150.27.15.120
227,Lyndsey,Lethbridge,llethbridge6a@yahoo.co.jp,Genderfluid,197.126.232.229
228,Gustaf,O' Finan,gofinan6b@blogtalkradio.com,Bigender,53.155.165.255
229,Arty,Hedaux,ahedaux6c@webnode.com,Bigender,139.51.233.65
230,Kylie,Bosman,kbosman6d@liveinternet.ru,Male,6.51.218.53
231,Inez,Jenton,ijenton6e@google.co.uk,Agender,199.27.102.120
232,Bailie,Nairne,bnairne6f@umn.edu,Polygender,3.224.177.245
233,Kimberly,Skayman,kskayman6g@sbwire.com,Genderqueer,44.254.113.145
234,Gerry,Dallan,gdallan6h@upenn.edu,Non-binary,21.28.183.76
235,Grissel,Mizzen,gmizzen6i@constantcontact.com,Bigender,63.60.121.227
236,Barde,Cunney,bcunney6j@altervista.org,Polygender,187.24.252.60
237,Gardy,Colthard,gcolthard6k@usgs.gov,Non-binary,38.214.134.21
238,Gleda,Neiland,gneiland6l@dot.gov,Female,137.15.231.242
239,Reynolds,Tabner,rtabner6m@xrea.com,Non-binary,249.37.245.115
240,Gregorio,MacAlpine,gmacalpine6n@hhs.gov,Female,227.213.172.93
241,Ailene,Cawdell,acawdell6o@over-blog.com,Agender,139.206.159.3
242,Jemie,Willbourne,jwillbourne6p@taobao.com,Non-binary,78.216.76.163
243,Natty,Farry,nfarry6q@gmpg.org,Genderqueer,196.104.177.152
244,Thor,Matas,tmatas6r@uol.com.br,Male,3.158.145.169
245,Marillin,Mattiessen,mmattiessen6s@apache.org,Non-binary,156.27.152.58
246,Peria,Macauley,pmacauley6t@yale.edu,Female,159.208.208.55
247,Rosamond,Godsal,rgodsal6u@php.net,Non-binary,112.206.239.23
248,Sharity,Cousen,scousen6v@bloomberg.com,Genderqueer,77.13.243.211
249,Hannah,Dupree,hdupree6w@senate.gov,Female,14.53.198.85
250,Booth,Attwoul,battwoul6x@newsvine.com,Female,159.4.244.17
251,Darlleen,Elph,delph6y@sina.com.cn,Female,99.140.66.115
252,Dyanne,Beetles,dbeetles6z@clickbank.net,Agender,171.79.235.228
253,Ethe,McKelvey,emckelvey70@timesonline.co.uk,Genderqueer,20.209.126.28
254,Hilton,Antusch,hantusch71@dion.ne.jp,Agender,151.250.27.211
255,Mari,Spittles,mspittles72@unesco.org,Genderfluid,248.19.224.167
256,Gun,Sedgeworth,gsedgeworth73@psu.edu,Bigender,168.45.119.63
257,Debor,MacGeaney,dmacgeaney74@w3.org,Bigender,45.249.227.60
258,Scotti,Scolts,sscolts75@istockphoto.com,Female,234.246.163.149
259,Garrott,Chaffey,gchaffey76@sbwire.com,Bigender,227.229.129.99
260,Yvor,Cochrane,ycochrane77@nhs.uk,Bigender,255.68.170.196
261,Archaimbaud,Hiers,ahiers78@desdev.cn,Polygender,121.220.30.179
262,Aindrea,Omrod,aomrod79@bbb.org,Agender,5.92.74.212
263,Darrelle,Salerg,dsalerg7a@wikispaces.com,Male,40.174.11.55
264,Cassondra,Witherdon,cwitherdon7b@state.tx.us,Male,105.178.237.225
265,Daisey,Masdin,dmasdin7c@mail.ru,Genderfluid,58.35.249.205
266,Audra,Doorey,adoorey7d@apple.com,Female,23.253.113.87
267,Friedrich,Ianniello,fianniello7e@shop-pro.jp,Non-binary,142.197.148.43
268,Saxe,Finessy,sfinessy7f@google.pl,Polygender,185.221.0.30
269,Kearney,Creamer,kcreamer7g@over-blog.com,Male,89.171.173.16
270,Ezri,McCloughlin,emccloughlin7h@mapquest.com,Bigender,246.104.54.10
271,Cori,Lavigne,clavigne7i@seesaa.net,Non-binary,145.31.56.115
272,Alexandrina,Lansdown,alansdown7j@naver.com,Polygender,44.3.19.230
273,Aurelie,Hallworth,ahallworth7k@amazon.com,Genderqueer,32.230.123.133
274,Silas,Huntingford,shuntingford7l@weibo.com,Non-binary,143.145.1.131
275,Arluene,Allmark,aallmark7m@clickbank.net,Male,82.53.151.245
276,Kevon,MacAdie,kmacadie7n@gravatar.com,Non-binary,132.94.186.62
277,Corri,Desouza,cdesouza7o@oakley.com,Female,98.159.17.115
278,Marla,Fruen,mfruen7p@dedecms.com,Male,176.140.74.247
279,Aubree,Doret,adoret7q@gizmodo.com,Bigender,102.185.183.151
280,Cly,Kedwell,ckedwell7r@boston.com,Genderfluid,232.154.221.206
281,Kordula,Manders,kmanders7s@facebook.com,Agender,147.20.36.101
282,Daffi,Raw,draw7t@flickr.com,Non-binary,27.91.227.43
283,Shayna,Kunkel,skunkel7u@shinystat.com,Non-binary,99.205.228.38
284,Coretta,McCarney,cmccarney7v@icio.us,Bigender,216.176.79.83
285,Jodie,Brunroth,jbrunroth7w@theglobeandmail.com,Agender,0.10.188.0
286,Weylin,Cordey,wcordey7x@slate.com,Female,152.8.240.30
287,Silvie,Thewles,sthewles7y@washington.edu,Non-binary,209.158.134.129
288,Towney,Eykelhof,teykelhof7z@harvard.edu,Genderfluid,91.39.87.95
289,Geneva,Northway,gnorthway80@walmart.com,Genderfluid,156.34.137.255
290,Ely,Ryott,eryott81@exblog.jp,Genderqueer,159.158.195.236
291,Lelia,Look,llook82@amazon.co.jp,Non-binary,171.15.41.149
292,Chaunce,Merkle,cmerkle83@sohu.com,Female,31.118.231.114
293,Selestina,Cowlas,scowlas84@issuu.com,Genderqueer,52.10.138.172
294,Fulvia,Semorad,fsemorad85@youku.com,Agender,239.178.236.31
295,Malanie,Pollicatt,mpollicatt86@simplemachines.org,Polygender,11.244.221.159
296,Eduino,Towle,etowle87@cloudflare.com,Polygender,183.77.4.95
297,Brynna,Lehr,blehr88@dmoz.org,Agender,28.103.119.78
298,Sadye,Woofinden,swoofinden89@uol.com.br,Polygender,217.134.208.231
299,Hester,Kairns,hkairns8a@photobucket.com,Agender,107.132.98.42
300,Karylin,Le Gall,klegall8b@tinypic.com,Genderqueer,159.170.82.57
301,Baird,Fitzsimmons,bfitzsimmons8c@java.com,Female,151.15.243.226
302,Sonnnie,Puffett,spuffett8d@infoseek.co.jp,Female,66.13.189.196
303,Shea,Clementson,sclementson8e@ning.com,Bigender,236.190.178.38
304,Sandor,Erskin,serskin8f@wikia.com,Non-binary,67.88.207.234
305,Lola,Doolan,ldoolan8g@theglobeandmail.com,Male,124.232.71.22
306,Jaime,Kendell,jkendell8h@cyberchimps.com,Non-binary,197.183.108.13
307,Ave,Saing,asaing8i@bloglovin.com,Non-binary,145.38.226.105
308,Eimile,Grolle,egrolle8j@google.nl,Genderfluid,9.233.205.255
309,Linda,Jeyness,ljeyness8k@canalblog.com,Bigender,221.235.39.50
310,Ivy,Croasdale,icroasdale8l@naver.com,Bigender,51.132.235.15
311,Amelie,Flatman,aflatman8m@shareasale.com,Bigender,90.55.86.76
312,Kalil,Probbings,kprobbings8n@reverbnation.com,Non-binary,251.53.121.15
313,Banky,Osinin,bosinin8o@china.com.cn,Bigender,170.77.205.196
314,Cherye,Tunesi,ctunesi8p@uol.com.br,Female,58.62.206.253
315,Cassie,Patey,cpatey8q@arizona.edu,Bigender,35.191.12.81
316,Cassius,Applegate,capplegate8r@fastcompany.com,Female,99.182.123.84
317,Arlen,Maddison,amaddison8s@moonfruit.com,Non-binary,246.106.117.114
318,Sophi,Merricks,smerricks8t@naver.com,Non-binary,98.118.104.242
319,Jocelin,Djurevic,jdjurevic8u@taobao.com,Agender,124.120.44.180
320,Arte,Meijer,ameijer8v@163.com,Genderqueer,71.246.89.22
321,Beverlie,Gaven,bgaven8w@census.gov,Male,126.204.6.77
322,Fran,Mc Combe,fmccombe8x@blogger.com,Genderqueer,15.141.30.218
323,Domenic,Spaughton,dspaughton8y@reverbnation.com,Genderfluid,45.181.8.231
324,Andree,Elder,aelder8z@hp.com,Agender,183.226.112.94
325,Rodd,Maddaford,rmaddaford90@ca.gov,Female,150.115.26.54
326,Ann-marie,Whittington,awhittington91@theguardian.com,Genderqueer,253.121.25.203
327,Inga,Knell,iknell92@wikia.com,Genderfluid,184.152.232.172
328,Sibelle,Folomin,sfolomin93@huffingtonpost.com,Genderfluid,172.79.212.252
329,Paquito,Pidgeley,ppidgeley94@geocities.com,Bigender,181.223.38.189
330,Barnard,Epilet,bepilet95@psu.edu,Genderfluid,230.224.91.40
331,Gideon,Giametti,ggiametti96@w3.org,Agender,168.24.4.25
332,Kermy,Shinner,kshinner97@over-blog.com,Non-binary,161.79.59.162
333,Natal,Isham,nisham98@t-online.de,Female,5.63.47.67
334,Kaye,Schwandermann,kschwandermann99@squidoo.com,Male,33.204.148.175
335,Anthia,Smieton,asmieton9a@cpanel.net,Genderfluid,227.228.173.136
336,Bobette,Ackenson,backenson9b@spiegel.de,Genderqueer,203.73.96.43
337,Marsh,Jephcott,mjephcott9c@nasa.gov,Bigender,209.210.167.112
338,Ester,Maccari,emaccari9d@bravesites.com,Polygender,113.95.126.22
339,Carine,Chippindale,cchippindale9e@lycos.com,Agender,155.254.226.111
340,Aurel,Dawidsohn,adawidsohn9f@cnn.com,Bigender,99.231.195.164
341,Tallie,Blacksland,tblacksland9g@hud.gov,Genderfluid,2.192.122.48
342,Gunter,Seneschal,gseneschal9h@forbes.com,Polygender,235.52.103.243
343,Randy,Kersting,rkersting9i@flavors.me,Non-binary,44.168.168.82
344,Agace,Borgars,aborgars9j@lulu.com,Polygender,131.244.37.198
345,Claresta,China,cchina9k@discuz.net,Female,47.147.244.21
346,Janaye,Rouzet,jrouzet9l@mediafire.com,Non-binary,139.179.203.82
347,Cristian,Wilkie,cwilkie9m@arizona.edu,Male,130.157.124.86
348,Olva,Braven,obraven9n@digg.com,Bigender,160.210.21.231
349,Suellen,Harwin,sharwin9o@sourceforge.net,Agender,166.81.228.205
350,Fredric,Lamdin,flamdin9p@reference.com,Male,99.220.165.94
351,Kerianne,Dumbarton,kdumbarton9q@taobao.com,Genderfluid,215.116.169.55
352,Fanny,Spare,fspare9r@webmd.com,Polygender,169.246.102.214
353,Benjie,Jados,bjados9s@dion.ne.jp,Bigender,140.188.30.73
354,Teriann,Wedlake,twedlake9t@chicagotribune.com,Polygender,137.68.79.17
355,Pennie,Bearne,pbearne9u@abc.net.au,Agender,67.222.20.19
356,Penelopa,Olivari,polivari9v@aboutads.info,Male,125.171.57.43
357,Sabine,Cartman,scartman9w@sun.com,Genderqueer,72.41.47.85
358,Eward,Lakeland,elakeland9x@techcrunch.com,Female,63.254.122.117
359,Saundra,Strutley,sstrutley9y@sciencedirect.com,Bigender,225.136.138.140
360,Oralie,Guiduzzi,oguiduzzi9z@topsy.com,Bigender,65.191.160.159
361,Killie,Reddish,kreddisha0@google.es,Agender,30.106.61.213
362,Joey,Robelow,jrobelowa1@yellowbook.com,Female,172.197.125.112
363,Stacee,Woolford,swoolforda2@telegraph.co.uk,Female,28.56.247.5
364,Udall,Reina,ureinaa3@merriam-webster.com,Bigender,92.161.28.131
365,Nancy,Dunthorne,ndunthornea4@clickbank.net,Agender,37.146.253.163
366,Delmore,Mathiot,dmathiota5@freewebs.com,Genderqueer,241.127.184.40
367,Kent,Bowen,kbowena6@illinois.edu,Genderfluid,70.27.55.149
368,Benedict,Heimes,bheimesa7@reuters.com,Genderfluid,220.78.66.222
369,Hercule,Clardge,hclardgea8@indiegogo.com,Non-binary,211.46.244.178
370,Alasdair,Croston,acrostona9@indiatimes.com,Agender,118.197.42.85
371,Davidson,Caddan,dcaddanaa@cnn.com,Genderqueer,230.206.238.222
372,Alissa,Kubu,akubuab@ibm.com,Male,234.229.145.69
373,Barbe,Meachen,bmeachenac@mlb.com,Male,158.151.161.52
374,Thorny,Ollcott,tollcottad@ed.gov,Agender,59.220.130.18
375,Letitia,Sibille,lsibilleae@epa.gov,Genderfluid,143.237.199.44
376,Lemmie,Dummer,ldummeraf@hubpages.com,Non-binary,77.70.43.124
377,Riane,Wherrit,rwherritag@flavors.me,Non-binary,26.14.78.26
378,Roby,Mantripp,rmantrippah@seattletimes.com,Female,126.200.156.228
379,Giffy,Rosingdall,grosingdallai@chicagotribune.com,Genderqueer,194.70.145.204
380,Alina,Cranton,acrantonaj@reuters.com,Genderqueer,176.132.252.68
381,Jeremy,Haxell,jhaxellak@cloudflare.com,Genderfluid,93.56.93.242
382,Turner,Kolyagin,tkolyaginal@zdnet.com,Polygender,149.154.165.158
383,Misha,Giotto,mgiottoam@nih.gov,Genderqueer,5.87.242.65
384,Gaylene,Kelcey,gkelceyan@adobe.com,Female,183.195.242.135
385,Amata,Saulter,asaulterao@desdev.cn,Genderfluid,78.171.66.131
386,Silvana,McClory,smccloryap@google.co.jp,Agender,53.58.59.35
387,Conrad,Sculpher,csculpheraq@marketwatch.com,Agender,32.74.82.161
388,Egon,Goring,egoringar@squarespace.com,Non-binary,193.153.81.52
389,Gunilla,Regglar,gregglaras@ft.com,Bigender,248.153.35.97
390,Patricio,Reely,preelyat@ted.com,Non-binary,43.172.150.223
391,Iosep,Comellini,icomelliniau@state.tx.us,Non-binary,97.172.242.95
392,Tera,Boast,tboastav@spotify.com,Genderqueer,126.69.69.69
393,Lena,Elener,leleneraw@altervista.org,Bigender,45.198.149.177
394,Helenelizabeth,Tolmie,htolmieax@4shared.com,Polygender,39.145.179.55
395,Ewan,Dimbleby,edimblebyay@apple.com,Polygender,96.129.64.205
396,Colan,Markham,cmarkhamaz@nationalgeographic.com,Male,138.117.60.173
397,Timmie,Taber,ttaberb0@wsj.com,Male,144.77.4.180
398,Foster,Millican,fmillicanb1@list-manage.com,Genderfluid,127.21.130.126
399,Koenraad,Vaux,kvauxb2@princeton.edu,Polygender,130.228.235.212
400,Gaile,Adamiec,gadamiecb3@vistaprint.com,Polygender,67.68.194.230
401,Ruperto,Tomasutti,rtomasuttib4@twitpic.com,Bigender,7.102.185.20
402,Anni,Rickaby,arickabyb5@liveinternet.ru,Agender,230.156.193.55
403,Alla,Cowwell,acowwellb6@youtu.be,Genderqueer,147.107.179.185
404,Fay,Pinkney,fpinkneyb7@ning.com,Male,21.125.55.134
405,Kirsti,Pikesley,kpikesleyb8@elpais.com,Female,163.3.37.74
406,Georgi,Luciani,glucianib9@1688.com,Bigender,158.57.103.135
407,Chucho,Ellam,cellamba@umich.edu,Genderqueer,164.160.187.217
408,Faulkner,Kitcatt,fkitcattbb@cbslocal.com,Agender,233.95.235.74
409,Tiffy,McMahon,tmcmahonbc@auda.org.au,Bigender,230.150.155.48
410,Byrom,Chitty,bchittybd@bluehost.com,Male,215.245.234.172
411,Noah,Rowlatt,nrowlattbe@nhs.uk,Male,11.116.191.226
412,Aloisia,Wagg,awaggbf@jalbum.net,Polygender,24.134.153.180
413,Beau,Egginton,beggintonbg@bloglovin.com,Genderqueer,179.67.203.186
414,Rubina,Radley,rradleybh@mail.ru,Genderqueer,175.119.148.245
415,Shurlocke,Chivers,schiversbi@creativecommons.org,Polygender,183.67.24.60
416,Vale,Ransfield,vransfieldbj@wisc.edu,Polygender,220.188.39.223
417,Natala,Deam,ndeambk@umich.edu,Genderqueer,229.98.183.72
418,Dukie,Creaney,dcreaneybl@soundcloud.com,Bigender,31.211.49.241
419,Guss,Pllu,gpllubm@merriam-webster.com,Male,44.39.241.103
420,Clem,Wigmore,cwigmorebn@moonfruit.com,Bigender,72.90.138.200
421,Thebault,Tharme,ttharmebo@ucsd.edu,Female,42.203.28.248
422,Emmy,Egiloff,eegiloffbp@house.gov,Genderqueer,191.81.127.10
423,Lowrance,Esilmon,lesilmonbq@vkontakte.ru,Bigender,157.98.193.50
424,Wendell,Need,wneedbr@upenn.edu,Male,13.202.163.56
425,Abba,Lowndesbrough,alowndesbroughbs@tripod.com,Female,198.226.220.45
426,Anton,Vanstone,avanstonebt@canalblog.com,Non-binary,160.231.131.56
427,Tracy,Condie,tcondiebu@icio.us,Non-binary,250.26.194.89
428,Free,Rostron,frostronbv@nih.gov,Female,85.107.41.124
429,Collete,Dyke,cdykebw@wunderground.com,Polygender,190.62.1.110
430,Abby,Duffit,aduffitbx@spiegel.de,Polygender,152.117.182.221
431,Avrit,Simnell,asimnellby@mapy.cz,Non-binary,70.215.44.89
432,Niles,Skeete,nskeetebz@yandex.ru,Agender,82.31.197.228
433,Evita,Lequeux,elequeuxc0@pinterest.com,Agender,158.50.128.18
434,Veronica,Philcott,vphilcottc1@walmart.com,Male,212.128.85.178
435,Cyndy,Addess,caddessc2@reference.com,Agender,151.209.5.162
436,Tally,Wrathmell,twrathmellc3@cmu.edu,Male,222.151.163.11
437,Tirrell,Paye,tpayec4@jigsy.com,Genderfluid,176.15.143.51
438,Kalila,Giamitti,kgiamittic5@sciencedaily.com,Female,57.224.65.123
439,Cullie,Keneleyside,ckeneleysidec6@seesaa.net,Male,29.192.37.117
440,Jeane,Puleston,jpulestonc7@pinterest.com,Agender,18.36.97.29
441,Ahmad,Hinnerk,ahinnerkc8@dagondesign.com,Non-binary,170.119.73.58
442,Kathy,Alvis,kalvisc9@zimbio.com,Bigender,5.193.23.60
443,Judon,Junifer,jjuniferca@studiopress.com,Agender,249.240.125.113
444,Rodina,Brunke,rbrunkecb@clickbank.net,Bigender,3.58.66.121
445,Gayla,Akram,gakramcc@last.fm,Non-binary,168.151.15.71
446,Candra,Hirche,chirchecd@instagram.com,Bigender,210.187.195.156
447,Dana,Buie,dbuiece@geocities.com,Agender,87.54.43.155
448,Rodrique,Fayre,rfayrecf@chronoengine.com,Genderfluid,179.78.122.29
449,Albie,Guillford,aguillfordcg@ycombinator.com,Agender,7.47.163.123
450,Karolina,Falcus,kfalcusch@mlb.com,Genderfluid,217.175.140.235
451,Constancy,Orvis,corvisci@youku.com,Bigender,213.19.44.122
452,Cary,Eddicott,ceddicottcj@ycombinator.com,Bigender,178.154.13.115
453,Roddie,Cheyney,rcheyneyck@xrea.com,Bigender,209.181.225.12
454,Katey,Standingford,kstandingfordcl@example.com,Female,17.21.1.147
455,Thalia,Cockroft,tcockroftcm@umich.edu,Non-binary,137.232.76.46
456,Leeanne,Bour,lbourcn@flickr.com,Genderqueer,244.47.239.121
457,Alden,Hadleigh,ahadleighco@shutterfly.com,Bigender,102.82.110.236
458,Ade,Byre,abyrecp@goo.gl,Genderqueer,45.187.113.115
459,Kristina,Lindup,klindupcq@yolasite.com,Non-binary,60.106.171.131
460,Kelley,Kyngdon,kkyngdoncr@biglobe.ne.jp,Agender,247.120.88.80
461,Jenni,Grinter,jgrintercs@homestead.com,Non-binary,33.132.114.7
462,Xaviera,Olenikov,xolenikovct@latimes.com,Polygender,163.161.231.210
463,Alysa,Draude,adraudecu@chronoengine.com,Female,56.7.196.158
464,Katee,Gerson,kgersoncv@wiley.com,Agender,181.10.175.165
465,Koo,Dalbey,kdalbeycw@java.com,Genderfluid,23.211.68.167
466,Nolana,Treeby,ntreebycx@livejournal.com,Female,60.112.56.212
467,Crissy,Featherstonhalgh,cfeatherstonhalghcy@hp.com,Genderqueer,18.122.160.51
468,Rolph,Prynne,rprynnecz@lulu.com,Genderfluid,239.187.193.139
469,Sax,Dyet,sdyetd0@meetup.com,Polygender,89.120.73.9
470,Robb,March,rmarchd1@feedburner.com,Agender,142.202.44.205
471,Chan,Ravilious,craviliousd2@diigo.com,Agender,251.177.104.233
472,Lark,Gerasch,lgeraschd3@jugem.jp,Genderfluid,233.193.139.182
473,Orazio,Shoulders,oshouldersd4@zimbio.com,Genderfluid,224.248.161.96
474,Nadine,Mee,nmeed5@europa.eu,Polygender,10.23.30.83
475,Alys,Rymer,arymerd6@quantcast.com,Genderfluid,77.180.118.35
476,Jarad,Verbruggen,jverbruggend7@eventbrite.com,Agender,13.76.171.52
477,Gray,Matic,gmaticd8@economist.com,Non-binary,204.33.140.101
478,Pattie,Quene,pquened9@hibu.com,Bigender,60.86.142.90
479,Kissee,Sigert,ksigertda@epa.gov,Genderfluid,232.65.121.16
480,Kerry,Petto,kpettodb@themeforest.net,Bigender,85.254.26.227
481,Keenan,Buddle,kbuddledc@mit.edu,Genderqueer,252.238.55.81
482,Wes,Nizard,wnizarddd@youtube.com,Polygender,5.142.233.114
483,Bili,Coleyshaw,bcoleyshawde@vinaora.com,Polygender,196.253.200.136
484,Desiree,Eley,deleydf@stumbleupon.com,Male,251.27.224.23
485,Katlin,Huncoot,khuncootdg@thetimes.co.uk,Bigender,20.239.121.83
486,Rosabel,Phil,rphildh@webnode.com,Polygender,254.225.209.53
487,Christie,Keener,ckeenerdi@washingtonpost.com,Polygender,7.231.57.12
488,Maurene,Menel,mmeneldj@deviantart.com,Bigender,193.37.1.1
489,Amanda,Rotham,arothamdk@hud.gov,Genderqueer,231.144.126.95
490,Giavani,Reynault,greynaultdl@java.com,Agender,136.114.182.35
491,Annamarie,Joe,ajoedm@psu.edu,Agender,142.217.202.26
492,Anallise,Fuzzard,afuzzarddn@blog.com,Bigender,141.232.217.79
493,Ban,Laphorn,blaphorndo@pinterest.com,Genderfluid,122.212.230.141
494,Horten,Creedland,hcreedlanddp@instagram.com,Genderfluid,233.135.253.176
495,Sam,Castelow,scastelowdq@yelp.com,Female,74.7.26.110
496,Joanie,Molnar,jmolnardr@google.co.jp,Bigender,130.68.150.102
497,Obadias,Steanyng,osteanyngds@arizona.edu,Bigender,115.83.186.208
498,Evey,Hundall,ehundalldt@berkeley.edu,Male,192.56.67.161
499,Winthrop,Ourtic,wourticdu@msn.com,Non-binary,90.54.254.99
500,Evey,Brimman,ebrimmandv@stumbleupon.com,Polygender,183.28.134.169
501,Morganica,Cameron,mcamerondw@google.cn,Bigender,64.153.89.26
502,Mathian,Yardley,myardleydx@vinaora.com,Bigender,34.221.249.193
503,Curt,Adamowitz,cadamowitzdy@cafepress.com,Non-binary,208.158.1.16
504,Jeniffer,Stebbings,jstebbingsdz@free.fr,Bigender,109.28.213.36
505,Nolly,Ulyatt,nulyatte0@trellian.com,Polygender,24.1.251.86
506,Krysta,McCaghan,kmccaghane1@joomla.org,Agender,89.249.87.25
507,Felicity,Beagan,fbeagane2@google.com.au,Non-binary,97.212.37.254
508,Delia,Bradnock,dbradnocke3@google.cn,Male,85.249.45.114
509,Lurline,Yurasov,lyurasove4@patch.com,Genderfluid,224.141.71.160
510,Patti,Wycliff,pwycliffe5@kickstarter.com,Genderqueer,41.4.54.167
511,Marcellina,Rouch,mrouche6@hugedomains.com,Female,57.95.14.191
512,Natalya,O'Loghlen,nologhlene7@ox.ac.uk,Genderfluid,42.101.133.254
513,Kaleb,Squirrell,ksquirrelle8@sohu.com,Bigender,27.23.33.143
514,Bond,O'Shee,bosheee9@4shared.com,Genderqueer,140.86.184.202
515,Guilbert,Keems,gkeemsea@oracle.com,Genderqueer,121.200.214.131
516,Langston,Millington,lmillingtoneb@zimbio.com,Non-binary,125.253.128.145
517,Redd,Burehill,rburehillec@devhub.com,Polygender,115.184.50.60
518,Sisile,Rudland,srudlanded@nymag.com,Male,109.52.116.98
519,Ailyn,Mildmott,amildmottee@skype.com,Female,238.153.156.152
520,Lorna,Hanstock,lhanstockef@tamu.edu,Female,132.7.43.74
521,Karlan,Blackstone,kblackstoneeg@eepurl.com,Bigender,153.139.86.178
522,Hort,Cullum,hcullumeh@amazon.de,Non-binary,64.120.23.40
523,Sarena,Riggert,sriggertei@zdnet.com,Female,92.183.149.93
524,Eugen,Bengle,ebengleej@wikimedia.org,Male,150.101.62.140
525,Monti,Lewisham,mlewishamek@pagesperso-orange.fr,Bigender,103.191.222.201
526,Wileen,Aizkovitch,waizkovitchel@friendfeed.com,Agender,237.227.193.251
527,Terrence,Castanie,tcastanieem@huffingtonpost.com,Genderqueer,22.3.20.196
528,Timoteo,Gunningham,tgunninghamen@blogspot.com,Female,166.219.132.56
529,Micheline,Pingston,mpingstoneo@homestead.com,Male,124.30.94.14
530,Petr,Khomishin,pkhomishinep@upenn.edu,Female,214.146.170.255
531,Natal,Girardoni,ngirardonieq@friendfeed.com,Non-binary,50.240.211.128
532,Nichols,Lumbers,nlumberser@bluehost.com,Agender,118.141.78.123
533,Aksel,Wraighte,awraightees@about.me,Genderfluid,4.1.21.227
534,Niels,Ginsie,nginsieet@newyorker.com,Genderfluid,14.30.96.204
535,Verene,Mulqueeny,vmulqueenyeu@typepad.com,Genderfluid,228.94.82.105
536,Nowell,Dashkovich,ndashkovichev@cdbaby.com,Male,73.247.232.3
537,Hastings,Bullus,hbullusew@nba.com,Agender,104.96.48.72
538,Arabel,Wrefford,awreffordex@yellowpages.com,Polygender,154.133.123.230
539,Joella,Rubrow,jrubrowey@sourceforge.net,Genderfluid,15.29.169.151
540,Chadwick,Sedgman,csedgmanez@domainmarket.com,Genderqueer,200.150.15.226
541,Cam,Carabet,ccarabetf0@dot.gov,Polygender,121.10.68.217
542,Paddie,Wilkowski,pwilkowskif1@chronoengine.com,Male,208.144.117.50
543,Elvira,Wilhelmy,ewilhelmyf2@mediafire.com,Female,31.135.71.194
544,Rey,Allberry,rallberryf3@deliciousdays.com,Polygender,181.211.10.107
545,Donnajean,Ogus,dogusf4@weebly.com,Male,200.184.15.34
546,Gussi,Maddison,gmaddisonf5@zdnet.com,Agender,104.165.137.132
547,Carmela,Raise,craisef6@ucla.edu,Agender,120.13.220.194
548,Terri,Khosa,tkhosaf7@squidoo.com,Male,66.113.220.227
549,Burnaby,Courage,bcouragef8@icio.us,Bigender,96.13.236.3
550,Constancy,McCane,cmccanef9@geocities.jp,Genderqueer,221.186.160.146
551,Conway,Gallahar,cgallaharfa@who.int,Non-binary,171.136.146.141
552,Rube,Oldrey,roldreyfb@foxnews.com,Non-binary,131.138.195.67
553,Anson,Titcumb,atitcumbfc@gizmodo.com,Genderfluid,64.122.89.38
554,Dorolisa,Dennant,ddennantfd@squarespace.com,Male,160.144.46.179
555,Elia,Tomsett,etomsettfe@ucsd.edu,Polygender,6.69.134.152
556,Levy,Arnecke,larneckeff@dyndns.org,Genderqueer,132.218.201.249
557,Opaline,Cullip,ocullipfg@ezinearticles.com,Male,28.227.149.153
558,Jocko,Novkovic,jnovkovicfh@uiuc.edu,Bigender,40.134.198.32
559,Suzy,Shone,sshonefi@auda.org.au,Male,25.145.8.121
560,Brynn,Shepley,bshepleyfj@foxnews.com,Genderfluid,205.88.160.52
561,Adrianna,Ivanenkov,aivanenkovfk@cdbaby.com,Genderqueer,249.234.22.78
562,Kiele,Physic,kphysicfl@prnewswire.com,Agender,154.39.119.87
563,Gusella,Peirce,gpeircefm@gmpg.org,Bigender,107.243.75.191
564,Atlanta,Aronoff,aaronofffn@163.com,Male,98.112.21.151
565,Chicky,Sleet,csleetfo@blogtalkradio.com,Polygender,185.172.37.227
566,Ad,Sharrock,asharrockfp@dion.ne.jp,Genderfluid,77.226.12.213
567,Sophi,Carleton,scarletonfq@t-online.de,Polygender,194.48.35.171
568,Addy,Windsor,awindsorfr@wikimedia.org,Genderqueer,218.43.67.84
569,Bibbye,Beran,bberanfs@fc2.com,Female,212.84.250.56
570,Tessi,Hamlet,thamletft@tumblr.com,Agender,231.101.212.142
571,Bevin,Wybourne,bwybournefu@deliciousdays.com,Agender,77.5.146.229
572,Kaja,Mogie,kmogiefv@homestead.com,Polygender,235.90.144.193
573,Emelina,Sherwen,esherwenfw@icq.com,Male,188.117.250.90
574,Schuyler,Etches,setchesfx@typepad.com,Agender,107.63.108.0
575,Ermengarde,Bozward,ebozwardfy@dailymotion.com,Agender,15.225.152.7
576,Pierce,Casolla,pcasollafz@hugedomains.com,Male,234.99.111.177
577,Alfi,Cavil,acavilg0@barnesandnoble.com,Female,26.25.197.56
578,Gery,Luckman,gluckmang1@hatena.ne.jp,Genderqueer,81.146.185.139
579,Lawton,FitzAlan,lfitzalang2@independent.co.uk,Male,58.49.91.192
580,Pauly,Broadstock,pbroadstockg3@shareasale.com,Female,2.178.93.209
581,Millicent,Wyeth,mwyethg4@studiopress.com,Polygender,228.18.176.158
582,Micah,Tomczak,mtomczakg5@wisc.edu,Male,105.202.44.126
583,Remy,Yanov,ryanovg6@shinystat.com,Male,215.193.144.148
584,Emily,Greatex,egreatexg7@ibm.com,Polygender,84.165.175.26
585,Silvester,Gilyott,sgilyottg8@360.cn,Bigender,32.235.251.158
586,Jayme,Gascoine,jgascoineg9@51.la,Non-binary,71.132.194.114
587,Brunhilda,Overpool,boverpoolga@mysql.com,Genderfluid,12.145.109.160
588,Jaquelyn,Conkey,jconkeygb@usatoday.com,Genderqueer,240.51.32.162
589,Jean,Giddins,jgiddinsgc@omniture.com,Agender,43.188.93.38
590,Roanna,Haughton,rhaughtongd@booking.com,Genderqueer,173.42.234.126
591,Natal,Nerne,nnernege@hubpages.com,Male,30.76.231.223
592,Bevan,McMonnies,bmcmonniesgf@prweb.com,Bigender,8.170.14.11
593,Athene,Chasney,achasneygg@twitter.com,Agender,52.101.151.254
594,Audre,Dabs,adabsgh@uiuc.edu,Bigender,165.149.78.7
595,Gennifer,Foulcher,gfoulchergi@tmall.com,Genderfluid,91.207.142.145
596,Pepita,Blumson,pblumsongj@barnesandnoble.com,Agender,47.207.160.34
597,Cathrine,Janota,cjanotagk@nature.com,Male,151.208.181.68
598,Mercy,McGeechan,mmcgeechangl@amazonaws.com,Male,0.119.7.49
599,Alex,Gladeche,agladechegm@home.pl,Bigender,130.31.236.183
600,Rosalinde,Rosone,rrosonegn@simplemachines.org,Genderqueer,2.105.6.245
601,Carmel,Rands,crandsgo@delicious.com,Non-binary,9.210.162.24
602,Nanni,Girardy,ngirardygp@latimes.com,Non-binary,222.30.101.115
603,Marice,O' Mullane,momullanegq@ovh.net,Agender,116.239.75.111
604,Merilee,Sprigging,msprigginggr@bravesites.com,Non-binary,158.119.148.100
605,Randie,Ference,rferencegs@berkeley.edu,Female,137.91.247.228
606,Birgitta,Morgen,bmorgengt@1und1.de,Genderfluid,66.46.159.244
607,Victor,Hailwood,vhailwoodgu@mapy.cz,Bigender,84.67.230.228
608,Fleming,Flukes,fflukesgv@godaddy.com,Male,128.217.230.15
609,Melissa,Roast,mroastgw@privacy.gov.au,Agender,219.186.15.217
610,Conchita,Wintersgill,cwintersgillgx@ameblo.jp,Male,140.87.66.233
611,Brnaba,Romushkin,bromushkingy@sciencedaily.com,Female,15.24.191.202
612,Diannne,Kittle,dkittlegz@de.vu,Non-binary,191.21.14.53
613,Margie,Detoile,mdetoileh0@myspace.com,Agender,174.103.231.201
614,Estelle,Pinnell,epinnellh1@si.edu,Bigender,236.130.91.139
615,Roxie,Ferronel,rferronelh2@acquirethisname.com,Bigender,95.53.178.227
616,Drucy,Battison,dbattisonh3@accuweather.com,Female,26.41.19.119
617,Torrence,Artois,tartoish4@qq.com,Genderfluid,166.127.36.21
618,Gordy,Leed,gleedh5@thetimes.co.uk,Female,142.230.47.167
619,Cathe,McCloch,cmcclochh6@webeden.co.uk,Polygender,12.29.8.202
620,Lib,Domino,ldominoh7@berkeley.edu,Genderfluid,135.228.233.161
621,Vevay,Radish,vradishh8@360.cn,Polygender,38.31.149.78
622,Barbara-anne,Trelevan,btrelevanh9@vimeo.com,Bigender,6.77.180.164
623,Raeann,Mansour,rmansourha@opensource.org,Female,201.81.185.47
624,Mendel,Lapish,mlapishhb@comcast.net,Bigender,24.37.217.233
625,Ofilia,Mouth,omouthhc@wired.com,Agender,82.94.146.119
626,Silvester,McHenry,smchenryhd@google.cn,Bigender,162.100.5.231
627,Marven,Jindra,mjindrahe@imgur.com,Female,116.106.29.74
628,Faydra,Champneys,fchampneyshf@miitbeian.gov.cn,Female,254.57.15.216
629,Ninette,Coates,ncoateshg@usnews.com,Female,179.92.72.185
630,Yancey,Grandin,ygrandinhh@economist.com,Genderfluid,45.94.118.237
631,Darb,Acres,dacreshi@google.com,Genderfluid,7.179.17.149
632,Renato,Yuryichev,ryuryichevhj@rambler.ru,Genderfluid,85.217.139.5
633,Ailyn,Tousy,atousyhk@cnn.com,Genderqueer,1.21.119.40
634,Wendi,Shrive,wshrivehl@blogs.com,Agender,44.103.244.102
635,Kip,Kielty,kkieltyhm@mtv.com,Bigender,184.140.159.9
636,Madge,Wakely,mwakelyhn@mlb.com,Female,91.9.17.85
637,Jacklin,Pleace,jpleaceho@dyndns.org,Polygender,30.159.73.201
638,Shelba,Peirazzi,speirazzihp@mashable.com,Non-binary,146.96.104.186
639,Delinda,Romney,dromneyhq@bluehost.com,Genderqueer,82.7.252.84
640,Bethena,Palffy,bpalffyhr@wikia.com,Polygender,32.55.111.107
641,Lindie,Ayre,layrehs@google.com.hk,Agender,102.68.132.73
642,Tiffani,Seacombe,tseacombeht@dmoz.org,Polygender,132.19.103.25
643,Leeann,Hopkyns,lhopkynshu@dedecms.com,Bigender,232.2.233.155
644,Emelina,Drayn,edraynhv@blinklist.com,Genderfluid,1.146.218.99
645,Margaux,Vassar,mvassarhw@bloomberg.com,Bigender,131.64.93.171
646,Gianna,Aleixo,galeixohx@joomla.org,Female,185.63.97.67
647,Maren,Ducarne,mducarnehy@apache.org,Female,43.234.77.238
648,Maximilianus,Hagland,mhaglandhz@bigcartel.com,Female,42.253.172.219
649,Nicky,McTerlagh,nmcterlaghi0@simplemachines.org,Bigender,244.225.146.32
650,Olwen,Josefson,ojosefsoni1@nydailynews.com,Agender,129.64.26.121
651,Yale,Cochrane,ycochranei2@free.fr,Male,59.102.68.106
652,Courtnay,Commins,ccomminsi3@oracle.com,Non-binary,140.234.213.178
653,Alan,Lewis,alewisi4@sfgate.com,Female,151.43.242.220
654,Chevy,Boam,cboami5@epa.gov,Male,206.118.151.94
655,Barb,Worsalls,bworsallsi6@reuters.com,Genderqueer,191.95.120.44
656,Sophronia,Aiskrigg,saiskriggi7@geocities.jp,Agender,51.23.86.2
657,Des,Rackley,drackleyi8@archive.org,Bigender,69.174.23.222
658,Cliff,Rogez,crogezi9@wired.com,Bigender,208.2.194.64
659,Herta,Birrell,hbirrellia@com.com,Male,41.53.232.253
660,Twyla,Marrable,tmarrableib@ezinearticles.com,Genderqueer,118.77.44.181
661,Evelina,Skittreal,eskittrealic@live.com,Male,153.107.211.93
662,Lotte,Gosling,lgoslingid@zimbio.com,Genderqueer,6.18.152.72
663,Alick,Bullent,abullentie@zdnet.com,Polygender,41.21.57.131
664,Griswold,Normabell,gnormabellif@marketwatch.com,Male,190.220.148.248
665,Moyra,Derrick,mderrickig@sourceforge.net,Genderfluid,199.233.230.67
666,Robb,Raunds,rraundsih@cnet.com,Male,110.139.209.73
667,Darsey,Dows,ddowsii@privacy.gov.au,Agender,237.176.233.15
668,Cary,Kinkaid,ckinkaidij@deviantart.com,Male,34.197.196.35
669,Kylie,Glas,kglasik@geocities.jp,Non-binary,253.109.242.183
670,Blane,Somerton,bsomertonil@1688.com,Genderfluid,60.50.226.98
671,Blake,Izhaky,bizhakyim@netlog.com,Genderfluid,61.73.190.135
672,Moria,Hannigane,mhanniganein@people.com.cn,Male,182.242.56.214
673,Hershel,Pill,hpillio@yolasite.com,Polygender,55.72.166.8
674,Nessie,Malatalant,nmalatalantip@blogspot.com,Non-binary,75.94.87.224
675,Lucretia,Lent,llentiq@jimdo.com,Polygender,234.61.150.151
676,Doro,Linfitt,dlinfittir@networksolutions.com,Genderfluid,219.196.81.208
677,Xymenes,Ousbie,xousbieis@adobe.com,Male,104.123.53.216
678,Kathye,Freiberg,kfreibergit@businessweek.com,Genderqueer,220.81.216.35
679,Zena,Zecchii,zzecchiiiu@privacy.gov.au,Male,128.198.127.245
680,Madelin,Torbett,mtorbettiv@jiathis.com,Genderqueer,79.31.41.157
681,Trefor,Enriques,tenriquesiw@chron.com,Female,71.207.170.85
682,Erin,Marwick,emarwickix@amazonaws.com,Bigender,11.151.213.12
683,Hillard,Cansdell,hcansdelliy@home.pl,Bigender,203.133.7.54
684,Donn,Zold,dzoldiz@adobe.com,Agender,242.93.237.186
685,Kacey,Staden,kstadenj0@biglobe.ne.jp,Male,14.253.157.59
686,Cornelia,Darree,cdarreej1@list-manage.com,Polygender,168.218.81.125
687,Erminia,Merrien,emerrienj2@spiegel.de,Male,179.77.70.87
688,Sherill,Newlands,snewlandsj3@amazon.co.uk,Non-binary,238.205.151.1
689,Ronny,Stoddard,rstoddardj4@ow.ly,Polygender,22.89.40.131
690,Vittoria,Hirthe,vhirthej5@princeton.edu,Polygender,169.35.42.81
691,Joyce,Diviney,jdivineyj6@mapquest.com,Bigender,33.56.91.89
692,Evangelia,Garrick,egarrickj7@japanpost.jp,Genderfluid,62.98.229.206
693,Zane,Pocke,zpockej8@baidu.com,Polygender,236.110.169.164
694,Fey,Ortsmann,fortsmannj9@wp.com,Female,206.241.189.150
695,Nanette,Fawdry,nfawdryja@plala.or.jp,Female,99.134.252.53
696,Walker,Bolt,wboltjb@tuttocitta.it,Genderqueer,184.5.148.244
697,Patric,Greest,pgreestjc@wunderground.com,Genderfluid,218.135.27.229
698,Ronnica,Haskell,rhaskelljd@ihg.com,Agender,3.120.97.7
699,Vaclav,Manach,vmanachje@about.me,Genderfluid,206.169.31.185
700,Cissy,Harrowing,charrowingjf@over-blog.com,Genderfluid,224.4.232.160
701,Cecilius,Beards,cbeardsjg@usatoday.com,Male,147.135.86.32
702,Aldis,Witty,awittyjh@live.com,Genderqueer,49.202.229.63
703,Korella,Scalera,kscaleraji@nymag.com,Agender,40.104.106.203
704,Edgardo,Emmins,eemminsjj@nymag.com,Male,58.57.123.0
705,Salomon,Falla,sfallajk@guardian.co.uk,Male,66.238.197.82
706,Langston,Stickels,lstickelsjl@typepad.com,Non-binary,39.179.25.38
707,Dionis,Marchington,dmarchingtonjm@elegantthemes.com,Female,79.6.225.71
708,Meryl,Rake,mrakejn@slideshare.net,Agender,231.87.223.227
709,Aurelie,Rabbitts,arabbittsjo@yelp.com,Polygender,128.155.219.176
710,Zelig,Grimes,zgrimesjp@cafepress.com,Female,229.184.108.140
711,Dwayne,Addie,daddiejq@noaa.gov,Genderqueer,80.136.180.129
712,Karylin,Kollasch,kkollaschjr@stanford.edu,Genderqueer,2.138.81.68
713,Jillie,Valett,jvalettjs@latimes.com,Agender,63.192.231.100
714,Frank,Parkyn,fparkynjt@newyorker.com,Agender,235.184.61.198
715,Jody,Sidery,jsideryju@parallels.com,Agender,84.120.172.121
716,Simon,Dallicott,sdallicottjv@redcross.org,Agender,16.130.217.47
717,Marley,Dewsnap,mdewsnapjw@columbia.edu,Genderfluid,244.241.151.144
718,Noni,Moubray,nmoubrayjx@angelfire.com,Non-binary,136.65.213.31
719,Ame,Piburn,apiburnjy@reference.com,Non-binary,110.15.27.45
720,Crissy,Cutchee,ccutcheejz@oaic.gov.au,Male,238.187.102.255
721,Antonino,Hollingsbee,ahollingsbeek0@va.gov,Male,97.51.70.118
722,Shawna,Crean,screank1@webmd.com,Polygender,39.191.210.55
723,Turner,Vedishchev,tvedishchevk2@examiner.com,Polygender,97.153.128.169
724,Salaidh,Brawson,sbrawsonk3@4shared.com,Genderfluid,194.28.121.35
725,Kirstin,Crookshanks,kcrookshanksk4@edublogs.org,Female,31.23.210.202
726,Rutledge,Rigden,rrigdenk5@oaic.gov.au,Male,73.45.248.219
727,Norbie,Grahlmans,ngrahlmansk6@privacy.gov.au,Female,125.138.96.233
728,Crysta,Manclark,cmanclarkk7@i2i.jp,Bigender,120.169.101.3
729,Stanley,Dalgardno,sdalgardnok8@springer.com,Female,168.200.82.166
730,Sigismund,Rawlings,srawlingsk9@washingtonpost.com,Bigender,104.155.234.118
731,Georgeta,Garvie,ggarvieka@squidoo.com,Agender,36.249.160.17
732,Lalo,Ransfield,lransfieldkb@ning.com,Genderfluid,124.72.90.14
733,Christie,Ellsbury,cellsburykc@un.org,Female,254.156.38.157
734,Westleigh,Meiklam,wmeiklamkd@ucla.edu,Female,192.76.6.103
735,Nerita,Bore,nboreke@home.pl,Polygender,10.185.168.85
736,Englebert,Dufton,eduftonkf@youtu.be,Agender,143.207.207.227
737,Sander,Perrett,sperrettkg@so-net.ne.jp,Polygender,220.249.13.131
738,Gaynor,Crawcour,gcrawcourkh@creativecommons.org,Female,66.177.175.135
739,Lyndy,Pittet,lpittetki@cyberchimps.com,Polygender,252.134.214.140
740,Kaile,Atchly,katchlykj@macromedia.com,Genderfluid,123.231.194.172
741,Mahala,McQuilkin,mmcquilkinkk@cam.ac.uk,Genderqueer,73.44.181.124
742,Twyla,Whatling,twhatlingkl@123-reg.co.uk,Genderqueer,185.93.176.242
743,Augy,Hunnisett,ahunnisettkm@nps.gov,Genderqueer,154.187.109.85
744,Linea,Belbin,lbelbinkn@photobucket.com,Bigender,41.155.28.171
745,Boot,Midner,bmidnerko@ask.com,Genderqueer,190.0.213.140
746,Julienne,Massimi,jmassimikp@bloglines.com,Female,128.215.235.172
747,Lavina,Drugan,ldrugankq@infoseek.co.jp,Non-binary,30.54.103.125
748,Xylina,Lesly,xleslykr@webnode.com,Genderfluid,220.88.104.5
749,Blondy,Molian,bmolianks@huffingtonpost.com,Polygender,47.145.229.15
750,Andy,Mace,amacekt@samsung.com,Female,37.203.214.7
751,Seward,Jirzik,sjirzikku@wordpress.com,Male,50.199.23.115
752,Olga,Crinidge,ocrinidgekv@oracle.com,Non-binary,152.17.190.116
753,Amalita,Reinhard,areinhardkw@sina.com.cn,Agender,208.242.202.106
754,Cobb,Gravenall,cgravenallkx@google.com.hk,Polygender,32.97.45.174
755,Gav,Odom,godomky@elpais.com,Male,156.7.199.60
756,Cindy,Ness,cnesskz@aol.com,Non-binary,189.144.67.241
757,Alejandro,Valentine,avalentinel0@marketwatch.com,Polygender,161.103.10.32
758,Stuart,Keay,skeayl1@seattletimes.com,Agender,125.239.249.192
759,Mirilla,Lyston,mlystonl2@prweb.com,Polygender,32.31.30.59
760,Lynnet,Joerning,ljoerningl3@adobe.com,Female,44.131.9.176
761,Wolf,Gannicleff,wgannicleffl4@unesco.org,Genderfluid,205.87.251.92
762,Art,Skeffington,askeffingtonl5@simplemachines.org,Genderfluid,33.133.174.203
763,Whittaker,Cousans,wcousansl6@multiply.com,Polygender,161.202.243.240
764,Gabriele,Grieveson,ggrievesonl7@twitter.com,Genderqueer,115.20.33.49
765,Kirby,Powney,kpowneyl8@salon.com,Genderfluid,131.182.34.32
766,Tallia,Lewson,tlewsonl9@amazon.de,Polygender,31.204.143.93
767,Celka,Burley,cburleyla@cbc.ca,Polygender,71.220.117.8
768,Tyler,Rothman,trothmanlb@skyrock.com,Genderfluid,35.1.17.82
769,Englebert,Tomkowicz,etomkowiczlc@ucsd.edu,Genderfluid,40.96.6.106
770,Augustine,Sisnett,asisnettld@yolasite.com,Genderfluid,103.118.93.32
771,Jacky,Brimm,jbrimmle@instagram.com,Agender,181.165.109.15
772,Sigfrid,Gardner,sgardnerlf@alexa.com,Male,232.201.138.84
773,Lorrie,Sammars,lsammarslg@diigo.com,Non-binary,50.173.63.128
774,Dew,Broader,dbroaderlh@is.gd,Male,86.101.190.100
775,Corney,Westall,cwestallli@drupal.org,Male,167.134.113.193
776,Ilsa,Hedon,ihedonlj@google.ru,Genderfluid,87.238.53.213
777,Katlin,Bavin,kbavinlk@usgs.gov,Polygender,50.37.118.66
778,Elene,McGonigle,emcgoniglell@google.pl,Male,152.175.177.121
779,Gar,Blatherwick,gblatherwicklm@bizjournals.com,Bigender,134.237.163.135
780,Danie,Hainning,dhainningln@fotki.com,Male,77.178.38.14
781,Donn,Drewes,ddreweslo@themeforest.net,Female,63.140.91.113
782,York,Heake,yheakelp@google.co.uk,Genderfluid,210.215.137.211
783,Ulysses,Secker,useckerlq@hc360.com,Female,109.233.125.37
784,Jada,Stapleford,jstaplefordlr@google.ru,Agender,4.138.141.45
785,Kellen,Pays,kpaysls@japanpost.jp,Polygender,229.120.36.254
786,Andres,Freschi,afreschilt@dailymotion.com,Bigender,131.254.110.200
787,Maggi,Czyz,mczyzlu@cloudflare.com,Agender,122.217.97.90
788,Martha,Betun,mbetunlv@devhub.com,Agender,36.65.206.241
789,Blanca,Rothchild,brothchildlw@blogtalkradio.com,Genderfluid,56.245.196.26
790,Garwin,Guidini,gguidinilx@homestead.com,Polygender,59.193.70.68
791,Jody,Johnikin,jjohnikinly@microsoft.com,Female,19.43.149.66
792,Klarrisa,Ciccerale,kcicceralelz@army.mil,Genderfluid,183.142.238.228
793,Ardella,Lax,alaxm0@storify.com,Male,169.25.125.32
794,Trina,Till,ttillm1@devhub.com,Non-binary,158.150.22.2
795,Diego,Cowin,dcowinm2@odnoklassniki.ru,Male,102.18.184.97
796,Kimmi,Hardesty,khardestym3@devhub.com,Bigender,40.202.194.5
797,Erick,Beavon,ebeavonm4@yahoo.com,Female,225.8.129.123
798,Mariana,Coveny,mcovenym5@qq.com,Female,34.134.116.230
799,Dimitri,Iglesiaz,diglesiazm6@ca.gov,Genderfluid,141.181.23.170
800,Taffy,Speedin,tspeedinm7@addtoany.com,Female,231.110.148.109
801,Georgine,Pourvoieur,gpourvoieurm8@microsoft.com,Polygender,24.190.109.58
802,Bertie,Legges,bleggesm9@wikimedia.org,Agender,130.56.96.195
803,Addison,Longland,alonglandma@businessweek.com,Polygender,64.125.183.111
804,Hillary,Grigson,hgrigsonmb@huffingtonpost.com,Male,2.6.13.98
805,Giusto,Letson,gletsonmc@nature.com,Bigender,137.51.159.177
806,Graehme,Gopsall,ggopsallmd@nature.com,Genderqueer,181.19.66.138
807,Alverta,Bowle,abowleme@tiny.cc,Non-binary,21.126.146.166
808,Clevey,Kiellor,ckiellormf@tuttocitta.it,Bigender,246.206.229.209
809,Abra,Powder,apowdermg@oakley.com,Non-binary,169.85.12.168
810,Sal,Mackison,smackisonmh@forbes.com,Polygender,81.223.117.193
811,Timmie,Berntssen,tberntssenmi@wsj.com,Agender,84.66.147.144
812,Jehu,Lympenie,jlympeniemj@utexas.edu,Polygender,250.65.92.139
813,Alaine,Brittles,abrittlesmk@google.cn,Agender,73.82.241.223
814,Aurea,Guisler,aguislerml@bigcartel.com,Genderqueer,160.150.8.225
815,Orelle,Midgely,omidgelymm@usatoday.com,Agender,86.33.233.57
816,Sebastiano,Domney,sdomneymn@elegantthemes.com,Genderqueer,236.191.247.213
817,Armand,Drescher,adreschermo@army.mil,Agender,157.23.13.95
818,Riley,McFaul,rmcfaulmp@netscape.com,Female,31.206.16.19
819,Dane,Rielly,driellymq@yale.edu,Genderfluid,117.192.55.241
820,Mickie,Studdeard,mstuddeardmr@phpbb.com,Genderqueer,219.166.144.42
821,Thekla,Castleman,tcastlemanms@xing.com,Genderqueer,176.141.93.60
822,Evaleen,Desson,edessonmt@technorati.com,Bigender,140.135.159.94
823,Jobina,Withams,jwithamsmu@washington.edu,Genderfluid,79.29.240.82
824,Eberhard,Gammage,egammagemv@weather.com,Agender,237.213.227.187
825,Helenka,Macourek,hmacourekmw@ovh.net,Genderqueer,114.138.20.131
826,Aurelie,Crake,acrakemx@npr.org,Female,162.122.188.205
827,Audi,Walesby,awalesbymy@biblegateway.com,Bigender,143.50.95.220
828,Ansel,Cello,acellomz@cpanel.net,Bigender,84.128.41.31
829,Jemimah,Gooke,jgooken0@google.com.br,Agender,94.154.214.104
830,Aldo,Sapp,asappn1@ameblo.jp,Male,51.109.145.187
831,Hewet,Staff,hstaffn2@tinypic.com,Male,98.149.104.200
832,Martelle,Poltun,mpoltunn3@xing.com,Non-binary,154.212.36.152
833,Amalea,Grindell,agrindelln4@dell.com,Genderfluid,200.185.28.152
834,Deirdre,Dominik,ddominikn5@reddit.com,Genderfluid,68.244.68.171
835,Gregorius,Malin,gmalinn6@harvard.edu,Female,147.114.0.243
836,Vanya,Pfeuffer,vpfeuffern7@adobe.com,Genderqueer,48.228.37.231
837,Locke,Whiteford,lwhitefordn8@google.com.br,Non-binary,127.220.47.35
838,Antonia,Wiggins,awigginsn9@parallels.com,Non-binary,35.59.199.180
839,Vivianna,Codner,vcodnerna@edublogs.org,Non-binary,177.110.30.9
840,Giorgia,Ollis,gollisnb@bloomberg.com,Female,248.170.191.211
841,Reidar,Streight,rstreightnc@webeden.co.uk,Non-binary,98.175.186.180
842,Geoffry,Hickisson,ghickissonnd@merriam-webster.com,Female,239.30.171.87
843,Mick,Esslemont,messlemontne@hud.gov,Genderqueer,171.187.188.177
844,Doloritas,Yorath,dyorathnf@alibaba.com,Polygender,243.15.52.130
845,Corrie,Roggeman,croggemanng@phpbb.com,Female,175.232.187.37
846,Arney,Rowsell,arowsellnh@nytimes.com,Non-binary,60.36.232.72
847,Genna,Goom,ggoomni@wired.com,Non-binary,129.59.223.50
848,Meade,Beamish,mbeamishnj@nydailynews.com,Agender,114.136.238.2
849,Enrica,Mapplebeck,emapplebecknk@yolasite.com,Male,119.14.241.72
850,Dulcea,Haining,dhainingnl@macromedia.com,Polygender,28.43.16.186
851,Helena,Shirer,hshirernm@theguardian.com,Polygender,29.104.202.240
852,Bella,Gerdes,bgerdesnn@hao123.com,Genderqueer,135.56.81.40
853,Maxie,Gronowe,mgronoweno@icq.com,Female,218.159.119.227
854,Giff,MacAughtrie,gmacaughtrienp@aol.com,Bigender,200.136.145.80
855,Koressa,Jahnel,kjahnelnq@wunderground.com,Male,198.29.154.102
856,Eduard,Suttell,esuttellnr@godaddy.com,Polygender,233.56.2.67
857,Goddard,Haresign,gharesignns@discuz.net,Genderfluid,145.21.92.64
858,Aube,Strangward,astrangwardnt@va.gov,Female,249.209.235.154
859,Lexine,Belton,lbeltonnu@alexa.com,Bigender,123.177.77.215
860,Briney,Anning,banningnv@earthlink.net,Agender,32.222.161.123
861,Cyndia,Luckhurst,cluckhurstnw@ox.ac.uk,Male,136.4.7.47
862,Worthy,Skerm,wskermnx@vkontakte.ru,Agender,30.185.145.159
863,Luciano,Gomer,lgomerny@lycos.com,Genderfluid,229.63.62.103
864,Reed,Grocutt,rgrocuttnz@1und1.de,Genderqueer,21.203.20.157
865,Dolorita,Shapter,dshaptero0@t-online.de,Genderfluid,96.248.120.149
866,Arly,Siviour,asiviouro1@businessweek.com,Female,108.14.120.130
867,Lou,Mogford,lmogfordo2@i2i.jp,Non-binary,195.197.6.85
868,Prisca,Mickleburgh,pmickleburgho3@hexun.com,Agender,119.211.218.24
869,Sari,Aird,sairdo4@homestead.com,Female,1.49.101.13
870,Hinda,Milington,hmilingtono5@yelp.com,Polygender,250.237.119.231
871,Corrianne,Mowsdill,cmowsdillo6@wired.com,Genderqueer,45.178.217.12
872,Cam,Eakle,ceakleo7@spotify.com,Non-binary,10.33.213.196
873,Nanci,O'Sherrin,nosherrino8@domainmarket.com,Non-binary,146.27.106.17
874,Gianna,McClaurie,gmcclaurieo9@constantcontact.com,Agender,170.132.145.112
875,Vivian,Darthe,vdartheoa@dyndns.org,Genderqueer,242.255.222.154
876,Donielle,Bartolomieu,dbartolomieuob@goodreads.com,Male,184.247.186.211
877,Conn,Wolton,cwoltonoc@bloglovin.com,Agender,92.134.148.198
878,Elsey,Hawtrey,ehawtreyod@washingtonpost.com,Genderfluid,166.140.244.0
879,Harbert,Snaith,hsnaithoe@fc2.com,Polygender,74.216.185.32
880,Justine,Gallatly,jgallatlyof@hostgator.com,Male,197.101.74.108
881,Pennie,Beaushaw,pbeaushawog@patch.com,Agender,63.201.53.173
882,Adoree,Byrne,abyrneoh@xinhuanet.com,Polygender,5.76.232.88
883,Koren,Rosbrough,krosbroughoi@joomla.org,Polygender,234.225.143.63
884,Keary,Rubinowicz,krubinowiczoj@alexa.com,Polygender,204.40.87.54
885,Boy,Langtry,blangtryok@ca.gov,Genderqueer,176.66.146.82
886,Chelsae,Brelsford,cbrelsfordol@theguardian.com,Agender,9.226.246.169
887,Ginnie,Wedlock,gwedlockom@archive.org,Bigender,109.83.227.10
888,Darill,Ranking,drankingon@homestead.com,Agender,39.200.140.169
889,Margi,Wormald,mwormaldoo@flickr.com,Bigender,131.185.72.199
890,Leisha,Ciccarelli,lciccarelliop@nationalgeographic.com,Female,53.156.40.162
891,Pegeen,Mercey,pmerceyoq@alexa.com,Genderqueer,180.74.13.37
892,Sydney,Milsap,smilsapor@angelfire.com,Bigender,144.178.225.52
893,Bernita,Huntar,bhuntaros@nasa.gov,Genderqueer,120.85.81.153
894,Waring,Norrie,wnorrieot@bing.com,Agender,189.123.195.66
895,Ofelia,Louca,oloucaou@bloglovin.com,Male,26.244.44.102
896,Shaylyn,Thornham,sthornhamov@xing.com,Female,252.3.146.248
897,Glyn,Gietz,ggietzow@usa.gov,Polygender,180.239.143.24
898,Travus,Castleton,tcastletonox@addtoany.com,Genderqueer,97.253.20.27
899,Trixi,Crowdson,tcrowdsonoy@slashdot.org,Female,137.95.121.188
900,Rosa,Shakesby,rshakesbyoz@google.es,Male,231.30.52.64
901,Teresita,Thomkins,tthomkinsp0@slate.com,Non-binary,6.120.218.199
902,Querida,Stripling,qstriplingp1@fema.gov,Bigender,112.195.55.93
903,Abey,Hearst,ahearstp2@wikipedia.org,Polygender,40.155.177.102
904,Dael,Ritter,dritterp3@hao123.com,Male,66.213.232.114
905,Tailor,Edens,tedensp4@dailymail.co.uk,Female,166.56.227.235
906,Salim,Boone,sboonep5@cmu.edu,Polygender,92.224.76.8
907,Dyanne,Vallis,dvallisp6@rambler.ru,Polygender,216.93.34.104
908,Pyotr,Wassell,pwassellp7@comsenz.com,Male,85.179.47.119
909,Garwin,Daws,gdawsp8@blog.com,Bigender,95.21.208.208
910,Effie,Bonnesen,ebonnesenp9@vimeo.com,Male,113.35.218.246
911,Gusella,Prichard,gprichardpa@ted.com,Female,235.246.195.103
912,Kissiah,Winley,kwinleypb@rediff.com,Agender,232.124.31.32
913,Svend,Sutter,ssutterpc@google.it,Non-binary,149.224.169.238
914,Shurwood,Dorre,sdorrepd@altervista.org,Genderqueer,45.19.66.207
915,Gwenette,Bril,gbrilpe@uol.com.br,Agender,39.178.59.59
916,Patton,Broke,pbrokepf@ebay.co.uk,Non-binary,60.69.215.229
917,Ambrosi,Willingham,awillinghampg@wp.com,Non-binary,34.245.164.69
918,Brodie,Scase,bscaseph@mashable.com,Female,104.18.132.221
919,Gibbie,Please,gpleasepi@economist.com,Agender,14.79.56.17
920,Roobbie,Fillgate,rfillgatepj@ted.com,Agender,166.172.69.188
921,Merrie,Chooter,mchooterpk@jugem.jp,Male,103.221.117.117
922,Bridgette,Scotting,bscottingpl@networkadvertising.org,Genderqueer,199.74.244.243
923,Isa,O'Rodane,iorodanepm@hud.gov,Genderfluid,140.209.49.170
924,Sean,Dethloff,sdethloffpn@usnews.com,Polygender,126.237.151.68
925,Kati,Gutridge,kgutridgepo@google.cn,Bigender,1.60.200.197
926,Roxy,Tarbert,rtarbertpp@stumbleupon.com,Non-binary,209.9.108.67
927,Panchito,Schouthede,pschouthedepq@ocn.ne.jp,Non-binary,184.14.228.90
928,Aubrey,O'Heffernan,aoheffernanpr@ycombinator.com,Bigender,83.189.114.224
929,Nara,Upstell,nupstellps@bigcartel.com,Polygender,218.19.150.187
930,Avril,Schechter,aschechterpt@g.co,Polygender,118.48.232.163
931,Philis,Stiffell,pstiffellpu@sourceforge.net,Genderqueer,86.24.5.43
932,Dee dee,Trippack,dtrippackpv@blog.com,Genderfluid,37.138.243.162
933,Tremayne,Filippozzi,tfilippozzipw@shareasale.com,Genderqueer,126.3.242.171
934,Kristoffer,De la Barre,kdelabarrepx@latimes.com,Genderfluid,238.151.27.21
935,Jennette,Bunhill,jbunhillpy@tamu.edu,Bigender,140.245.194.45
936,Lorrayne,Colmer,lcolmerpz@whitehouse.gov,Agender,115.224.123.39
937,Ty,Trenchard,ttrenchardq0@cyberchimps.com,Agender,43.181.152.17
938,Fremont,Hlavac,fhlavacq1@thetimes.co.uk,Female,207.63.157.52
939,Morgana,Piercy,mpiercyq2@surveymonkey.com,Non-binary,77.101.41.232
940,Ashley,Kelf,akelfq3@phpbb.com,Bigender,68.122.51.109
941,Gran,Dorsett,gdorsettq4@rakuten.co.jp,Polygender,250.89.107.125
942,Maybelle,Bygrove,mbygroveq5@google.com.hk,Agender,123.102.99.94
943,Julianne,Gavey,jgaveyq6@qq.com,Agender,164.189.91.216
944,Aldon,Counsell,acounsellq7@dailymotion.com,Male,164.195.230.172
945,Mirabel,Aymer,maymerq8@printfriendly.com,Female,145.42.143.206
946,Hamilton,Paddeley,hpaddeleyq9@sfgate.com,Agender,19.138.78.126
947,Anna-diana,Barrott,abarrottqa@pen.io,Non-binary,217.18.145.177
948,Davin,Putley,dputleyqb@bloglines.com,Agender,166.37.84.10
949,Jasmin,Weekes,jweekesqc@seesaa.net,Bigender,166.182.175.94
950,Langston,Aughton,laughtonqd@homestead.com,Non-binary,117.250.134.219
951,Anallise,Franchioni,afranchioniqe@nytimes.com,Non-binary,49.70.221.123
952,June,Beedom,jbeedomqf@dedecms.com,Genderfluid,62.188.48.248
953,Stacy,Chetter,schetterqg@ifeng.com,Female,105.35.92.143
954,Madelyn,Chattaway,mchattawayqh@samsung.com,Polygender,213.125.74.96
955,Calvin,Hullins,chullinsqi@yelp.com,Female,23.171.55.71
956,Teodoor,Hort,thortqj@creativecommons.org,Male,112.246.118.53
957,Samson,Crowdson,scrowdsonqk@harvard.edu,Genderqueer,100.87.51.87
958,Tommi,Beine,tbeineql@sciencedaily.com,Male,76.85.13.87
959,Allis,Rasper,arasperqm@devhub.com,Female,182.35.147.231
960,Eirena,Eades,eeadesqn@utexas.edu,Non-binary,149.75.189.116
961,Magdalen,Panichelli,mpanichelliqo@npr.org,Non-binary,143.136.118.224
962,Dietrich,Hardingham,dhardinghamqp@marriott.com,Non-binary,230.180.61.239
963,Juli,Sor,jsorqq@npr.org,Non-binary,12.140.98.228
964,Ailina,Bernardoux,abernardouxqr@simplemachines.org,Polygender,242.156.197.136
965,Avigdor,Reardon,areardonqs@tripadvisor.com,Non-binary,76.56.228.195
966,Mathilda,Trainor,mtrainorqt@google.co.jp,Female,189.175.32.194
967,Galen,MacAughtrie,gmacaughtriequ@google.ru,Genderqueer,33.253.10.218
968,Benny,O' Concannon,boconcannonqv@psu.edu,Bigender,18.166.91.79
969,Knox,Horsted,khorstedqw@artisteer.com,Genderfluid,113.116.167.233
970,Theodora,Espin,tespinqx@hud.gov,Polygender,139.156.112.141
971,Shayne,Spellacey,sspellaceyqy@fotki.com,Female,252.36.38.200
972,Prudi,Viegas,pviegasqz@t.co,Bigender,107.217.41.34
973,Penelope,Braybrooke,pbraybrooker0@blog.com,Genderfluid,82.121.171.84
974,Luisa,Attyeo,lattyeor1@acquirethisname.com,Genderfluid,90.42.190.136
975,Shela,Dey,sdeyr2@engadget.com,Male,28.44.165.142
976,Everard,Lomond,elomondr3@shutterfly.com,Non-binary,228.39.238.50
977,Derek,Yu,dyur4@ifeng.com,Agender,226.108.179.145
978,Celestina,Sloan,csloanr5@jigsy.com,Male,25.127.169.26
979,Cindie,Johannesson,cjohannessonr6@ibm.com,Genderqueer,15.202.171.26
980,Nichol,Persey,nperseyr7@sciencedaily.com,Female,44.120.211.63
981,Verene,Pauley,vpauleyr8@google.de,Female,227.201.49.187
982,Haleigh,Weaben,hweabenr9@symantec.com,Agender,47.2.151.187
983,Fleurette,Hastewell,fhastewellra@ycombinator.com,Bigender,76.223.213.213
984,Kaylyn,Vlasenko,kvlasenkorb@hugedomains.com,Non-binary,184.156.253.91
985,Henryetta,Alfonsetti,halfonsettirc@fotki.com,Polygender,216.26.114.245
986,Darell,I'anson,diansonrd@dailymail.co.uk,Non-binary,167.106.243.167
987,Antonius,Jeandon,ajeandonre@amazon.co.jp,Male,165.210.136.255
988,Ida,Paddell,ipaddellrf@icio.us,Genderfluid,3.99.0.128
989,Michail,Crickett,mcrickettrg@ning.com,Genderfluid,57.2.94.41
990,Pattie,Benbrick,pbenbrickrh@foxnews.com,Genderqueer,87.33.53.152
991,Ilka,Mallalieu,imallalieuri@about.me,Non-binary,27.159.155.82
992,Chris,Marzelo,cmarzelorj@wordpress.com,Male,113.184.214.227
993,Everard,Malitrott,emalitrottrk@printfriendly.com,Non-binary,245.134.26.96
994,Roman,Bruntje,rbruntjerl@adobe.com,Polygender,7.12.135.117
995,Padget,Hackly,phacklyrm@gmpg.org,Female,168.233.152.88
996,Kitti,Brombell,kbrombellrn@oaic.gov.au,Genderfluid,28.18.229.196
997,Fredia,Passler,fpasslerro@etsy.com,Agender,122.203.58.214
998,Ida,Humbey,ihumbeyrp@statcounter.com,Non-binary,129.74.53.170
999,Peterus,Fancett,pfancettrq@storify.com,Non-binary,159.235.208.7
1000,Mal,Josephov,mjosephovrr@alibaba.com,Female,113.8.250.59
