id,first_name,last_name,email,gender,ip_address
1,Llywellyn,Courtier,lcourtier0@sbwire.com,Female,166.90.57.46
2,Mead,McQuillen,mmcquillen1@trellian.com,Male,19.98.59.229
3,Rafaelita,Hubbold,rhubbold2@mac.com,Genderfluid,47.160.35.86
4,Toma,Mansour,tmansour3@irs.gov,Bigender,0.229.206.159
5,Sabra,Targett,stargett4@cisco.com,Non-binary,117.182.121.228
6,Rhiamon,Smiley,rsmiley5@ameblo.jp,Genderfluid,209.61.71.152
7,Claudius,Allder,callder6@hibu.com,Agender,97.144.206.20
8,Blythe,Fadden,bfadden7@chicagotribune.com,Bigender,19.113.23.28
9,Morey,Corrie,mcorrie8@barnesandnoble.com,Male,137.241.217.240
10,Ammamaria,Colloby,acolloby9@typepad.com,Bigender,91.226.86.130
11,Ally,Balser,abalsera@mozilla.com,Genderqueer,51.254.208.150
12,Gilburt,Ornelas,gornelasb@wikia.com,Non-binary,240.49.18.170
13,Harlen,Jorat,hjoratc@joomla.org,Non-binary,235.234.102.211
14,Adamo,Isacq,aisacqd@elpais.com,Polygender,209.186.221.150
15,Wolf,Orbine,worbinee@google.it,Polygender,169.89.243.112
16,Marylee,Barette,mbarettef@virginia.edu,Polygender,59.198.181.255
17,Matt,Whapham,mwhaphamg@elpais.com,Bigender,83.65.6.133
18,Janessa,Du Hamel,jduhamelh@canalblog.com,Male,242.85.109.96
19,Bartolemo,Gemelli,bgemellii@amazonaws.com,Polygender,79.210.190.138
20,Kate,Ickov,kickovj@topsy.com,Female,198.112.56.146
21,Sofia,McInerney,smcinerneyk@wordpress.org,Male,220.49.159.52
22,Gallard,Spare,gsparel@sitemeter.com,Genderqueer,46.9.25.182
23,Ronnie,Sindle,rsindlem@geocities.com,Genderfluid,130.143.200.198
24,Glenn,Malletratt,gmalletrattn@smh.com.au,Agender,138.221.252.112
25,Arman,Merrett,amerretto@spotify.com,Male,40.170.247.80
26,Egbert,Frossell,efrossellp@edublogs.org,Genderqueer,246.150.86.172
27,Keri,Ealam,kealamq@berkeley.edu,Female,152.166.184.94
28,Amaleta,Beadles,abeadlesr@tinyurl.com,Polygender,113.16.218.98
29,Karon,Harbron,kharbrons@phoca.cz,Agender,103.238.155.243
30,Celle,Potkin,cpotkint@adobe.com,Agender,212.198.1.48
31,Yorgo,O'Sheeryne,yosheeryneu@amazon.de,Polygender,246.32.108.137
32,Gusta,Matusov,gmatusovv@hexun.com,Agender,120.66.106.169
33,Nilson,Ballston,nballstonw@etsy.com,Bigender,245.220.40.46
34,Fredrick,Griffiths,fgriffithsx@cam.ac.uk,Non-binary,83.243.138.221
35,Elysia,Chaplain,echaplainy@bloglovin.com,Polygender,206.129.207.153
36,Petronella,Lockyear,plockyearz@google.fr,Polygender,24.107.82.234
37,Heath,Smallshaw,hsmallshaw10@live.com,Agender,170.125.199.204
38,Hadrian,Fernihough,hfernihough11@quantcast.com,Female,143.17.60.184
39,Brett,Hazeldine,bhazeldine12@sina.com.cn,Agender,219.165.167.94
40,Martita,McGeaney,mmcgeaney13@ovh.net,Non-binary,119.177.160.190
41,Teresina,Venables,tvenables14@zdnet.com,Non-binary,210.66.68.150
42,Felix,Chaffyn,fchaffyn15@creativecommons.org,Non-binary,239.241.190.61
43,Jamill,Hulks,jhulks16@ox.ac.uk,Polygender,154.248.145.203
44,Collin,Messenger,cmessenger17@youku.com,Agender,234.85.92.83
45,Allayne,Cattlow,acattlow18@elegantthemes.com,Genderfluid,192.78.156.156
46,Dolly,MacMenamin,dmacmenamin19@example.com,Agender,35.122.136.96
47,Laure,Bernhardt,lbernhardt1a@amazon.de,Female,165.196.161.79
48,Mitch,Pacht,mpacht1b@jugem.jp,Bigender,181.73.79.229
49,Henrie,Nijs,hnijs1c@cdc.gov,Bigender,230.55.170.231
50,Crissie,Behne,cbehne1d@xrea.com,Genderfluid,212.145.125.227
51,Tessa,Sudell,tsudell1e@nymag.com,Genderfluid,51.228.165.124
52,Renault,Kruse,rkruse1f@go.com,Polygender,144.37.151.204
53,Zachary,Littefair,zlittefair1g@cnbc.com,Male,197.113.46.231
54,Sande,Longwood,slongwood1h@accuweather.com,Polygender,78.71.22.209
55,Ardyth,Cullabine,acullabine1i@goodreads.com,Female,104.51.68.66
56,Timmie,Beinke,tbeinke1j@biblegateway.com,Polygender,61.197.81.251
57,Tadeo,Vecard,tvecard1k@chronoengine.com,Genderfluid,91.77.88.190
58,Dido,Deble,ddeble1l@cnn.com,Female,66.23.228.127
59,Jeno,Gert,jgert1m@cnbc.com,Non-binary,92.209.93.137
60,Nikolaos,Keaveney,nkeaveney1n@devhub.com,Polygender,62.75.187.118
61,Loralee,Beushaw,lbeushaw1o@imdb.com,Genderfluid,253.245.38.151
62,Berty,Buncher,bbuncher1p@thetimes.co.uk,Male,75.161.43.116
63,Chen,Bartram,cbartram1q@php.net,Genderfluid,63.214.64.148
64,Salomone,Tirrell,stirrell1r@wufoo.com,Agender,128.167.80.203
65,Berti,Dorrance,bdorrance1s@sogou.com,Genderqueer,241.134.218.175
66,Lanni,Vasilyevski,lvasilyevski1t@salon.com,Bigender,134.196.46.243
67,Marwin,Pendrid,mpendrid1u@usgs.gov,Non-binary,100.130.98.143
68,Isabelle,Baffin,ibaffin1v@seattletimes.com,Genderfluid,241.4.234.114
69,Alexa,Hucker,ahucker1w@joomla.org,Agender,122.202.236.209
70,Amargo,Rea,area1x@mail.ru,Male,234.205.143.217
71,Ardyth,Marran,amarran1y@i2i.jp,Polygender,56.4.164.2
72,Wynnie,Fazan,wfazan1z@com.com,Genderfluid,135.215.112.99
73,Robina,Towsie,rtowsie20@archive.org,Genderqueer,69.230.125.76
74,Park,Patrono,ppatrono21@live.com,Non-binary,170.47.101.202
75,Rusty,Mulford,rmulford22@nhs.uk,Female,136.70.1.103
76,Jerry,Skittrall,jskittrall23@vkontakte.ru,Genderqueer,205.207.85.250
77,Judon,Traves,jtraves24@wordpress.com,Non-binary,128.203.214.85
78,Merissa,Yurenev,myurenev25@woothemes.com,Non-binary,60.75.233.47
79,Kim,Measen,kmeasen26@smh.com.au,Agender,248.167.173.8
80,Maire,Blose,mblose27@cornell.edu,Genderqueer,102.195.98.233
81,Elka,Shelborne,eshelborne28@cloudflare.com,Female,155.139.95.117
82,Kermy,Athowe,kathowe29@ucoz.com,Non-binary,166.58.234.252
83,Jorey,Suffe,jsuffe2a@istockphoto.com,Agender,35.96.136.64
84,Charil,Keaveney,ckeaveney2b@instagram.com,Genderfluid,7.48.15.169
85,Xylina,Kittredge,xkittredge2c@chronoengine.com,Non-binary,234.231.188.255
86,Philippe,Frise,pfrise2d@google.com.hk,Bigender,148.40.78.240
87,Atlanta,Bagby,abagby2e@hp.com,Female,214.81.59.64
88,Hewet,Pregal,hpregal2f@homestead.com,Polygender,242.51.235.37
89,Luella,Ondrak,londrak2g@cpanel.net,Bigender,22.68.240.4
90,Collette,Hambright,chambright2h@redcross.org,Genderqueer,231.145.32.165
91,Cordy,Lockyear,clockyear2i@examiner.com,Agender,188.3.58.251
92,Blayne,Blincoe,bblincoe2j@barnesandnoble.com,Polygender,166.111.135.130
93,Bertine,Burrells,bburrells2k@clickbank.net,Non-binary,43.255.210.39
94,Fairfax,Speek,fspeek2l@tripadvisor.com,Non-binary,13.135.122.116
95,Lyndsay,Jiles,ljiles2m@alibaba.com,Female,180.231.144.242
96,Larina,Kohrs,lkohrs2n@google.es,Female,238.1.212.130
97,Jae,Canet,jcanet2o@prnewswire.com,Agender,206.38.113.183
98,Payton,Seston,pseston2p@domainmarket.com,Bigender,219.197.160.27
99,Delmor,Waliszewski,dwaliszewski2q@about.me,Bigender,229.10.127.208
100,Clint,Binion,cbinion2r@ycombinator.com,Polygender,89.103.158.37
101,Cahra,Bill,cbill2s@altervista.org,Female,217.235.210.104
102,Kamillah,Goublier,kgoublier2t@yolasite.com,Non-binary,55.67.227.0
103,Fritz,Silverwood,fsilverwood2u@imgur.com,Genderfluid,178.9.125.0
104,Clair,Baumaier,cbaumaier2v@pen.io,Bigender,54.4.114.203
105,Emelina,Wildman,ewildman2w@china.com.cn,Male,37.38.80.8
106,Sandy,Mote,smote2x@t.co,Genderqueer,7.37.23.253
107,Hogan,McGivena,hmcgivena2y@bloomberg.com,Genderfluid,30.128.223.202
108,Augusta,Mangon,amangon2z@marriott.com,Polygender,65.138.53.216
109,Celene,Dunbavin,cdunbavin30@icq.com,Female,175.223.78.178
110,Giordano,Bothen,gbothen31@paginegialle.it,Bigender,12.42.201.65
111,Casey,Klimentyev,cklimentyev32@free.fr,Female,203.151.192.203
112,Niles,Cornew,ncornew33@godaddy.com,Female,157.151.66.46
113,Tan,Joost,tjoost34@dot.gov,Female,7.54.16.249
114,Eran,Fone,efone35@cyberchimps.com,Non-binary,102.69.13.72
115,Egor,Kivlin,ekivlin36@wikimedia.org,Female,139.3.137.243
116,Moishe,Jent,mjent37@xrea.com,Male,222.163.32.245
117,Costa,Fritchly,cfritchly38@unc.edu,Polygender,106.132.49.177
118,Geralda,Keatch,gkeatch39@storify.com,Agender,189.212.240.118
119,Ardys,Heeney,aheeney3a@aboutads.info,Non-binary,127.116.46.177
120,Ellissa,Beeken,ebeeken3b@spotify.com,Male,131.39.26.154
121,Mirella,Tuminini,mtuminini3c@boston.com,Non-binary,197.16.137.246
122,Orin,Clayton,oclayton3d@desdev.cn,Polygender,236.30.3.2
123,Vaughan,Mutimer,vmutimer3e@cargocollective.com,Genderfluid,66.103.194.57
124,Albertina,Bidgood,abidgood3f@dyndns.org,Non-binary,41.40.23.189
125,Kristien,Iannetti,kiannetti3g@naver.com,Male,43.133.33.51
126,Hadley,Featherstone,hfeatherstone3h@macromedia.com,Genderfluid,136.148.190.41
127,Laverne,Kiledal,lkiledal3i@ehow.com,Genderfluid,166.217.143.185
128,Fleur,Dudderidge,fdudderidge3j@baidu.com,Genderqueer,251.185.69.20
129,Sheree,Johnson,sjohnson3k@studiopress.com,Male,196.124.32.248
130,Teriann,Muckley,tmuckley3l@ehow.com,Female,192.8.206.229
131,Vilma,Lowes,vlowes3m@cpanel.net,Genderfluid,244.209.48.247
132,Beatrix,Hewertson,bhewertson3n@salon.com,Female,152.174.67.183
133,Judas,Ormiston,jormiston3o@virginia.edu,Genderqueer,54.234.22.22
134,Ricky,Melliard,rmelliard3p@squidoo.com,Polygender,249.29.54.192
135,Fredrick,Noyce,fnoyce3q@washington.edu,Agender,100.203.88.157
136,Roz,Clouston,rclouston3r@globo.com,Bigender,253.166.101.193
137,Kaylyn,Le Friec,klefriec3s@xrea.com,Genderfluid,253.214.95.33
138,Jacqueline,Castell,jcastell3t@aboutads.info,Male,221.10.185.102
139,Kassie,Bradnock,kbradnock3u@cnet.com,Female,67.102.78.65
140,Godfrey,Citrine,gcitrine3v@posterous.com,Non-binary,194.191.208.15
141,Bendix,Giottini,bgiottini3w@instagram.com,Genderfluid,18.119.17.248
142,Cleve,Boule,cboule3x@pinterest.com,Agender,255.141.126.129
143,Temp,Braban,tbraban3y@devhub.com,Genderfluid,38.224.108.7
144,Horten,Arnout,harnout3z@telegraph.co.uk,Bigender,139.146.131.128
145,Hogan,Hamson,hhamson40@flickr.com,Agender,151.226.109.157
146,Patin,Moakes,pmoakes41@ustream.tv,Genderfluid,102.144.194.160
147,Zabrina,Jacquest,zjacquest42@macromedia.com,Female,178.205.199.99
148,Rhiamon,Dumbare,rdumbare43@china.com.cn,Bigender,255.180.218.236
149,Neilla,Keggin,nkeggin44@smh.com.au,Male,190.38.254.158
150,Pattin,Swanborough,pswanborough45@reuters.com,Female,74.51.114.157
151,Jo,Noot,jnoot46@soup.io,Male,153.71.19.80
152,Gannie,Razoux,grazoux47@parallels.com,Genderfluid,206.81.203.230
153,Desiree,Ternent,dternent48@ucoz.ru,Agender,29.255.114.220
154,Carroll,Calvert,ccalvert49@linkedin.com,Male,133.145.83.38
155,Rolland,Kenyon,rkenyon4a@census.gov,Non-binary,22.68.134.195
156,Jyoti,Billany,jbillany4b@photobucket.com,Polygender,176.173.73.255
157,Theodoric,Walczynski,twalczynski4c@slideshare.net,Male,125.8.144.36
158,Israel,Sayes,isayes4d@ox.ac.uk,Female,113.74.52.50
159,Sidoney,Boyce,sboyce4e@sakura.ne.jp,Genderfluid,156.166.106.196
160,Gardy,Hallut,ghallut4f@cam.ac.uk,Non-binary,2.134.92.70
161,Blinnie,Matczak,bmatczak4g@virginia.edu,Genderqueer,61.118.169.11
162,Kellia,Goodere,kgoodere4h@edublogs.org,Genderqueer,195.193.8.81
163,Ganny,Oherlihy,goherlihy4i@nps.gov,Female,154.36.239.205
164,Pearce,Moorey,pmoorey4j@indiatimes.com,Agender,28.236.33.181
165,Iorgo,Celes,iceles4k@timesonline.co.uk,Female,217.165.196.39
166,Lyell,Branwhite,lbranwhite4l@nytimes.com,Agender,11.82.172.187
167,Nahum,Puddle,npuddle4m@utexas.edu,Genderqueer,73.23.62.42
168,Raye,Tomasz,rtomasz4n@stanford.edu,Polygender,71.205.20.55
169,Marabel,Nortcliffe,mnortcliffe4o@netlog.com,Genderfluid,142.81.220.59
170,Dorthy,Hanstock,dhanstock4p@yolasite.com,Bigender,192.215.85.17
171,Tate,Maroney,tmaroney4q@goo.ne.jp,Polygender,81.55.3.253
172,Nikkie,Fyall,nfyall4r@blogger.com,Agender,4.90.110.169
173,Penni,Stiling,pstiling4s@wired.com,Female,199.184.244.221
174,Isabelita,Laffin,ilaffin4t@wunderground.com,Genderqueer,245.14.105.177
175,Giraldo,Dine-Hart,gdinehart4u@bloglines.com,Agender,72.188.232.189
176,Carlye,Duigenan,cduigenan4v@whitehouse.gov,Genderfluid,248.103.41.252
177,Arel,Bramstom,abramstom4w@timesonline.co.uk,Male,157.161.33.56
178,Paulita,Winger,pwinger4x@comsenz.com,Male,15.196.72.61
179,Stan,Ridpath,sridpath4y@flickr.com,Polygender,131.0.176.128
180,Steward,Pilkinton,spilkinton4z@printfriendly.com,Agender,164.122.40.157
181,Willi,Izzat,wizzat50@blogs.com,Male,195.197.174.43
182,Bebe,Saladin,bsaladin51@merriam-webster.com,Polygender,146.30.111.210
183,Reggy,Cleveley,rcleveley52@1und1.de,Bigender,47.185.205.131
184,Kellby,Henmarsh,khenmarsh53@privacy.gov.au,Genderqueer,43.22.19.186
185,Gawain,Tander,gtander54@tamu.edu,Polygender,45.177.233.135
186,Shelly,Mennell,smennell55@ted.com,Bigender,59.214.235.219
187,Noah,Jeffryes,njeffryes56@google.co.uk,Bigender,220.88.167.79
188,Vita,Pauel,vpauel57@multiply.com,Agender,121.229.132.161
189,Michel,Carabet,mcarabet58@hao123.com,Non-binary,176.127.241.254
190,Cyndy,MacParlan,cmacparlan59@bizjournals.com,Genderfluid,46.16.237.201
191,Puff,Oswell,poswell5a@hibu.com,Agender,62.97.108.32
192,Marjy,McConaghy,mmcconaghy5b@wikipedia.org,Genderfluid,220.197.244.247
193,Thadeus,Piggen,tpiggen5c@networkadvertising.org,Bigender,226.54.230.141
194,Wandie,Handmore,whandmore5d@vk.com,Female,144.9.197.33
195,Mikol,Hanvey,mhanvey5e@purevolume.com,Genderfluid,17.136.235.195
196,Allis,Branford,abranford5f@spotify.com,Bigender,176.31.8.141
197,Lynsey,Aguirre,laguirre5g@guardian.co.uk,Female,147.95.68.86
198,Ahmad,Conquest,aconquest5h@51.la,Agender,255.126.128.221
199,Virgie,Blenkinship,vblenkinship5i@psu.edu,Bigender,203.173.12.236
200,Samson,Verrill,sverrill5j@geocities.jp,Male,14.87.24.103
201,Bartel,Barroux,bbarroux5k@engadget.com,Non-binary,232.221.196.131
202,Asa,Lyster,alyster5l@linkedin.com,Non-binary,162.114.105.66
203,Giralda,Brailey,gbrailey5m@youtube.com,Genderqueer,70.192.76.158
204,Beatrice,Jasper,bjasper5n@cloudflare.com,Genderfluid,87.214.152.85
205,Hollis,Ebbin,hebbin5o@tamu.edu,Genderfluid,248.109.100.78
206,Krishnah,Greir,kgreir5p@i2i.jp,Bigender,132.76.185.58
207,Viola,Handy,vhandy5q@angelfire.com,Female,185.201.111.50
208,Renate,Spiby,rspiby5r@ted.com,Female,236.181.45.99
209,Leonid,Daughtrey,ldaughtrey5s@washingtonpost.com,Non-binary,14.36.137.191
210,Jacquelyn,Micklewicz,jmicklewicz5t@cbsnews.com,Genderfluid,227.216.143.72
211,Reggy,Schoroder,rschoroder5u@1und1.de,Non-binary,35.14.99.102
212,Mignonne,Duthy,mduthy5v@sourceforge.net,Non-binary,137.142.43.146
213,Harriot,Kindon,hkindon5w@jigsy.com,Bigender,126.56.212.103
214,Mair,Jovey,mjovey5x@bloomberg.com,Agender,114.92.245.164
215,Francois,Ashington,fashington5y@goo.ne.jp,Agender,198.66.23.208
216,June,Deyenhardt,jdeyenhardt5z@cornell.edu,Agender,223.8.127.194
217,Markus,Uden,muden60@prlog.org,Genderqueer,230.125.4.252
218,Ailina,Pinhorn,apinhorn61@infoseek.co.jp,Bigender,246.128.64.77
219,Karna,Chesterton,kchesterton62@domainmarket.com,Genderqueer,186.91.48.137
220,Gauthier,McDonough,gmcdonough63@hud.gov,Non-binary,241.165.21.26
221,Emelita,Heartfield,eheartfield64@nps.gov,Bigender,221.255.206.82
222,Poul,Rowbrey,prowbrey65@scribd.com,Polygender,65.143.237.121
223,Deloria,Geeritz,dgeeritz66@bigcartel.com,Female,169.254.111.220
224,Xenia,Berthome,xberthome67@macromedia.com,Non-binary,210.95.201.21
225,Reed,Fearnill,rfearnill68@w3.org,Polygender,161.252.134.166
226,Randi,Swede,rswede69@sciencedaily.com,Polygender,149.158.171.39
227,Dannel,Amys,damys6a@narod.ru,Male,82.43.142.192
228,Vinni,Ricca,vricca6b@arstechnica.com,Genderfluid,174.113.162.3
229,Erwin,Moncey,emoncey6c@biblegateway.com,Genderqueer,8.5.212.121
230,Cherie,Orred,corred6d@indiegogo.com,Bigender,105.43.229.128
231,Jeannine,Smith,jsmith6e@gravatar.com,Bigender,16.65.182.182
232,Gavra,Cail,gcail6f@google.com,Polygender,75.217.5.184
233,Frazier,Gair,fgair6g@latimes.com,Genderfluid,242.109.143.43
234,Luis,Edney,ledney6h@parallels.com,Non-binary,100.87.142.187
235,Willow,Ellens,wellens6i@yellowbook.com,Non-binary,71.172.152.173
236,Rodger,Peealess,rpeealess6j@guardian.co.uk,Male,67.156.113.127
237,Shalne,Doldon,sdoldon6k@com.com,Bigender,13.233.99.106
238,Karia,Hardage,khardage6l@sbwire.com,Polygender,129.190.38.243
239,Levon,Staining,lstaining6m@accuweather.com,Genderfluid,31.100.127.89
240,Ted,Hame,thame6n@wsj.com,Genderqueer,247.89.197.155
241,Viva,Skentelbury,vskentelbury6o@google.fr,Bigender,5.11.18.58
242,Lauree,Negal,lnegal6p@google.de,Bigender,24.93.177.215
243,Klemens,Allain,kallain6q@examiner.com,Female,22.154.189.92
244,Gearard,Marczyk,gmarczyk6r@google.ru,Genderqueer,41.14.59.63
245,Reiko,MacGowing,rmacgowing6s@mail.ru,Male,107.61.152.10
246,Moyna,Caley,mcaley6t@miitbeian.gov.cn,Male,109.36.209.226
247,Augustine,Gremain,agremain6u@skyrock.com,Polygender,187.69.60.188
248,Archambault,Neville,aneville6v@mail.ru,Female,78.150.207.6
249,Carmine,Tutsell,ctutsell6w@hud.gov,Genderqueer,163.10.146.124
250,Bradley,ffrench Beytagh,bffrenchbeytagh6x@ftc.gov,Genderfluid,230.3.40.13
251,Tait,Polden,tpolden6y@seattletimes.com,Male,195.210.163.234
252,Robbie,Needs,rneeds6z@xinhuanet.com,Genderfluid,120.183.171.46
253,Gavan,Livermore,glivermore70@goodreads.com,Non-binary,111.218.155.91
254,Doloritas,Cordy,dcordy71@mail.ru,Agender,228.133.51.177
255,Aymer,McGuire,amcguire72@cbslocal.com,Bigender,246.60.196.113
256,Blakelee,Cloney,bcloney73@ustream.tv,Genderqueer,180.133.224.74
257,Jessalin,Emmert,jemmert74@oaic.gov.au,Male,74.201.101.152
258,Joelie,Hast,jhast75@moonfruit.com,Bigender,18.187.12.237
259,Mel,Jarmaine,mjarmaine76@admin.ch,Bigender,186.113.151.201
260,Ramsey,Danilchev,rdanilchev77@vimeo.com,Non-binary,57.5.224.231
261,Gavan,Swain,gswain78@webs.com,Bigender,181.223.127.134
262,Yancy,McCullock,ymccullock79@indiegogo.com,Polygender,126.179.55.68
263,Robin,Wessell,rwessell7a@cbslocal.com,Polygender,124.158.177.170
264,Ly,Chadderton,lchadderton7b@shutterfly.com,Genderfluid,65.197.76.64
265,Algernon,Pepall,apepall7c@slideshare.net,Agender,49.208.173.158
266,Bayard,Cronin,bcronin7d@xrea.com,Genderqueer,185.88.145.16
267,Lind,Plester,lplester7e@goodreads.com,Bigender,42.227.18.94
268,Thadeus,Darlington,tdarlington7f@amazon.co.uk,Non-binary,223.137.255.175
269,Giorgio,Braid,gbraid7g@amazon.co.uk,Genderqueer,37.93.93.175
270,Waring,LaBastida,wlabastida7h@un.org,Non-binary,87.65.44.228
271,Jelene,Davidde,jdavidde7i@artisteer.com,Genderqueer,197.104.152.161
272,Casar,Guilayn,cguilayn7j@blog.com,Genderfluid,17.102.158.201
273,Dinnie,Edler,dedler7k@ebay.com,Agender,228.68.11.116
274,Abey,Fortie,afortie7l@admin.ch,Female,192.161.129.32
275,Linzy,Slowly,lslowly7m@linkedin.com,Genderqueer,165.142.145.122
276,Garwood,Blaxeland,gblaxeland7n@symantec.com,Genderqueer,110.58.181.74
277,Kristina,Dessant,kdessant7o@answers.com,Agender,225.91.173.230
278,Carter,Schusterl,cschusterl7p@java.com,Bigender,144.130.58.157
279,Brittan,Haslen,bhaslen7q@who.int,Polygender,149.22.36.24
280,Vania,Diglin,vdiglin7r@cbc.ca,Male,13.214.219.56
281,Franny,Presdie,fpresdie7s@rakuten.co.jp,Male,180.39.219.169
282,Kinnie,Rens,krens7t@engadget.com,Male,146.73.189.249
283,Falito,De Caroli,fdecaroli7u@howstuffworks.com,Agender,81.16.159.238
284,Reggie,Toombes,rtoombes7v@cbc.ca,Agender,33.95.255.164
285,Malachi,Greated,mgreated7w@ezinearticles.com,Non-binary,31.248.250.170
286,Neddy,Rowbrey,nrowbrey7x@shop-pro.jp,Genderqueer,13.245.178.74
287,Kimbell,Hosten,khosten7y@tripadvisor.com,Polygender,242.185.242.252
288,Karlik,Booi,kbooi7z@nature.com,Bigender,14.11.218.22
289,Philippine,Sinton,psinton80@opensource.org,Genderfluid,150.29.9.227
290,Janaya,Yablsley,jyablsley81@noaa.gov,Genderfluid,65.18.166.246
291,Jeane,Lamperti,jlamperti82@businessweek.com,Female,52.175.25.103
292,Yolanthe,Knok,yknok83@vinaora.com,Bigender,139.97.228.80
293,Marina,Pittaway,mpittaway84@php.net,Polygender,84.173.249.8
294,Karyn,Nials,knials85@example.com,Male,36.70.111.133
295,Toddy,Mac,tmac86@npr.org,Female,133.253.203.26
296,Maressa,Robbeke,mrobbeke87@statcounter.com,Female,226.75.76.9
297,Herold,Chinnock,hchinnock88@archive.org,Agender,158.16.209.204
298,Amberly,Baughn,abaughn89@indiatimes.com,Agender,195.208.211.211
299,Ambrosius,Von Oertzen,avonoertzen8a@biblegateway.com,Genderfluid,144.111.192.183
300,Erma,Collison,ecollison8b@paginegialle.it,Female,204.216.74.233
301,Giuseppe,Keepence,gkeepence8c@squidoo.com,Agender,144.35.205.159
302,Hubie,Lenney,hlenney8d@discovery.com,Polygender,123.139.233.169
303,Jordain,Brunskill,jbrunskill8e@zimbio.com,Agender,142.160.222.168
304,Fanechka,Farquharson,ffarquharson8f@wsj.com,Polygender,194.247.240.155
305,Rhys,Tonge,rtonge8g@goo.gl,Non-binary,75.150.168.130
306,Rosemarie,Dyte,rdyte8h@wsj.com,Male,25.207.167.242
307,Sasha,Masseo,smasseo8i@epa.gov,Genderfluid,194.48.146.218
308,Danie,Heaysman,dheaysman8j@alibaba.com,Non-binary,167.95.68.252
309,Maryl,Dayton,mdayton8k@thetimes.co.uk,Agender,9.0.25.179
310,Dexter,Hares,dhares8l@drupal.org,Polygender,211.153.85.164
311,Willa,Hussy,whussy8m@ask.com,Genderfluid,137.167.203.133
312,Ody,Fawcus,ofawcus8n@ehow.com,Non-binary,208.212.180.183
313,Holly,Waeland,hwaeland8o@ed.gov,Genderfluid,65.40.184.222
314,Thomasa,Tomkiss,ttomkiss8p@chronoengine.com,Genderfluid,59.230.131.126
315,Dexter,Zettler,dzettler8q@examiner.com,Non-binary,49.147.199.68
316,Chloe,Rothwell,crothwell8r@npr.org,Bigender,66.242.93.196
317,Quinlan,Zwicker,qzwicker8s@hugedomains.com,Polygender,217.161.33.189
318,Cull,Santhouse,csanthouse8t@networkadvertising.org,Agender,49.13.4.232
319,Drusie,Kalker,dkalker8u@hud.gov,Polygender,4.37.212.172
320,Lotti,Tevlin,ltevlin8v@ted.com,Genderqueer,71.35.115.49
321,Bryce,McCrackan,bmccrackan8w@rambler.ru,Female,209.2.238.102
322,Elnore,Blanchette,eblanchette8x@netscape.com,Agender,192.163.118.163
323,Codi,Kinde,ckinde8y@nifty.com,Genderqueer,137.23.247.177
324,Eleanora,Jordin,ejordin8z@pcworld.com,Polygender,188.130.155.194
325,Bartholomeus,Portman,bportman90@sfgate.com,Agender,141.172.165.21
326,Koo,Maher,kmaher91@altervista.org,Male,45.184.129.230
327,Leif,Oxbe,loxbe92@last.fm,Genderfluid,207.15.51.197
328,Rosalia,Dinzey,rdinzey93@storify.com,Genderqueer,247.203.97.186
329,Horst,Thams,hthams94@dedecms.com,Bigender,18.126.103.20
330,Noell,Irving,nirving95@mediafire.com,Genderfluid,147.236.231.25
331,Gaston,Dargue,gdargue96@imageshack.us,Male,244.146.245.248
332,Kiel,Fellis,kfellis97@google.ru,Polygender,213.133.73.14
333,Isabelita,Booy,ibooy98@nba.com,Non-binary,118.5.153.136
334,Izaak,Spandley,ispandley99@linkedin.com,Female,213.216.13.100
335,Brande,Crasford,bcrasford9a@blogger.com,Genderfluid,226.151.54.185
336,Miltie,O'Hannigan,mohannigan9b@cocolog-nifty.com,Bigender,208.78.175.212
337,Jeno,Purselowe,jpurselowe9c@ustream.tv,Female,80.110.183.202
338,Elene,McBride,emcbride9d@webnode.com,Bigender,35.52.209.237
339,Madelina,Woolf,mwoolf9e@geocities.jp,Polygender,174.208.210.133
340,Mychal,Arro,marro9f@nature.com,Bigender,129.120.113.220
341,Reggi,Jayes,rjayes9g@mac.com,Female,95.160.160.12
342,Zeb,Jasik,zjasik9h@engadget.com,Agender,26.43.224.30
343,Susannah,Guillet,sguillet9i@wikimedia.org,Agender,77.179.146.88
344,Hillyer,McCurry,hmccurry9j@ask.com,Polygender,34.10.47.11
345,Anitra,Warlton,awarlton9k@vk.com,Non-binary,64.153.235.242
346,Zollie,Robertet,zrobertet9l@mit.edu,Agender,137.32.168.117
347,Rustie,Pettendrich,rpettendrich9m@google.fr,Genderfluid,52.201.84.245
348,Marcus,Nowill,mnowill9n@qq.com,Genderfluid,134.69.69.242
349,Reg,Hansard,rhansard9o@elpais.com,Genderqueer,160.53.244.105
350,Marcellina,Extil,mextil9p@artisteer.com,Bigender,119.7.218.182
351,Mercy,Tinkler,mtinkler9q@parallels.com,Bigender,232.131.79.138
352,Farley,Druhan,fdruhan9r@g.co,Non-binary,251.109.100.228
353,Tamarra,Kinrade,tkinrade9s@senate.gov,Genderqueer,118.8.19.165
354,Karel,Milroy,kmilroy9t@blogspot.com,Bigender,134.226.190.147
355,Rivkah,Longfield,rlongfield9u@cornell.edu,Polygender,218.198.245.59
356,Francene,Avrahm,favrahm9v@dot.gov,Non-binary,106.41.244.50
357,Dalli,Lundbeck,dlundbeck9w@tinypic.com,Polygender,47.63.162.103
358,Daryle,Jeannet,djeannet9x@wsj.com,Female,192.230.188.6
359,Velvet,Pocock,vpocock9y@harvard.edu,Polygender,37.83.131.30
360,Cymbre,Osmon,cosmon9z@state.tx.us,Agender,168.174.219.179
361,Arel,Kettlestringes,akettlestringesa0@bbb.org,Bigender,239.191.69.185
362,Dulcine,Hyam,dhyama1@yahoo.com,Male,116.234.174.244
363,Penelope,Corain,pcoraina2@netlog.com,Agender,188.104.93.191
364,Gnni,Ridgeway,gridgewaya3@vimeo.com,Non-binary,64.189.91.255
365,Marillin,Starmore,mstarmorea4@independent.co.uk,Agender,160.243.12.28
366,Clement,Henstone,chenstonea5@shop-pro.jp,Genderqueer,144.61.42.72
367,Shannon,Ingolotti,singolottia6@dailymotion.com,Polygender,252.147.47.93
368,Amy,Firminger,afirmingera7@webmd.com,Polygender,35.80.179.227
369,Ephraim,Hartfield,ehartfielda8@aboutads.info,Polygender,160.198.60.89
370,Victor,Thickens,vthickensa9@theglobeandmail.com,Genderqueer,145.75.177.29
371,Channa,Crossman,ccrossmanaa@dailymail.co.uk,Genderqueer,206.27.43.215
372,Sianna,Alfwy,salfwyab@npr.org,Agender,218.158.101.208
373,Maybelle,Attwater,mattwaterac@umich.edu,Non-binary,195.119.198.65
374,Jerrilyn,Warlowe,jwarlowead@go.com,Non-binary,17.82.36.56
375,Katina,Reddie,kreddieae@sciencedirect.com,Genderfluid,94.92.153.244
376,Sasha,Gannaway,sgannawayaf@columbia.edu,Agender,125.157.159.251
377,Vivian,Westlake,vwestlakeag@nsw.gov.au,Bigender,229.0.239.234
378,Dorthy,Pusill,dpusillah@google.com.hk,Bigender,247.173.16.14
379,Ingelbert,Nibloe,inibloeai@moonfruit.com,Non-binary,227.120.68.174
380,Farrel,Floris,fflorisaj@cbsnews.com,Genderfluid,127.121.37.88
381,Zebadiah,Sleath,zsleathak@ezinearticles.com,Agender,54.121.75.232
382,Hewie,Goodbarne,hgoodbarneal@example.com,Bigender,98.149.164.33
383,Pepillo,Quant,pquantam@elegantthemes.com,Non-binary,242.89.74.231
384,Andeee,Veque,avequean@fastcompany.com,Genderqueer,201.120.120.173
385,Seana,Frankiewicz,sfrankiewiczao@biblegateway.com,Genderqueer,141.113.71.189
386,Marchall,McAlindon,mmcalindonap@studiopress.com,Bigender,2.230.238.32
387,Sofia,Oakinfold,soakinfoldaq@weibo.com,Genderqueer,86.57.1.204
388,Rochester,Goldsmith,rgoldsmithar@creativecommons.org,Male,224.75.154.236
389,Susy,Vass,svassas@princeton.edu,Agender,151.86.237.39
390,Hymie,Courtonne,hcourtonneat@free.fr,Female,200.151.82.154
391,Norry,Gallihaulk,ngallihaulkau@dedecms.com,Genderqueer,50.134.71.179
392,Faber,Moro,fmoroav@wikipedia.org,Genderqueer,172.17.216.83
393,Lian,Cartwight,lcartwightaw@indiatimes.com,Female,103.129.120.161
394,Alexandro,Howarth,ahowarthax@cnn.com,Polygender,105.56.184.155
395,Kerrie,Gerger,kgergeray@ustream.tv,Bigender,124.117.132.98
396,Vanya,Wallbanks,vwallbanksaz@google.fr,Female,167.140.220.243
397,Ario,Parkey,aparkeyb0@live.com,Polygender,110.63.217.222
398,Crichton,Camili,ccamilib1@blogger.com,Male,148.43.227.8
399,Isador,Roskilly,iroskillyb2@hibu.com,Polygender,208.113.40.110
400,Chane,Clampin,cclampinb3@cnn.com,Agender,101.254.249.108
401,Penelopa,Jecks,pjecksb4@topsy.com,Bigender,49.88.162.182
402,Jenifer,McTrustey,jmctrusteyb5@tumblr.com,Polygender,105.235.173.173
403,Anallise,Gossop,agossopb6@privacy.gov.au,Agender,103.85.3.8
404,Gregory,Sharnock,gsharnockb7@japanpost.jp,Female,249.11.95.171
405,Niles,Papaccio,npapacciob8@nba.com,Polygender,246.69.207.204
406,Ashlin,Menat,amenatb9@flavors.me,Non-binary,164.189.183.125
407,Bard,Berthelet,bbertheletba@ft.com,Genderfluid,209.213.124.196
408,Concordia,Allanson,callansonbb@sbwire.com,Male,6.156.89.165
409,Ania,Barends,abarendsbc@sciencedaily.com,Non-binary,6.244.96.191
410,Franzen,Geraghty,fgeraghtybd@edublogs.org,Genderqueer,226.7.143.209
411,Vernon,Szimoni,vszimonibe@vistaprint.com,Agender,105.255.35.118
412,Leanora,Donnel,ldonnelbf@globo.com,Polygender,115.94.106.196
413,Garv,Olenin,goleninbg@wikipedia.org,Genderfluid,69.19.16.147
414,Marjory,Roman,mromanbh@moonfruit.com,Polygender,41.217.30.181
415,Mackenzie,Marielle,mmariellebi@marketwatch.com,Male,43.31.200.41
416,Kurtis,Denial,kdenialbj@ning.com,Non-binary,48.171.6.188
417,Ede,Carslake,ecarslakebk@hibu.com,Polygender,89.31.82.101
418,Rebekkah,Eshelby,reshelbybl@answers.com,Non-binary,215.236.29.20
419,Marita,Beldom,mbeldombm@loc.gov,Genderfluid,114.84.253.201
420,Izzy,Vlies,ivliesbn@ocn.ne.jp,Non-binary,87.151.161.176
421,Esme,Bennie,ebenniebo@mashable.com,Female,33.138.155.97
422,Cam,Santo,csantobp@weather.com,Agender,26.248.119.226
423,Ollie,Gladbach,ogladbachbq@eepurl.com,Agender,76.66.44.112
424,Bowie,MacCoughen,bmaccoughenbr@networksolutions.com,Non-binary,16.77.145.110
425,Mela,Moizer,mmoizerbs@pen.io,Polygender,102.244.16.157
426,Clarie,Elion,celionbt@google.cn,Agender,152.121.54.8
427,Nichols,Ennew,nennewbu@hc360.com,Genderfluid,85.113.235.27
428,Madelene,Bratch,mbratchbv@reddit.com,Genderqueer,194.80.142.212
429,Karen,Biddwell,kbiddwellbw@psu.edu,Genderfluid,116.223.58.165
430,Ada,Leppo,aleppobx@altervista.org,Non-binary,208.158.144.186
431,Osbert,Soans,osoansby@a8.net,Male,89.138.145.40
432,Doe,Bulter,dbulterbz@cafepress.com,Polygender,37.79.63.121
433,Ammamaria,Marran,amarranc0@yellowbook.com,Bigender,128.205.207.42
434,Amara,Halesworth,ahalesworthc1@theguardian.com,Bigender,163.5.97.64
435,Alane,Brunet,abrunetc2@ft.com,Bigender,113.171.145.12
436,Alix,Friman,afrimanc3@gravatar.com,Bigender,8.189.70.123
437,Fawnia,Ferrini,fferrinic4@vistaprint.com,Non-binary,158.83.161.239
438,Datha,Keays,dkeaysc5@4shared.com,Non-binary,239.94.175.239
439,Fayina,Gloster,fglosterc6@wunderground.com,Genderqueer,27.216.146.191
440,Kent,Cancellario,kcancellarioc7@1und1.de,Agender,219.230.171.177
441,Addie,Donet,adonetc8@dyndns.org,Female,63.37.185.254
442,Holly,Muzzini,hmuzzinic9@uiuc.edu,Bigender,191.210.89.88
443,Bernita,Ind,bindca@i2i.jp,Female,255.89.239.183
444,Demott,Gower,dgowercb@washingtonpost.com,Non-binary,98.31.175.75
445,Val,Ceyssen,vceyssencc@i2i.jp,Female,174.79.188.120
446,Gweneth,Squibbes,gsquibbescd@infoseek.co.jp,Genderqueer,218.74.132.112
447,Early,Stocker,estockerce@4shared.com,Non-binary,125.216.96.4
448,Alysia,Cutten,acuttencf@weebly.com,Female,25.203.214.199
449,Earvin,Eagers,eeagerscg@w3.org,Female,242.235.23.68
450,Delano,Potbury,dpotburych@over-blog.com,Genderfluid,34.88.86.134
451,Evangeline,McCurtain,emccurtainci@ezinearticles.com,Bigender,47.15.176.227
452,Leoline,Gartland,lgartlandcj@independent.co.uk,Polygender,106.7.11.163
453,Quillan,Donaghie,qdonaghieck@wix.com,Genderfluid,185.101.113.221
454,Nolana,Janton,njantoncl@naver.com,Genderqueer,46.17.119.131
455,Natalee,Ioselevich,nioselevichcm@dyndns.org,Genderfluid,73.61.242.126
456,Edwina,Chadbourn,echadbourncn@over-blog.com,Agender,237.103.33.219
457,Brion,Besse,bbesseco@blogspot.com,Male,30.207.103.147
458,Yoko,Bark,ybarkcp@freewebs.com,Non-binary,185.146.239.106
459,Giselle,Panter,gpantercq@netlog.com,Non-binary,192.243.79.23
460,Constantia,Abramamov,cabramamovcr@msn.com,Agender,44.164.39.114
461,Meryl,Craghead,mcragheadcs@example.com,Genderfluid,90.13.111.8
462,Genevieve,Mitchelmore,gmitchelmorect@skyrock.com,Polygender,179.78.178.13
463,Nataline,de Tocqueville,ndetocquevillecu@exblog.jp,Genderfluid,90.124.128.145
464,Wade,Sheard,wsheardcv@dailymotion.com,Genderfluid,226.214.17.137
465,Glennis,Plowes,gplowescw@fema.gov,Non-binary,236.66.124.153
466,Cathryn,Shawel,cshawelcx@canalblog.com,Agender,21.60.203.121
467,Halette,Cawte,hcawtecy@pagesperso-orange.fr,Non-binary,198.27.67.236
468,Corinna,Minichi,cminichicz@mtv.com,Polygender,196.85.228.11
469,Raymund,Radborne,rradborned0@army.mil,Male,164.28.1.216
470,Miller,Wigglesworth,mwigglesworthd1@columbia.edu,Female,166.34.195.83
471,Keven,McGiffie,kmcgiffied2@forbes.com,Female,77.242.44.199
472,Sharla,Jodlkowski,sjodlkowskid3@drupal.org,Genderqueer,146.131.198.44
473,Karina,Ferrar,kferrard4@columbia.edu,Genderqueer,217.212.135.61
474,Cris,Millgate,cmillgated5@loc.gov,Non-binary,5.207.230.111
475,Bria,Vogl,bvogld6@ucla.edu,Bigender,214.49.252.217
476,Travers,Fursey,tfurseyd7@scientificamerican.com,Male,253.89.100.161
477,Flory,Vian,fviand8@hhs.gov,Agender,242.114.128.135
478,Kaitlin,Talbot,ktalbotd9@github.com,Polygender,64.106.236.235
479,Johny,Meachan,jmeachanda@sciencedaily.com,Non-binary,103.103.171.109
480,Merwyn,Jiras,mjirasdb@creativecommons.org,Genderqueer,176.83.219.239
481,Clerkclaude,Romeo,cromeodc@i2i.jp,Polygender,143.40.63.3
482,Elliot,Sisse,esissedd@pbs.org,Polygender,73.76.66.175
483,Aloysius,Ammer,aammerde@wordpress.com,Non-binary,172.7.93.54
484,Riane,Bizzey,rbizzeydf@hatena.ne.jp,Male,41.145.89.142
485,Desi,Georgiades,dgeorgiadesdg@aol.com,Agender,124.35.243.219
486,Janek,Goodger,jgoodgerdh@netscape.com,Bigender,92.255.64.224
487,Zachariah,Claye,zclayedi@springer.com,Male,209.189.146.225
488,Romy,Astill,rastilldj@e-recht24.de,Genderqueer,162.33.138.161
489,Ramon,Shubotham,rshubothamdk@statcounter.com,Genderqueer,115.192.129.223
490,Letta,Do Rosario,ldorosariodl@soup.io,Female,73.133.154.199
491,Leonidas,Celand,lcelanddm@etsy.com,Genderfluid,223.30.20.55
492,Corinne,Wardrope,cwardropedn@netlog.com,Polygender,221.157.172.8
493,Myles,Woehler,mwoehlerdo@qq.com,Agender,46.68.167.62
494,Vern,Haill,vhailldp@surveymonkey.com,Bigender,25.178.141.196
495,Buckie,Erington,beringtondq@dyndns.org,Genderqueer,252.141.37.242
496,Ali,Thorrold,athorrolddr@eepurl.com,Agender,99.26.145.105
497,Denise,Keach,dkeachds@goo.gl,Genderqueer,70.2.254.248
498,Danyelle,Eddis,deddisdt@biblegateway.com,Genderfluid,235.159.93.255
499,Dorotea,Titmuss,dtitmussdu@cbslocal.com,Genderfluid,48.215.24.85
500,Nada,Bevir,nbevirdv@nps.gov,Agender,60.176.243.22
501,Bogart,Spence,bspencedw@uiuc.edu,Agender,148.135.210.15
502,Shurwood,Kay,skaydx@army.mil,Agender,41.20.101.131
503,Emyle,Sasser,esasserdy@home.pl,Bigender,159.41.152.191
504,Thomas,Rablen,trablendz@merriam-webster.com,Polygender,226.125.178.145
505,Jermaine,Younghusband,jyounghusbande0@pinterest.com,Female,219.200.106.54
506,Nyssa,Loweth,nlowethe1@nbcnews.com,Polygender,135.35.172.141
507,Corny,Sola,csolae2@prlog.org,Agender,108.81.201.240
508,Jarrod,Laity,jlaitye3@pen.io,Genderfluid,202.204.192.135
509,Wilfrid,Ockenden,wockendene4@flavors.me,Male,78.251.237.57
510,Delcine,Brennan,dbrennane5@wordpress.com,Genderfluid,246.74.241.141
511,Melisande,Tilly,mtillye6@ft.com,Genderfluid,131.58.33.11
512,Evelina,Tayler,etaylere7@prweb.com,Non-binary,186.250.236.67
513,Dominic,Tarpey,dtarpeye8@clickbank.net,Non-binary,221.206.132.199
514,Shane,Hattiff,shattiffe9@deviantart.com,Polygender,223.95.142.145
515,Angelita,Gatherer,agathererea@wisc.edu,Polygender,73.35.229.55
516,Westley,Jupe,wjupeeb@usnews.com,Non-binary,4.43.120.101
517,Birgit,Farnan,bfarnanec@elpais.com,Genderqueer,182.230.105.239
518,Yancey,Wybron,ywybroned@answers.com,Non-binary,253.143.235.24
519,Lombard,Leagas,lleagasee@pagesperso-orange.fr,Female,93.130.243.116
520,Yvon,Storrah,ystorrahef@theguardian.com,Male,135.187.37.22
521,Gav,Van Driel,gvandrieleg@icq.com,Bigender,183.38.185.76
522,Eldridge,Radden,eraddeneh@nyu.edu,Male,3.23.198.207
523,Burnaby,Ashbe,bashbeei@wisc.edu,Bigender,205.215.238.67
524,Minne,Regnard,mregnardej@youku.com,Non-binary,232.86.137.175
525,Emmalee,Fehely,efehelyek@home.pl,Non-binary,132.66.169.120
526,Serge,Bingley,sbingleyel@youku.com,Polygender,204.124.182.64
527,Tonye,McAlester,tmcalesterem@rambler.ru,Female,234.182.91.103
528,Muriel,Heijne,mheijneen@furl.net,Polygender,176.10.46.19
529,Sheila-kathryn,Plaister,splaistereo@lycos.com,Agender,160.109.116.209
530,Virgil,Greenig,vgreenigep@cbc.ca,Non-binary,99.24.209.34
531,Ly,Bradly,lbradlyeq@soundcloud.com,Bigender,34.158.21.35
532,Marilin,MattiCCI,mmatticcier@sciencedaily.com,Bigender,109.105.17.213
533,Elwira,Doerling,edoerlinges@marriott.com,Genderqueer,166.210.48.246
534,Doretta,Bottjer,dbottjeret@ucoz.com,Male,79.81.31.64
535,Sydelle,Spira,sspiraeu@desdev.cn,Female,154.129.55.186
536,Inigo,Mertin,imertinev@quantcast.com,Female,219.45.167.171
537,Gibb,Slaight,gslaightew@pagesperso-orange.fr,Genderqueer,229.199.37.170
538,Curr,Minshall,cminshallex@telegraph.co.uk,Bigender,124.224.128.39
539,Billye,Partkya,bpartkyaey@amazon.com,Genderfluid,119.230.223.68
540,Brett,Laughlin,blaughlinez@bluehost.com,Female,172.116.148.140
541,Nerita,Mendoza,nmendozaf0@goo.ne.jp,Non-binary,96.118.23.155
542,Rainer,Follan,rfollanf1@amazon.co.jp,Genderqueer,73.60.227.15
543,Byrom,Mockes,bmockesf2@blinklist.com,Agender,18.15.95.179
544,Harmony,Sandell,hsandellf3@blog.com,Non-binary,100.238.223.144
545,Harriot,Powdrell,hpowdrellf4@networksolutions.com,Polygender,114.16.18.25
546,Maurise,Brayford,mbrayfordf5@trellian.com,Bigender,56.5.51.47
547,Valaree,Caldero,vcalderof6@ifeng.com,Non-binary,114.216.210.107
548,Aeriela,Le Ball,aleballf7@histats.com,Genderfluid,10.4.154.201
549,Garrott,Railton,grailtonf8@hexun.com,Female,0.20.154.146
550,Andie,De Marchi,ademarchif9@seesaa.net,Female,94.196.152.165
551,Electra,Fryers,efryersfa@yellowpages.com,Bigender,245.238.65.156
552,Tate,Graver,tgraverfb@alexa.com,Male,28.138.108.100
553,Killian,Stichel,kstichelfc@prlog.org,Non-binary,125.157.241.33
554,Coralie,Kelshaw,ckelshawfd@washingtonpost.com,Polygender,9.26.64.112
555,Crista,Medway,cmedwayfe@salon.com,Agender,224.148.249.88
556,Hildy,Batten,hbattenff@mapy.cz,Bigender,195.102.242.52
557,Dinny,Troop,dtroopfg@bing.com,Bigender,1.239.46.90
558,Cyrill,Beccero,cbeccerofh@marketwatch.com,Non-binary,76.113.31.123
559,Haskel,Caddick,hcaddickfi@hatena.ne.jp,Polygender,51.121.5.219
560,Keary,Clackers,kclackersfj@google.nl,Genderfluid,153.156.135.49
561,Drucie,Curd,dcurdfk@icio.us,Female,79.133.157.100
562,Tasia,Shalloo,tshalloofl@prnewswire.com,Female,103.188.203.119
563,Jackson,Latter,jlatterfm@desdev.cn,Agender,29.58.8.105
564,Gannon,McQuarrie,gmcquarriefn@imgur.com,Genderqueer,213.35.25.202
565,Ramsey,Stiffkins,rstiffkinsfo@berkeley.edu,Male,4.91.5.102
566,Konrad,Hammelberg,khammelbergfp@blogspot.com,Non-binary,15.230.126.76
567,Casandra,Lavigne,clavignefq@google.pl,Genderqueer,33.104.133.205
568,Rozalie,Clausen-Thue,rclausenthuefr@google.cn,Male,17.233.8.135
569,Max,Beauchamp,mbeauchampfs@netlog.com,Agender,123.70.162.195
570,Ivette,Anfosso,ianfossoft@altervista.org,Male,153.176.253.218
571,Harry,Bowers,hbowersfu@foxnews.com,Agender,102.80.19.0
572,Lauri,Gainsboro,lgainsborofv@typepad.com,Female,22.207.85.148
573,Margi,Ranscomb,mranscombfw@cbc.ca,Agender,24.215.26.161
574,Franz,Stenbridge,fstenbridgefx@phpbb.com,Non-binary,242.165.38.244
575,Ulick,Best,ubestfy@ucsd.edu,Male,115.35.160.22
576,Vidovik,Breed,vbreedfz@ucoz.com,Polygender,120.78.99.223
577,Maurise,Treadway,mtreadwayg0@telegraph.co.uk,Agender,180.246.90.185
578,Casandra,Colbourne,ccolbourneg1@mail.ru,Polygender,27.105.230.97
579,Kathleen,Fraschini,kfraschinig2@paginegialle.it,Polygender,92.65.81.217
580,Carlota,Edgerly,cedgerlyg3@irs.gov,Non-binary,243.193.163.113
581,Nichol,Eady,neadyg4@ox.ac.uk,Bigender,123.229.213.203
582,Desdemona,Morad,dmoradg5@facebook.com,Genderfluid,131.109.9.159
583,Iorgo,Barnewell,ibarnewellg6@themeforest.net,Female,10.24.229.46
584,Adriana,Hegg,aheggg7@1688.com,Genderfluid,145.243.71.221
585,Anny,Elletson,aelletsong8@com.com,Female,213.59.236.126
586,Lemuel,Giottoi,lgiottoig9@telegraph.co.uk,Genderfluid,210.151.16.243
587,Dasya,Kiffe,dkiffega@1688.com,Bigender,129.90.83.160
588,Holmes,Callf,hcallfgb@jalbum.net,Polygender,187.133.0.72
589,Astra,Romanski,aromanskigc@constantcontact.com,Agender,226.108.235.35
590,Raphael,Aloshkin,raloshkingd@archive.org,Non-binary,28.251.250.95
591,Tresa,Sibille,tsibillege@narod.ru,Genderfluid,168.131.183.13
592,Ashby,Lethabridge,alethabridgegf@slate.com,Non-binary,13.210.249.6
593,Reamonn,Baike,rbaikegg@last.fm,Male,87.75.45.236
594,Fanni,Clements,fclementsgh@mlb.com,Female,128.82.186.66
595,Gerta,Fernandes,gfernandesgi@chicagotribune.com,Male,158.142.201.25
596,Granville,McGuinness,gmcguinnessgj@phoca.cz,Female,237.107.138.117
597,Yoshiko,Blais,yblaisgk@edublogs.org,Male,137.56.71.222
598,Gabe,Canland,gcanlandgl@twitpic.com,Non-binary,154.219.209.86
599,Royal,Cambling,rcamblinggm@ovh.net,Bigender,223.75.236.72
600,Angela,Sharple,asharplegn@tuttocitta.it,Polygender,212.110.6.252
601,Granger,Areles,garelesgo@odnoklassniki.ru,Polygender,104.61.9.118
602,Montgomery,Ransley,mransleygp@macromedia.com,Male,118.133.72.19
603,Alaine,Thirkettle,athirkettlegq@gmpg.org,Polygender,1.97.182.185
604,Ferrell,Rising,frisinggr@miitbeian.gov.cn,Genderqueer,90.99.190.108
605,Bartholemy,Heinish,bheinishgs@latimes.com,Agender,7.1.18.248
606,Anjanette,Le Cornu,alecornugt@cargocollective.com,Non-binary,18.76.47.14
607,Dianna,Shingles,dshinglesgu@scribd.com,Genderfluid,148.213.180.85
608,Hyacinth,Locke,hlockegv@i2i.jp,Genderqueer,106.196.76.119
609,Connor,Hayes,chayesgw@arstechnica.com,Genderfluid,103.185.52.76
610,Seline,de Broke,sdebrokegx@comcast.net,Female,207.245.111.18
611,Dugald,Iglesia,diglesiagy@auda.org.au,Polygender,27.119.200.7
612,Artemus,Lantiffe,alantiffegz@bigcartel.com,Male,197.38.195.22
613,Joela,Hogsden,jhogsdenh0@sitemeter.com,Bigender,184.217.238.63
614,Mara,MacVagh,mmacvaghh1@fastcompany.com,Non-binary,246.20.10.178
615,Lorie,Matzen,lmatzenh2@tumblr.com,Polygender,4.128.193.239
616,Kynthia,Ludee,kludeeh3@cnn.com,Male,66.248.190.36
617,Brandais,Dyet,bdyeth4@cnbc.com,Polygender,22.30.137.29
618,Jacky,Kingsnod,jkingsnodh5@craigslist.org,Female,41.58.216.92
619,Delaney,Coplestone,dcoplestoneh6@wisc.edu,Male,170.142.80.209
620,Tades,Nibloe,tnibloeh7@hc360.com,Non-binary,164.124.102.74
621,Faber,MacGarrity,fmacgarrityh8@oaic.gov.au,Agender,39.117.6.86
622,Fernande,Shoebottom,fshoebottomh9@whitehouse.gov,Genderfluid,39.218.225.151
623,Jeremie,Carus,jcarusha@mail.ru,Female,5.147.188.143
624,Ali,Volett,avoletthb@examiner.com,Polygender,50.185.13.82
625,Abagael,Fossett,afossetthc@cam.ac.uk,Male,181.148.94.19
626,Maje,Sabban,msabbanhd@simplemachines.org,Genderfluid,102.110.242.239
627,Chelsy,Stonman,cstonmanhe@adobe.com,Male,162.100.224.195
628,Bucky,Boulstridge,bboulstridgehf@merriam-webster.com,Polygender,69.161.110.117
629,Onfre,Shipway,oshipwayhg@blinklist.com,Polygender,197.198.67.124
630,Carolyne,Chippin,cchippinhh@quantcast.com,Agender,133.30.67.95
631,Kele,Paradin,kparadinhi@storify.com,Bigender,180.35.200.234
632,Rancell,Mourant,rmouranthj@lulu.com,Agender,209.132.45.141
633,Lacey,Boater,lboaterhk@nasa.gov,Female,130.66.9.15
634,Alina,Vaz,avazhl@fastcompany.com,Genderqueer,14.220.171.41
635,Alameda,Hillan,ahillanhm@admin.ch,Bigender,132.157.216.17
636,Donal,Hrinishin,dhrinishinhn@arstechnica.com,Agender,95.223.106.238
637,Othilia,Dix,odixho@abc.net.au,Genderqueer,110.184.151.163
638,Dicky,Band,dbandhp@dyndns.org,Polygender,131.159.162.17
639,Nesta,Edmonson,nedmonsonhq@comcast.net,Genderfluid,82.63.6.207
640,Shaylyn,Gillise,sgillisehr@google.com.hk,Agender,174.56.252.77
641,Dominique,Boss,dbosshs@wiley.com,Male,38.46.26.240
642,Beau,Badby,bbadbyht@google.nl,Non-binary,71.174.67.66
643,Kayla,Klouz,kklouzhu@reddit.com,Bigender,26.178.178.66
644,Stephannie,Snell,ssnellhv@jiathis.com,Bigender,129.122.151.125
645,Renelle,Stirrup,rstirruphw@pbs.org,Genderfluid,198.26.121.36
646,Celestine,Ferrero,cferrerohx@bluehost.com,Agender,214.81.176.219
647,Georgia,Sapauton,gsapautonhy@wikia.com,Non-binary,144.249.176.51
648,Lyssa,Stanford,lstanfordhz@myspace.com,Genderfluid,233.184.187.25
649,Timofei,Troyes,ttroyesi0@yahoo.co.jp,Agender,223.49.152.0
650,Hartley,Hinksen,hhinkseni1@spiegel.de,Polygender,77.74.167.109
651,Ophelia,Gildersleeve,ogildersleevei2@mozilla.org,Genderqueer,176.237.85.150
652,Ethelred,Amsberger,eamsbergeri3@oakley.com,Genderqueer,62.27.78.208
653,Moina,Janning,mjanningi4@phoca.cz,Polygender,110.135.59.142
654,Carree,Inchbald,cinchbaldi5@hexun.com,Bigender,22.112.171.65
655,Emerson,Spriggin,espriggini6@blogspot.com,Bigender,82.69.248.87
656,Analise,Kime,akimei7@artisteer.com,Agender,23.135.84.242
657,Omar,Rugg,oruggi8@cisco.com,Male,211.73.139.20
658,Chaddy,Hargate,chargatei9@amazon.com,Bigender,230.122.63.213
659,Eva,Brignall,ebrignallia@jiathis.com,Genderqueer,96.75.209.156
660,Cori,Cornau,ccornauib@netscape.com,Genderqueer,252.152.24.103
661,Xerxes,Kestian,xkestianic@usatoday.com,Polygender,131.0.138.120
662,Putnem,Bazylets,pbazyletsid@ox.ac.uk,Non-binary,103.186.133.3
663,Thacher,Salsbury,tsalsburyie@oaic.gov.au,Bigender,130.103.229.10
664,Pier,Nutkin,pnutkinif@earthlink.net,Polygender,21.21.236.40
665,Orion,Sirmond,osirmondig@examiner.com,Non-binary,182.212.123.217
666,Murvyn,Routham,mrouthamih@google.pl,Agender,95.53.126.162
667,Yuri,Berisford,yberisfordii@csmonitor.com,Agender,43.148.148.100
668,Gustav,Patrick,gpatrickij@mysql.com,Genderqueer,40.252.7.12
669,Barrie,Dabbs,bdabbsik@mail.ru,Non-binary,191.77.212.177
670,Scotti,Collin,scollinil@1und1.de,Non-binary,255.166.119.247
671,Laurella,Cranshaw,lcranshawim@mail.ru,Non-binary,199.123.24.3
672,Goldina,Vardon,gvardonin@cbsnews.com,Male,77.61.90.125
673,Harmonia,Ovid,hovidio@sfgate.com,Female,38.173.230.128
674,Lizabeth,Padson,lpadsonip@nyu.edu,Genderqueer,246.61.14.241
675,Annelise,Wilcinskis,awilcinskisiq@npr.org,Polygender,12.163.200.46
676,Teena,Heersema,theersemair@angelfire.com,Polygender,198.203.68.64
677,Kellia,Halsworth,khalsworthis@sun.com,Polygender,135.11.149.217
678,Estelle,Dudman,edudmanit@nasa.gov,Male,15.24.8.222
679,Livy,Ingman,lingmaniu@eventbrite.com,Genderqueer,38.177.68.127
680,Thurstan,Wilbor,twilboriv@harvard.edu,Bigender,55.224.199.245
681,Rosamond,Coxall,rcoxalliw@usa.gov,Male,2.26.52.210
682,Chico,Goodinge,cgoodingeix@cmu.edu,Genderfluid,127.127.232.66
683,Opaline,Saiz,osaiziy@cdc.gov,Polygender,149.4.144.36
684,Lauraine,Heard,lheardiz@tumblr.com,Agender,149.171.1.37
685,Jo-anne,Royans,jroyansj0@state.tx.us,Genderfluid,216.222.146.52
686,Davy,Millgate,dmillgatej1@springer.com,Non-binary,24.94.192.60
687,Dannel,Evetts,devettsj2@woothemes.com,Genderfluid,14.48.15.85
688,Gabbi,Checchetelli,gchecchetellij3@sfgate.com,Female,19.0.20.248
689,Jean,Jakoubec,jjakoubecj4@cmu.edu,Bigender,77.167.171.253
690,Herta,O'Shevlin,hoshevlinj5@zimbio.com,Male,41.101.36.117
691,Lek,MacFarlane,lmacfarlanej6@amazon.de,Male,42.58.128.172
692,Buckie,Batistelli,bbatistellij7@blogtalkradio.com,Male,164.123.16.76
693,Cynthea,LeEstut,cleestutj8@bloglines.com,Genderfluid,203.189.88.236
694,Jarrad,Crawcour,jcrawcourj9@histats.com,Agender,122.181.45.170
695,Kenyon,Pead,kpeadja@alibaba.com,Polygender,127.202.156.88
696,Berke,Smythe,bsmythejb@myspace.com,Agender,211.47.90.183
697,Hewett,Cramond,hcramondjc@e-recht24.de,Genderfluid,131.201.26.101
698,Friedrich,Anespie,fanespiejd@spiegel.de,Non-binary,150.160.240.48
699,Oliviero,Harteley,oharteleyje@360.cn,Non-binary,81.109.204.3
700,Grete,Giorgini,ggiorginijf@usa.gov,Bigender,242.124.46.237
701,Veradis,Gluyas,vgluyasjg@ucoz.ru,Female,142.108.8.85
702,Lynett,Tal,ltaljh@ow.ly,Bigender,11.244.162.189
703,Caressa,Laye,clayeji@boston.com,Male,158.234.109.168
704,Gwynne,Litherborough,glitherboroughjj@cafepress.com,Female,141.124.99.5
705,Ibby,Idenden,iidendenjk@jalbum.net,Male,139.144.178.181
706,Osmund,Loggie,ologgiejl@cdbaby.com,Polygender,178.240.250.153
707,Veronica,Iacobassi,viacobassijm@nih.gov,Bigender,227.241.189.183
708,Bond,Birk,bbirkjn@foxnews.com,Male,155.10.74.37
709,Tito,Furmagier,tfurmagierjo@cdbaby.com,Polygender,124.139.222.160
710,Yul,Trenbay,ytrenbayjp@si.edu,Genderqueer,70.158.142.221
711,Orin,Cregan,ocreganjq@sfgate.com,Agender,79.144.5.57
712,Farly,Arkley,farkleyjr@simplemachines.org,Genderqueer,91.154.189.139
713,Dana,Wondraschek,dwondraschekjs@icq.com,Male,233.38.13.46
714,Ari,Zold,azoldjt@addthis.com,Genderqueer,248.79.2.130
715,Nobie,Pounds,npoundsju@ucoz.ru,Non-binary,230.234.234.28
716,Leroy,Cirlos,lcirlosjv@wikimedia.org,Bigender,38.95.95.167
717,Maria,Dewbury,mdewburyjw@tripod.com,Bigender,33.169.253.83
718,Ollie,Youens,oyouensjx@ucla.edu,Non-binary,178.108.69.196
719,Anabelle,McAndie,amcandiejy@wunderground.com,Bigender,43.10.2.178
720,Randolf,Files,rfilesjz@soundcloud.com,Agender,71.158.108.2
721,Clevey,Rove,crovek0@ed.gov,Genderfluid,161.139.149.243
722,Penni,Coburn,pcoburnk1@google.com.au,Non-binary,254.13.180.23
723,Gun,Goward,ggowardk2@wordpress.com,Male,29.147.127.211
724,Selie,Bruno,sbrunok3@ucoz.ru,Genderqueer,163.39.150.208
725,Kerry,Collin,kcollink4@jimdo.com,Genderqueer,213.169.55.193
726,Kenton,Raynton,krayntonk5@blog.com,Polygender,46.14.80.157
727,Susette,Rozanski,srozanskik6@scribd.com,Non-binary,30.138.86.124
728,Meara,Huddart,mhuddartk7@washington.edu,Polygender,108.206.49.45
729,Dianna,Scurlock,dscurlockk8@feedburner.com,Male,37.60.142.104
730,Ricoriki,Russilll,rrussilllk9@apple.com,Agender,149.210.115.29
731,Charity,Hufton,chuftonka@indiegogo.com,Genderfluid,123.208.116.194
732,Lorette,Romayne,lromaynekb@patch.com,Genderfluid,3.157.82.101
733,Bartholomeo,Barajaz,bbarajazkc@mayoclinic.com,Female,179.56.122.35
734,Monica,McCreary,mmccrearykd@facebook.com,Polygender,195.136.93.252
735,Nerita,Crannach,ncrannachke@wsj.com,Agender,147.75.146.240
736,Melisent,Harmer,mharmerkf@indiatimes.com,Genderqueer,59.7.201.175
737,Randi,Geater,rgeaterkg@cmu.edu,Non-binary,103.171.183.132
738,Sheila-kathryn,Castrillo,scastrillokh@netlog.com,Bigender,7.10.193.119
739,Milka,Fildes,mfildeski@google.pl,Agender,72.244.206.61
740,Anatollo,Watterson,awattersonkj@wikia.com,Female,213.224.246.225
741,Lanni,Gyer,lgyerkk@theatlantic.com,Male,57.203.89.26
742,Claudius,Doding,cdodingkl@spotify.com,Genderfluid,51.106.70.55
743,Selig,Mattschas,smattschaskm@deliciousdays.com,Genderqueer,38.130.46.73
744,Rollin,Romero,rromerokn@yelp.com,Genderqueer,112.126.55.247
745,Bellina,Vail,bvailko@paginegialle.it,Genderqueer,65.79.7.187
746,Annaliese,Boylan,aboylankp@163.com,Female,174.234.243.106
747,Amalie,Ainslee,aainsleekq@live.com,Polygender,213.8.104.188
748,D'arcy,Timmis,dtimmiskr@narod.ru,Polygender,33.80.4.94
749,Lottie,Faucett,lfaucettks@ed.gov,Bigender,101.124.100.164
750,Hedvige,Enticott,henticottkt@storify.com,Bigender,140.157.216.147
751,Percy,Adamik,padamikku@answers.com,Agender,87.21.163.216
752,Trip,Struther,tstrutherkv@vkontakte.ru,Male,91.184.211.179
753,Rachele,Trustie,rtrustiekw@miibeian.gov.cn,Genderqueer,90.217.110.221
754,Barbra,Ogles,bogleskx@gravatar.com,Genderqueer,7.208.57.117
755,Waldon,Arendsen,warendsenky@yahoo.com,Genderqueer,188.71.249.104
756,Early,MacSkeaghan,emacskeaghankz@house.gov,Polygender,12.79.229.68
757,Morie,Massot,mmassotl0@xinhuanet.com,Non-binary,22.26.45.130
758,Martainn,Claus,mclausl1@microsoft.com,Genderqueer,190.97.219.220
759,Arvy,Matasov,amatasovl2@ask.com,Non-binary,2.233.87.211
760,Fernando,Orta,fortal3@xing.com,Female,90.17.32.45
761,Margi,Kroger,mkrogerl4@sciencedirect.com,Non-binary,198.254.193.104
762,Idette,Madill,imadilll5@samsung.com,Male,43.166.187.64
763,Marketa,Harnes,mharnesl6@imgur.com,Genderfluid,249.14.144.0
764,Celestyna,Cooling,ccoolingl7@scribd.com,Genderqueer,58.44.44.38
765,Goldarina,Hayward,ghaywardl8@sitemeter.com,Genderfluid,97.134.232.126
766,Padget,Ithell,pithelll9@jugem.jp,Genderfluid,184.149.178.223
767,Gabbi,Pamment,gpammentla@hibu.com,Genderfluid,64.155.251.241
768,Rhodia,Habden,rhabdenlb@behance.net,Bigender,186.187.52.39
769,Maddy,Allenby,mallenbylc@networkadvertising.org,Agender,78.27.199.175
770,Tommy,Piggin,tpigginld@diigo.com,Non-binary,223.104.2.88
771,Kat,Bridgwood,kbridgwoodle@army.mil,Non-binary,213.121.237.103
772,Wilmette,Sharrock,wsharrocklf@dell.com,Agender,22.229.128.163
773,Lynette,Trusler,ltruslerlg@nps.gov,Bigender,5.140.161.147
774,Harwell,Shapero,hshaperolh@123-reg.co.uk,Male,192.145.207.157
775,Molli,Kingswood,mkingswoodli@acquirethisname.com,Genderqueer,70.120.28.106
776,Gratia,Isacq,gisacqlj@clickbank.net,Genderfluid,146.47.250.16
777,Amity,Morewood,amorewoodlk@google.de,Agender,22.196.0.34
778,Nita,Sebring,nsebringll@weibo.com,Female,112.174.3.24
779,Benito,Briand,bbriandlm@mapquest.com,Agender,36.75.12.243
780,Reta,Redford,rredfordln@mysql.com,Polygender,160.228.183.48
781,Peggy,Van Ross,pvanrosslo@hp.com,Bigender,60.2.120.223
782,Georg,Tithecote,gtithecotelp@spiegel.de,Bigender,213.76.35.231
783,Kris,Ferro,kferrolq@ft.com,Genderqueer,224.135.135.61
784,Florence,Renahan,frenahanlr@bloglovin.com,Non-binary,228.145.225.92
785,Wenda,Jatczak,wjatczakls@loc.gov,Genderqueer,203.132.220.203
786,Deanna,Mansfield,dmansfieldlt@aboutads.info,Polygender,109.213.221.46
787,Pearla,Laverick,plavericklu@latimes.com,Male,156.16.200.216
788,Tyson,Germaine,tgermainelv@infoseek.co.jp,Genderfluid,169.241.139.61
789,Alvin,Spridgen,aspridgenlw@blog.com,Female,193.146.231.18
790,Herman,Duckett,hduckettlx@craigslist.org,Female,199.94.14.60
791,Millard,Dooley,mdooleyly@angelfire.com,Male,109.153.18.37
792,Warden,Flewan,wflewanlz@utexas.edu,Genderqueer,10.96.229.28
793,Aidan,Docket,adocketm0@people.com.cn,Genderqueer,225.134.148.101
794,Melamie,Deyes,mdeyesm1@nyu.edu,Polygender,75.85.210.115
795,Amelia,Jack,ajackm2@uiuc.edu,Bigender,29.88.146.35
796,Wren,Woodhead,wwoodheadm3@nydailynews.com,Polygender,44.64.130.117
797,Steward,Crocetti,scrocettim4@nyu.edu,Genderqueer,81.139.12.186
798,Nikolaus,Isacoff,nisacoffm5@cloudflare.com,Genderfluid,244.252.25.243
799,Dollie,Scott,dscottm6@lulu.com,Genderfluid,32.179.181.159
800,Dita,Studdeard,dstuddeardm7@state.gov,Non-binary,91.212.91.23
801,Kriste,Bazely,kbazelym8@independent.co.uk,Agender,191.230.84.41
802,Suki,Moggle,smogglem9@wired.com,Male,31.12.211.238
803,Rosette,Sarton,rsartonma@discuz.net,Bigender,5.157.4.101
804,Talbert,Harbottle,tharbottlemb@dot.gov,Polygender,203.226.13.29
805,Erika,McEwen,emcewenmc@google.co.uk,Genderfluid,126.136.175.104
806,Deborah,Juara,djuaramd@zdnet.com,Polygender,237.51.73.109
807,Noble,Edler,nedlerme@ucoz.com,Genderqueer,240.144.58.75
808,Manda,Eyles,meylesmf@ezinearticles.com,Polygender,203.0.157.144
809,Reynolds,Van Arsdalen,rvanarsdalenmg@wp.com,Genderqueer,151.255.181.64
810,Kipp,Soltan,ksoltanmh@cam.ac.uk,Male,140.250.175.56
811,Robena,Lottrington,rlottringtonmi@dyndns.org,Female,62.109.147.22
812,Carlo,Bathersby,cbathersbymj@g.co,Genderqueer,177.65.158.236
813,Reyna,Chauvey,rchauveymk@weibo.com,Female,83.147.202.44
814,Willi,Simons,wsimonsml@t-online.de,Male,94.19.224.178
815,Orelle,Penritt,openrittmm@cafepress.com,Agender,235.85.2.219
816,Lauri,Gulleford,lgullefordmn@drupal.org,Genderqueer,232.123.223.130
817,Philip,Scollan,pscollanmo@house.gov,Polygender,99.246.159.141
818,Fransisco,Burkinshaw,fburkinshawmp@dedecms.com,Genderqueer,236.102.90.138
819,Bentlee,Mozzi,bmozzimq@ox.ac.uk,Bigender,118.247.74.20
820,Donaugh,Winkett,dwinkettmr@uol.com.br,Genderfluid,251.250.218.212
821,Laurella,Blair,lblairms@vk.com,Polygender,87.106.69.188
822,Kalie,Slane,kslanemt@webeden.co.uk,Agender,202.93.44.229
823,Erik,Cohan,ecohanmu@illinois.edu,Female,16.177.215.185
824,Natalina,McClymont,nmcclymontmv@sohu.com,Female,232.49.238.227
825,Celinka,Bristoe,cbristoemw@google.cn,Genderfluid,223.216.135.182
826,Selle,Clemmitt,sclemmittmx@blog.com,Male,143.13.138.35
827,Dulsea,Toll,dtollmy@cmu.edu,Male,127.170.126.147
828,Vitoria,Eshmade,veshmademz@fema.gov,Male,207.158.145.8
829,Bevin,Whipp,bwhippn0@state.tx.us,Female,42.40.3.154
830,Camilla,Proven,cprovenn1@google.com,Non-binary,110.147.43.221
831,Tana,LLelweln,tllelwelnn2@plala.or.jp,Female,31.169.95.49
832,Adolph,Skelly,askellyn3@printfriendly.com,Polygender,133.150.153.250
833,Derek,Moylane,dmoylanen4@ft.com,Male,10.153.33.170
834,Andrus,Thicking,athickingn5@army.mil,Polygender,212.57.122.51
835,Lianne,Matzl,lmatzln6@globo.com,Polygender,68.6.112.80
836,Evelyn,Strahan,estrahann7@mail.ru,Bigender,20.170.167.170
837,Brunhilde,Dagger,bdaggern8@wunderground.com,Agender,93.50.251.42
838,Bern,Alibone,balibonen9@blogspot.com,Male,77.228.134.107
839,Tate,Mapledoore,tmapledoorena@themeforest.net,Agender,157.205.87.128
840,Riannon,Grimes,rgrimesnb@domainmarket.com,Non-binary,61.79.147.173
841,Stillmann,Sirl,ssirlnc@vinaora.com,Bigender,18.238.158.14
842,Vanni,Greenrde,vgreenrdend@1688.com,Male,103.39.76.217
843,Clara,Poplee,cpopleene@qq.com,Agender,210.166.147.168
844,Tammi,Boffey,tboffeynf@networksolutions.com,Female,164.156.11.3
845,Norah,Arent,narentng@list-manage.com,Male,101.166.14.143
846,Maddalena,Tolle,mtollenh@abc.net.au,Non-binary,223.57.87.100
847,Danny,Dracey,ddraceyni@mysql.com,Genderfluid,214.210.55.186
848,Nicolle,Elderton,neldertonnj@weebly.com,Agender,35.15.184.241
849,Kamillah,McGinley,kmcginleynk@issuu.com,Female,174.184.1.237
850,Andris,Basant,abasantnl@ucsd.edu,Non-binary,93.138.203.91
851,Florri,Kinastan,fkinastannm@google.com,Agender,209.237.46.165
852,Emilio,Kryszka,ekryszkann@altervista.org,Genderfluid,176.13.193.111
853,Blithe,Mullord,bmullordno@soundcloud.com,Male,188.159.230.150
854,Wiley,Fache,wfachenp@vk.com,Agender,249.47.125.237
855,Brice,Ferne,bfernenq@harvard.edu,Genderfluid,7.236.106.182
856,Mano,Vinnicombe,mvinnicombenr@unblog.fr,Bigender,5.167.109.254
857,Barthel,McDaid,bmcdaidns@miibeian.gov.cn,Female,230.173.32.110
858,Hale,Cran,hcrannt@msn.com,Male,184.223.78.39
859,Carlota,Baumer,cbaumernu@slashdot.org,Bigender,242.229.7.216
860,Erny,Will,ewillnv@home.pl,Male,255.248.15.53
861,Cleon,Huckerbe,chuckerbenw@spotify.com,Male,147.246.66.236
862,Teodor,Twelftree,ttwelftreenx@buzzfeed.com,Genderfluid,131.165.56.223
863,Quentin,Dalmon,qdalmonny@ask.com,Polygender,232.64.0.213
864,Tanner,Rivallant,trivallantnz@apache.org,Genderfluid,108.86.97.207
865,Ashely,Huby,ahubyo0@mashable.com,Genderqueer,68.249.86.168
866,Sonny,Albery,salberyo1@amazon.de,Agender,81.143.85.48
867,Briny,Kneal,bknealo2@patch.com,Agender,62.88.9.163
868,Carver,Yurov,cyurovo3@fema.gov,Genderfluid,23.213.66.78
869,Collette,Tregear,ctregearo4@imageshack.us,Agender,122.15.180.0
870,Harry,Georgeot,hgeorgeoto5@prnewswire.com,Agender,147.48.155.3
871,Benedicto,Thunderman,bthundermano6@va.gov,Bigender,26.19.26.100
872,Jaquenetta,Theobald,jtheobaldo7@ucoz.ru,Genderqueer,151.35.212.12
873,Stephine,Prendergrass,sprendergrasso8@github.io,Female,96.153.151.216
874,Milt,Nuccii,mnucciio9@chronoengine.com,Agender,209.119.234.69
875,Josephine,Oliveto,jolivetooa@newsvine.com,Non-binary,93.182.221.27
876,Nedi,Kruse,nkruseob@amazon.de,Non-binary,172.68.160.128
877,Vance,Pountney,vpountneyoc@myspace.com,Bigender,119.108.27.189
878,Ivette,Rampton,iramptonod@ihg.com,Bigender,130.66.69.96
879,Pembroke,Zannetti,pzannettioe@wikispaces.com,Bigender,58.240.161.33
880,Aldrich,Lambkin,alambkinof@flavors.me,Bigender,45.90.194.120
881,Thatcher,Stitcher,tstitcherog@posterous.com,Polygender,104.202.246.155
882,Kellyann,Lawee,klaweeoh@npr.org,Non-binary,221.186.70.142
883,Armando,Furtado,afurtadooi@bbb.org,Polygender,101.189.113.86
884,Shoshanna,Sergeant,ssergeantoj@amazon.de,Male,117.92.53.93
885,Cordy,Howen,chowenok@gizmodo.com,Female,111.170.115.168
886,Hernando,Semark,hsemarkol@bandcamp.com,Male,70.8.218.183
887,Claresta,Brighty,cbrightyom@newyorker.com,Genderqueer,86.135.225.133
888,Mildrid,Bixley,mbixleyon@skyrock.com,Non-binary,140.173.54.145
889,Elissa,Firks,efirksoo@google.es,Bigender,170.95.208.5
890,Lucille,Fairlaw,lfairlawop@wix.com,Non-binary,166.67.40.182
891,Millie,Manjot,mmanjotoq@facebook.com,Genderqueer,232.139.248.68
892,Erin,Hurdle,ehurdleor@globo.com,Polygender,113.65.121.93
893,Gannon,Kohnert,gkohnertos@kickstarter.com,Non-binary,229.176.105.104
894,Amargo,Yurevich,ayurevichot@phpbb.com,Bigender,25.79.207.102
895,Edward,Robatham,erobathamou@addtoany.com,Genderqueer,187.202.142.180
896,Marla,Pincked,mpinckedov@uiuc.edu,Genderfluid,169.69.184.49
897,Tadeas,Bindley,tbindleyow@networksolutions.com,Female,18.44.106.202
898,Cherish,Vanyukov,cvanyukovox@xrea.com,Genderfluid,50.165.217.247
899,Ulrika,Emett,uemettoy@mayoclinic.com,Non-binary,6.226.66.99
900,Aubine,Rambadt,arambadtoz@canalblog.com,Genderfluid,77.143.66.19
901,Roosevelt,Lonergan,rlonerganp0@over-blog.com,Genderqueer,223.81.70.30
902,Gertrudis,Wykey,gwykeyp1@npr.org,Female,207.235.184.148
903,Rebeka,Ablewhite,rablewhitep2@accuweather.com,Genderfluid,11.124.13.238
904,Isaiah,Badham,ibadhamp3@archive.org,Female,160.178.10.51
905,Gabriello,Birtwistle,gbirtwistlep4@dmoz.org,Polygender,143.15.89.71
906,Candie,Monini,cmoninip5@hubpages.com,Genderfluid,77.61.116.183
907,Dicky,Durbann,ddurbannp6@eepurl.com,Agender,113.210.115.116
908,Ermengarde,Allin,eallinp7@xrea.com,Bigender,249.161.59.126
909,Madelina,Siggens,msiggensp8@mozilla.org,Agender,68.105.28.189
910,Cody,Cartledge,ccartledgep9@senate.gov,Female,249.88.130.13
911,Brynn,Lind,blindpa@miibeian.gov.cn,Female,106.113.230.10
912,Charo,Dudleston,cdudlestonpb@answers.com,Agender,142.60.193.153
913,Harold,Bradbeer,hbradbeerpc@wikispaces.com,Male,45.183.203.38
914,Aharon,Juanico,ajuanicopd@prlog.org,Female,22.106.18.138
915,Afton,Meco,amecope@home.pl,Male,144.35.205.7
916,Opaline,Dunrige,odunrigepf@symantec.com,Agender,75.64.17.20
917,Lorettalorna,Meek,lmeekpg@jigsy.com,Polygender,139.19.4.226
918,Gaston,Dadswell,gdadswellph@netlog.com,Genderfluid,210.220.233.213
919,Regan,Dyne,rdynepi@smugmug.com,Male,188.39.64.90
920,Toddy,Rennix,trennixpj@goo.ne.jp,Non-binary,188.184.8.225
921,Heath,Wynter,hwynterpk@npr.org,Male,121.89.65.127
922,Lotty,Marrow,lmarrowpl@twitpic.com,Genderqueer,16.172.86.246
923,Aldus,Castanyer,acastanyerpm@chron.com,Bigender,33.61.59.248
924,Hedvig,McLeary,hmclearypn@unicef.org,Male,222.136.167.235
925,Ronald,Yeomans,ryeomanspo@scientificamerican.com,Male,34.233.221.92
926,Janel,Wegenen,jwegenenpp@paypal.com,Female,140.242.253.86
927,Sybila,Piper,spiperpq@umn.edu,Polygender,227.250.182.240
928,Darren,Alp,dalppr@google.es,Female,3.185.100.159
929,Bartlet,Maudson,bmaudsonps@alibaba.com,Polygender,107.138.195.53
930,Carmelina,Paslow,cpaslowpt@disqus.com,Male,107.148.28.146
931,Theobald,Yvens,tyvenspu@diigo.com,Polygender,167.139.228.2
932,Tallie,Stean,tsteanpv@sbwire.com,Female,38.180.93.54
933,Emlynn,Neillans,eneillanspw@vistaprint.com,Bigender,61.244.55.22
934,Heida,Dohmann,hdohmannpx@pbs.org,Bigender,241.102.95.48
935,Yalonda,Duggan,ydugganpy@scribd.com,Agender,36.70.46.87
936,Brenda,MacAndrew,bmacandrewpz@walmart.com,Bigender,244.253.223.130
937,Gwyneth,Warrener,gwarrenerq0@creativecommons.org,Non-binary,88.234.116.179
938,Tallia,Jobern,tjobernq1@mozilla.com,Male,53.12.128.15
939,Gene,Ickov,gickovq2@netvibes.com,Genderfluid,178.214.191.50
940,Goober,Patten,gpattenq3@t-online.de,Genderfluid,232.52.227.93
941,Annalise,Willwood,awillwoodq4@unicef.org,Genderqueer,84.3.113.89
942,Garold,Henrichs,ghenrichsq5@blogtalkradio.com,Non-binary,109.66.121.85
943,Tallia,Roj,trojq6@ebay.co.uk,Genderfluid,194.104.28.39
944,Cheston,Gors,cgorsq7@skyrock.com,Male,15.161.56.105
945,Bealle,Booth,bboothq8@skype.com,Genderqueer,24.104.241.242
946,Halli,Fidilis,hfidilisq9@cbc.ca,Female,109.222.178.132
947,Rita,Minshall,rminshallqa@sphinn.com,Polygender,204.174.92.127
948,Rogers,Hick,rhickqb@yolasite.com,Polygender,106.48.105.231
949,Wilbur,Luberto,wlubertoqc@moonfruit.com,Male,119.135.161.205
950,Halimeda,Readhead,hreadheadqd@jiathis.com,Non-binary,154.99.226.175
951,Sigfrid,Heggie,sheggieqe@google.pl,Genderqueer,116.212.35.248
952,Alphard,Blaxland,ablaxlandqf@washingtonpost.com,Polygender,212.227.242.103
953,Andie,Ewens,aewensqg@livejournal.com,Agender,11.3.16.130
954,Bunny,Peatheyjohns,bpeatheyjohnsqh@shop-pro.jp,Bigender,25.5.171.55
955,Jard,Moynihan,jmoynihanqi@yale.edu,Non-binary,202.93.77.119
956,Basilio,Willoughey,bwillougheyqj@storify.com,Genderfluid,209.194.205.216
957,Kirstin,Blagbrough,kblagbroughqk@icio.us,Genderfluid,184.79.55.234
958,Gertruda,Probey,gprobeyql@elpais.com,Polygender,193.190.194.255
959,Cly,Dickenson,cdickensonqm@bing.com,Bigender,243.144.119.171
960,Edvard,Burgoyne,eburgoyneqn@comsenz.com,Genderfluid,213.170.43.60
961,Lydia,Ludvigsen,lludvigsenqo@paypal.com,Bigender,251.178.124.64
962,Gilligan,Hindmoor,ghindmoorqp@tuttocitta.it,Non-binary,54.94.231.133
963,Mal,Paulin,mpaulinqq@wikimedia.org,Non-binary,207.119.78.149
964,Fallon,Coffey,fcoffeyqr@odnoklassniki.ru,Male,246.251.39.45
965,Reta,Cornillot,rcornillotqs@alibaba.com,Genderfluid,114.180.217.157
966,Elden,Chataignier,echataignierqt@surveymonkey.com,Genderfluid,160.1.128.170
967,Goldie,Torr,gtorrqu@domainmarket.com,Bigender,28.168.6.150
968,Liam,Saladine,lsaladineqv@china.com.cn,Non-binary,92.200.36.58
969,Marcellina,Blakelock,mblakelockqw@netvibes.com,Genderqueer,199.227.184.110
970,Lyon,Mandal,lmandalqx@webeden.co.uk,Genderqueer,155.193.217.9
971,Robinia,Balassi,rbalassiqy@sohu.com,Bigender,34.122.227.243
972,Yuri,Alvaro,yalvaroqz@sohu.com,Non-binary,222.222.229.106
973,Cayla,Adam,cadamr0@vimeo.com,Agender,172.168.226.245
974,Brook,Lovick,blovickr1@pbs.org,Female,245.127.167.255
975,Val,Load,vloadr2@hatena.ne.jp,Non-binary,148.40.1.92
976,Renault,Wyllie,rwyllier3@senate.gov,Non-binary,212.79.234.206
977,Roseann,Kosel,rkoselr4@seattletimes.com,Genderfluid,188.132.244.110
978,Faustina,Leitche,fleitcher5@latimes.com,Genderqueer,181.190.51.16
979,Celine,Filgate,cfilgater6@so-net.ne.jp,Female,110.255.246.163
980,Burl,Laite,blaiter7@geocities.jp,Non-binary,117.31.35.116
981,Sutherlan,Cairney,scairneyr8@paypal.com,Male,129.30.63.108
982,Dorey,Woltering,dwolteringr9@tmall.com,Genderfluid,107.35.88.217
983,Miguel,Rishman,mrishmanra@flickr.com,Genderqueer,95.216.237.19
984,Giusto,Stripp,gstripprb@sun.com,Non-binary,141.62.45.33
985,Maurine,Carmichael,mcarmichaelrc@nba.com,Non-binary,122.134.53.37
986,Janela,Colter,jcolterrd@cmu.edu,Agender,89.6.73.28
987,Tonie,Deans,tdeansre@squarespace.com,Male,141.81.10.244
988,Eunice,Cutforth,ecutforthrf@freewebs.com,Female,227.234.217.90
989,Melisenda,Canny,mcannyrg@pinterest.com,Genderfluid,255.174.22.53
990,Lawry,Borlease,lborleaserh@yahoo.com,Agender,4.166.149.142
991,Clint,Rasp,craspri@usatoday.com,Agender,143.246.86.126
992,Kakalina,Howroyd,khowroydrj@about.me,Bigender,34.145.68.6
993,Onfroi,Halvorsen,ohalvorsenrk@themeforest.net,Bigender,192.107.26.116
994,Amabel,Scholcroft,ascholcroftrl@vinaora.com,Genderqueer,25.250.233.126
995,Flynn,Breit,fbreitrm@linkedin.com,Male,26.202.146.46
996,Betti,Eddicott,beddicottrn@npr.org,Polygender,22.218.83.32
997,Jacintha,Rawdales,jrawdalesro@wiley.com,Male,38.179.195.140
998,Orbadiah,Howford,ohowfordrp@intel.com,Genderqueer,195.224.35.1
999,Germain,Klimuk,gklimukrq@smh.com.au,Male,151.144.134.63
1000,Joelynn,Claricoates,jclaricoatesrr@huffingtonpost.com,Female,32.172.38.9
